version 2
JvmtiExport can_access_local_variables 0
JvmtiExport can_hotswap_or_post_breakpoint 1
JvmtiExport can_post_on_exceptions 0
# 206 ciObject found
instanceKlass javax/swing/GroupLayout$Group
ciInstanceKlass java/lang/Cloneable 1 0 7 100 1 100 1 1 1
# instanceKlass java/lang/invoke/LambdaForm$DMH+0x0000027a15412000
# instanceKlass java/lang/invoke/LambdaForm$DMH+0x0000027a15411c00
# instanceKlass java/lang/invoke/LambdaForm$DMH+0x0000027a15411800
# instanceKlass java/lang/invoke/LambdaForm$DMH+0x0000027a15411400
# instanceKlass java/lang/invoke/LambdaForm$MH+0x0000027a15411000
# instanceKlass java/lang/invoke/LambdaForm$DMH+0x0000027a15410400
# instanceKlass java/lang/invoke/LambdaForm$DMH+0x0000027a15410000
instanceKlass net/sf/jasperreports/engine/fonts/FontInfo
# instanceKlass java/lang/invoke/LambdaForm$DMH+0x0000027a1540b400
# instanceKlass java/lang/invoke/LambdaForm$DMH+0x0000027a1540b000
# instanceKlass java/lang/invoke/LambdaForm$DMH+0x0000027a1540ac00
# instanceKlass java/lang/invoke/LambdaForm$DMH+0x0000027a1540a800
# instanceKlass java/lang/invoke/LambdaForm$DMH+0x0000027a1540a400
# instanceKlass java/lang/invoke/LambdaForm$DMH+0x0000027a1540a000
# instanceKlass java/lang/invoke/LambdaForm$DMH+0x0000027a15409c00
# instanceKlass java/lang/invoke/LambdaForm$MH+0x0000027a15409800
# instanceKlass java/lang/invoke/LambdaForm$DMH+0x0000027a15409400
# instanceKlass java/lang/invoke/LambdaForm$MH+0x0000027a15409000
# instanceKlass java/lang/invoke/LambdaForm$DMH+0x0000027a15408c00
# instanceKlass java/lang/invoke/LambdaForm$DMH+0x0000027a15408800
# instanceKlass java/lang/invoke/LambdaForm$DMH+0x0000027a15408400
instanceKlass net/sf/jasperreports/engine/util/ResourceBundleMessageProvider
instanceKlass net/sf/jasperreports/engine/util/MessageUtil
# instanceKlass java/lang/invoke/LambdaForm$DMH+0x0000027a15408000
instanceKlass net/sf/jasperreports/engine/JRLine
# instanceKlass java/lang/invoke/LambdaForm$MH+0x0000027a15406c00
# instanceKlass java/lang/invoke/LambdaForm$DMH+0x0000027a15406800
# instanceKlass java/lang/invoke/LambdaForm$DMH+0x0000027a15406400
# instanceKlass java/lang/invoke/LambdaForm$DMH+0x0000027a15406000
# instanceKlass java/lang/invoke/LambdaForm$DMH+0x0000027a15405c00
# instanceKlass java/lang/invoke/LambdaForm$DMH+0x0000027a15405800
# instanceKlass java/lang/invoke/LambdaForm$DMH+0x0000027a15405400
# instanceKlass java/lang/invoke/LambdaForm$DMH+0x0000027a15405000
instanceKlass java/awt/font/NumericShaper
# instanceKlass java/lang/invoke/LambdaForm$MH+0x0000027a15404c00
# instanceKlass java/lang/invoke/LambdaForm$MH+0x0000027a15404800
# instanceKlass java/lang/invoke/LambdaForm$MH+0x0000027a15404400
# instanceKlass java/lang/invoke/LambdaForm$MH+0x0000027a15404000
# instanceKlass java/lang/invoke/LambdaForm$MH+0x0000027a15403c00
# instanceKlass java/lang/invoke/LambdaForm$MH+0x0000027a15403800
# instanceKlass java/lang/invoke/LambdaForm$MH+0x0000027a15403400
# instanceKlass java/lang/invoke/LambdaForm$MH+0x0000027a15403000
# instanceKlass java/lang/invoke/LambdaForm$MH+0x0000027a15402c00
# instanceKlass java/lang/invoke/LambdaForm$MH+0x0000027a15402800
# instanceKlass java/lang/invoke/LambdaForm$MH+0x0000027a15402400
# instanceKlass java/lang/invoke/LambdaForm$MH+0x0000027a15402000
# instanceKlass java/lang/invoke/LambdaForm$DMH+0x0000027a15401c00
# instanceKlass java/lang/invoke/LambdaForm$MH+0x0000027a15401800
# instanceKlass java/lang/invoke/LambdaForm$MH+0x0000027a15401400
# instanceKlass java/lang/invoke/LambdaForm$MH+0x0000027a15401000
instanceKlass  @bci javax/swing/border/LineBorder paintBorder (Ljava/awt/Component;Ljava/awt/Graphics;IIII)V 10 <appendix> member <vmtarget> ; # javax/swing/border/LineBorder$$Lambda+0x0000027a15440208
instanceKlass net/sf/jasperreports/renderers/WrappingImageDataToGraphics2DRenderer$1
instanceKlass java/awt/image/ColorConvertOp
instanceKlass java/awt/image/RasterOp
instanceKlass java/awt/image/BufferedImageOp
instanceKlass com/sun/imageio/plugins/jpeg/ImageTypeIterator
instanceKlass com/sun/imageio/plugins/jpeg/ImageTypeProducer
instanceKlass sun/java2d/cmm/lcms/LCMSTransform$NativeTransform
instanceKlass sun/java2d/cmm/lcms/LCMSImageLayout
instanceKlass sun/java2d/cmm/lcms/LCMSTransform
instanceKlass sun/java2d/cmm/ColorTransform
instanceKlass com/sun/imageio/plugins/jpeg/JPEGImageReader$JPEGReaderDisposerRecord
instanceKlass com/sun/imageio/plugins/jpeg/JPEGImageReader$CallBackLock
instanceKlass javax/imageio/plugins/jpeg/JPEGHuffmanTable
instanceKlass javax/imageio/plugins/jpeg/JPEGQTable
instanceKlass net/sf/jasperreports/engine/util/JRAbstractImageEncoder
instanceKlass net/sf/jasperreports/engine/util/JRJdk14ImageReader
instanceKlass net/sf/jasperreports/engine/util/JRImageEncoder
instanceKlass net/sf/jasperreports/engine/util/JRImageReader
instanceKlass net/sf/jasperreports/engine/util/JRImageLoader
instanceKlass net/sf/jasperreports/engine/export/draw/ImageDrawer$1
instanceKlass net/sf/jasperreports/engine/export/draw/ImageDrawer$InternalImageDrawer
# instanceKlass java/lang/invoke/LambdaForm$DMH+0x0000027a15400c00
# instanceKlass java/lang/invoke/LambdaForm$MH+0x0000027a15400800
# instanceKlass java/lang/invoke/LambdaForm$DMH+0x0000027a15400400
# instanceKlass java/lang/invoke/LambdaForm$MH+0x0000027a15400000
instanceKlass net/sf/jasperreports/engine/util/JRPenUtil$1
instanceKlass net/sf/jasperreports/engine/util/JRPenUtil
instanceKlass net/sf/jasperreports/engine/export/AbstractTextRenderer$TabSegment
instanceKlass java/awt/font/TextLayout$CaretPolicy
instanceKlass java/awt/font/TextLayout
instanceKlass java/awt/font/TextLine$TextLineMetrics
instanceKlass sun/font/Underline
instanceKlass net/sf/jasperreports/engine/export/draw/TextDrawer$1
instanceKlass net/sf/jasperreports/engine/JRGenericPrintElement
instanceKlass net/sf/jasperreports/engine/export/draw/Offset
instanceKlass net/sf/jasperreports/engine/JRAbstractExporter$PageRange
instanceKlass net/sf/jasperreports/engine/export/draw/ElementDrawer
instanceKlass net/sf/jasperreports/engine/export/draw/PrintDrawVisitor
instanceKlass net/sf/jasperreports/export/SimpleGraphics2DExporterOutput
instanceKlass net/sf/jasperreports/export/Graphics2DExporterOutput
instanceKlass net/sf/jasperreports/export/SimpleCommonExportConfiguration
instanceKlass net/sf/jasperreports/export/Graphics2DReportConfiguration
instanceKlass net/sf/jasperreports/engine/export/JRGraphics2DExporterContext
instanceKlass java/text/ParsePosition
instanceKlass net/sf/jasperreports/engine/base/StandardPrintParts
instanceKlass net/sf/jasperreports/engine/util/PartsUtil
instanceKlass net/sf/jasperreports/swing/JRViewerPanel$4
instanceKlass net/sf/jasperreports/swing/JRViewerPanel$2
instanceKlass net/sf/jasperreports/view/save/JREmbeddedImagesXmlSaveContributor$Factory
instanceKlass net/sf/jasperreports/view/save/JRXmlSaveContributor$Factory
instanceKlass net/sf/jasperreports/view/save/JRCsvSaveContributor$Factory
instanceKlass net/sf/jasperreports/view/save/JRHtmlSaveContributor$Factory
instanceKlass net/sf/jasperreports/view/save/JRMultipleSheetsXlsxSaveContributor$Factory
instanceKlass net/sf/jasperreports/view/save/JRSingleSheetXlsxSaveContributor$Factory
instanceKlass net/sf/jasperreports/view/save/JRPptxSaveContributor$Factory
instanceKlass net/sf/jasperreports/view/save/JRDocxSaveContributor$Factory
instanceKlass net/sf/jasperreports/view/save/JROdsSaveContributor$Factory
instanceKlass net/sf/jasperreports/view/save/JROdtSaveContributor$Factory
instanceKlass net/sf/jasperreports/view/save/JRRtfSaveContributor$Factory
instanceKlass net/sf/jasperreports/view/save/JRPrintSaveContributor$Factory
instanceKlass net/sf/jasperreports/pdf/view/save/JRPdfSaveContributor$Factory
instanceKlass net/sf/jasperreports/view/SaveContributorFactory
instanceKlass net/sf/jasperreports/view/SaveContributorUtils
instanceKlass net/sf/jasperreports/swing/JRViewerToolbar$15
instanceKlass net/sf/jasperreports/swing/JRViewerToolbar$14
instanceKlass net/sf/jasperreports/swing/JRViewerToolbar$13
instanceKlass net/sf/jasperreports/swing/JRViewerToolbar$12
instanceKlass net/sf/jasperreports/swing/JRViewerToolbar$11
instanceKlass net/sf/jasperreports/swing/JRViewerToolbar$10
instanceKlass net/sf/jasperreports/swing/JRViewerToolbar$9
instanceKlass net/sf/jasperreports/swing/JRViewerToolbar$8
instanceKlass net/sf/jasperreports/swing/JRViewerToolbar$7
instanceKlass net/sf/jasperreports/swing/JRViewerToolbar$6
instanceKlass net/sf/jasperreports/swing/JRViewerToolbar$5
instanceKlass net/sf/jasperreports/swing/JRViewerToolbar$4
instanceKlass net/sf/jasperreports/swing/JRViewerToolbar$3
instanceKlass net/sf/jasperreports/swing/JRViewerToolbar$2
instanceKlass net/sf/jasperreports/swing/JRViewerToolbar$1
instanceKlass javax/swing/filechooser/FileFilter
instanceKlass net/sf/jasperreports/swing/JRViewerController
instanceKlass net/sf/jasperreports/view/JRHyperlinkListener
instanceKlass net/sf/jasperreports/swing/JRViewerListener
instanceKlass com/lowagie/text/pdf/PdfEncryption
instanceKlass com/lowagie/text/pdf/TrueTypeFont$WindowsMetrics
instanceKlass com/lowagie/text/pdf/TrueTypeFont$HorizontalHeader
instanceKlass com/lowagie/text/pdf/TrueTypeFont$FontHeader
instanceKlass  @bci java/util/stream/MatchOps makeInt (Ljava/util/function/IntPredicate;Ljava/util/stream/MatchOps$MatchKind;)Ljava/util/stream/TerminalOp; 20 <appendix> member <vmtarget> ; # java/util/stream/MatchOps$$Lambda+0x0000027a1537f098
instanceKlass  @bci com/lowagie/text/pdf/PdfChunk <init> (Lcom/lowagie/text/Chunk;Lcom/lowagie/text/pdf/PdfAction;)V 117 <appendix> argL0 ; # com/lowagie/text/pdf/PdfChunk$$Lambda+0x0000027a153e7d78
instanceKlass java/util/function/IntPredicate
instanceKlass java/lang/StringUTF16$CharsSpliterator
instanceKlass net/sf/jasperreports/engine/export/HyperlinkUtil
instanceKlass sun/awt/image/OffScreenImageSource
instanceKlass java/awt/image/PixelGrabber
instanceKlass com/sun/imageio/plugins/png/PNGImageDataEnumeration
instanceKlass javax/imageio/IIOParam
instanceKlass javax/imageio/metadata/IIOMetadata
instanceKlass javax/imageio/ImageIO$ImageReaderIterator
instanceKlass com/sun/imageio/plugins/common/ReaderUtil
instanceKlass javax/imageio/spi/FilterIterator
instanceKlass javax/imageio/ImageIO$CanDecodeInputFilter
instanceKlass javax/imageio/spi/ServiceRegistry$Filter
instanceKlass javax/imageio/stream/FileCacheImageInputStream$StreamDisposerRecord
instanceKlass com/sun/imageio/stream/StreamCloser$1
instanceKlass com/sun/imageio/stream/StreamCloser$CloseAction
instanceKlass com/sun/imageio/stream/StreamCloser
instanceKlass javax/imageio/stream/ImageInputStreamImpl
instanceKlass javax/imageio/ImageIO$CacheInfo
instanceKlass javax/imageio/spi/PartialOrderIterator
instanceKlass javax/imageio/ImageTypeSpecifier
instanceKlass javax/imageio/ImageWriter
instanceKlass javax/imageio/ImageTranscoder
instanceKlass javax/imageio/metadata/IIOMetadataFormat
instanceKlass javax/imageio/ImageReader
instanceKlass com/sun/imageio/plugins/jpeg/JPEG
instanceKlass javax/imageio/stream/ImageOutputStream
instanceKlass javax/imageio/spi/DigraphNode
instanceKlass javax/imageio/stream/ImageInputStream
instanceKlass javax/imageio/spi/SubRegistry
instanceKlass javax/imageio/spi/IIOServiceProvider
instanceKlass javax/imageio/spi/RegisterableService
instanceKlass javax/imageio/spi/ServiceRegistry
instanceKlass javax/imageio/ImageIO
instanceKlass net/sf/jasperreports/pdf/JRPdfExporter$InternalImageProcessorResult
instanceKlass net/sf/jasperreports/engine/util/ImageUtil$1
instanceKlass net/sf/jasperreports/engine/util/ImageUtil
instanceKlass net/sf/jasperreports/pdf/classic/ClassicImage
instanceKlass com/lowagie/text/pdf/PdfIndirectObject
instanceKlass java/util/zip/Deflater$DeflaterZStreamRef
instanceKlass java/util/zip/Deflater
instanceKlass com/lowagie/text/pdf/PdfReader
instanceKlass  @bci sun/java2d/cmm/lcms/LCMSProfile getTag (I)[B 40 <appendix> member <vmtarget> ; # sun/java2d/cmm/lcms/LCMSProfile$$Lambda+0x0000027a15375270
instanceKlass java/util/concurrent/locks/StampedLock
instanceKlass sun/java2d/cmm/lcms/LCMS
instanceKlass sun/java2d/cmm/PCMM
instanceKlass sun/java2d/cmm/CMMServiceProvider
instanceKlass sun/java2d/cmm/CMSManager
instanceKlass sun/java2d/cmm/ProfileDataVerifier
instanceKlass com/lowagie/text/ImageLoader
instanceKlass net/sf/jasperreports/engine/util/JRTypeSniffer
instanceKlass net/sf/jasperreports/renderers/DimensionRenderable
instanceKlass net/sf/jasperreports/renderers/Graphics2DRenderable
instanceKlass net/sf/jasperreports/pdf/JRPdfExporter$InternalImageProcessor
instanceKlass com/lowagie/text/Utilities
instanceKlass jdk/internal/icu/text/BidiLine
instanceKlass com/lowagie/text/pdf/ArabicLigaturizer
instanceKlass com/lowagie/text/RtfElementInterface
instanceKlass net/sf/jasperreports/engine/JRHyperlinkHelper
instanceKlass net/sf/jasperreports/pdf/JRPdfExporter$3
instanceKlass net/sf/jasperreports/pdf/AbstractPdfTextRenderer$1
instanceKlass net/sf/jasperreports/pdf/JRPdfExporter$2
instanceKlass net/sf/jasperreports/engine/JRPrintEllipse
instanceKlass net/sf/jasperreports/engine/JRPrintLine
instanceKlass com/lowagie/text/pdf/LayoutProcessor
instanceKlass com/lowagie/text/pdf/FontDetails
instanceKlass com/lowagie/text/pdf/DefaultSplitCharacter
instanceKlass com/lowagie/text/pdf/PdfFont
instanceKlass com/lowagie/text/pdf/PdfChunk
instanceKlass com/lowagie/text/pdf/BidiLine
instanceKlass net/sf/jasperreports/pdf/classic/ClassicPhrase$1
instanceKlass net/sf/jasperreports/pdf/classic/ClassicPdfUtils$1
instanceKlass com/lowagie/text/pdf/ColumnText
instanceKlass net/sf/jasperreports/pdf/classic/ClassicPhrase
instanceKlass net/sf/jasperreports/pdf/classic/ClassicChunk
instanceKlass com/lowagie/text/Chunk
instanceKlass com/lowagie/text/pdf/GlyphList
instanceKlass com/lowagie/text/pdf/RandomAccessFileOrArray
instanceKlass com/lowagie/text/pdf/fonts/FontsResourceAnchor
instanceKlass com/lowagie/text/Font
instanceKlass com/lowagie/text/FontFactoryImp
instanceKlass com/lowagie/text/FontProvider
instanceKlass com/lowagie/text/FontFactory
instanceKlass net/sf/jasperreports/pdf/classic/ClassicPdfUtils
instanceKlass net/sf/jasperreports/pdf/common/PdfFontStyle
instanceKlass net/sf/jasperreports/engine/base/JRBaseFont
instanceKlass net/sf/jasperreports/pdf/classic/ClassicFontRecipient
instanceKlass net/sf/jasperreports/engine/base/JRBasePrintElement
instanceKlass net/sf/jasperreports/pdf/classic/ClassicPdfContent$1
instanceKlass java/lang/Character$Subset
instanceKlass net/sf/jasperreports/engine/export/ExporterFilterContainer
instanceKlass net/sf/jasperreports/engine/export/MatcherExporterFilter
instanceKlass net/sf/jasperreports/engine/export/JROriginExporterFilter
instanceKlass net/sf/jasperreports/engine/export/ResetableExporterFilter
instanceKlass net/sf/jasperreports/engine/export/ElementPropertyExporterFilter
instanceKlass net/sf/jasperreports/engine/export/ElementKeyExporterFilterFactory
instanceKlass net/sf/jasperreports/engine/export/MatcherExporterFilterFactory
instanceKlass net/sf/jasperreports/engine/export/JROriginExporterFilterFactory
instanceKlass net/sf/jasperreports/engine/export/ElementPropertyExporterFilterFactory
instanceKlass net/sf/jasperreports/engine/export/DefaultExporterFilterFactory
instanceKlass net/sf/jasperreports/engine/export/ExporterFilterFactory
instanceKlass net/sf/jasperreports/engine/export/ExporterFilterFactoryUtil
instanceKlass net/sf/jasperreports/engine/export/ExporterFilter
instanceKlass net/sf/jasperreports/engine/export/JRExportProgressMonitor
instanceKlass net/sf/jasperreports/pdf/PdfReportConfiguration
instanceKlass net/sf/jasperreports/export/ReportExportConfiguration
instanceKlass net/sf/jasperreports/pdf/classic/ClassicPdfOutline
instanceKlass net/sf/jasperreports/pdf/JRPdfExporter$Bookmark
instanceKlass net/sf/jasperreports/pdf/JRPdfExporter$BookmarkStack
instanceKlass net/sf/jasperreports/pdf/classic/ClassicPdfContent
instanceKlass com/lowagie/text/LargeElement
instanceKlass com/lowagie/text/TextElementArray
instanceKlass net/sf/jasperreports/pdf/common/PdfStructureEntry
instanceKlass net/sf/jasperreports/pdf/classic/ClassicPdfStructure
instanceKlass net/sf/jasperreports/pdf/classic/ClassicPdfWriter
instanceKlass com/lowagie/text/pdf/PdfLine
instanceKlass com/lowagie/text/pdf/PageResources
instanceKlass com/lowagie/text/pdf/PdfWriter$PdfBody$PdfCrossReference
instanceKlass com/lowagie/text/pdf/PdfWriter$PdfBody
instanceKlass com/lowagie/text/pdf/internal/PdfAnnotationsImp
instanceKlass com/lowagie/text/pdf/PdfContentByte$GraphicState
instanceKlass com/lowagie/text/pdf/internal/PdfXConformanceImp
instanceKlass com/lowagie/text/pdf/internal/PdfVersionImp
instanceKlass com/lowagie/text/pdf/PdfPages
instanceKlass sun/util/locale/provider/TimeZoneNameUtility$TimeZoneNameGetter
instanceKlass sun/util/locale/provider/TimeZoneNameUtility
instanceKlass com/lowagie/text/Meta
instanceKlass com/lowagie/text/pdf/internal/PdfViewerPreferencesImp
instanceKlass com/lowagie/text/pdf/PdfDocument$Indentation
instanceKlass com/lowagie/text/PageSize
instanceKlass com/lowagie/text/pdf/PdfEncodings$Cp437Conversion
instanceKlass com/lowagie/text/pdf/PdfEncodings$SymbolTTConversion
instanceKlass com/lowagie/text/pdf/PdfEncodings$SymbolConversion
instanceKlass com/lowagie/text/pdf/PdfEncodings$WingdingsConversion
instanceKlass com/lowagie/text/pdf/IntHashtable$Entry
instanceKlass com/lowagie/text/pdf/IntHashtable
instanceKlass com/lowagie/text/pdf/ExtraEncoding
instanceKlass com/lowagie/text/pdf/PdfEncodings
# instanceKlass java/lang/invoke/LambdaForm$MH+0x0000027a153cc000
instanceKlass com/lowagie/text/pdf/PdfPageEvent
instanceKlass net/sf/jasperreports/pdf/classic/ClassicDocument
instanceKlass com/lowagie/text/pdf/FopGlyphProcessor
instanceKlass com/lowagie/text/TextRenderingOptions
instanceKlass net/sf/jasperreports/engine/JasperPrint$DefaultPrintPageFormat
instanceKlass com/lowagie/text/Document
instanceKlass com/lowagie/text/pdf/PdfShading
instanceKlass com/lowagie/text/pdf/PdfSpotColor
instanceKlass java/awt/print/PrinterJob
instanceKlass com/lowagie/text/pdf/BaseFont
instanceKlass com/lowagie/text/pdf/PdfTextArray
instanceKlass com/lowagie/text/DocWriter
instanceKlass com/lowagie/text/DocListener
instanceKlass com/lowagie/text/ElementListener
instanceKlass com/lowagie/text/pdf/interfaces/PdfAnnotations
instanceKlass com/lowagie/text/pdf/interfaces/PdfRunDirection
instanceKlass com/lowagie/text/pdf/interfaces/PdfXConformance
instanceKlass com/lowagie/text/pdf/interfaces/PdfPageActions
instanceKlass com/lowagie/text/pdf/interfaces/PdfDocumentActions
instanceKlass com/lowagie/text/pdf/interfaces/PdfVersion
instanceKlass com/lowagie/text/pdf/interfaces/PdfEncryptionSettings
instanceKlass com/lowagie/text/pdf/interfaces/PdfViewerPreferences
instanceKlass com/lowagie/text/pdf/PdfOCG
instanceKlass com/lowagie/text/pdf/PdfContentByte
instanceKlass net/sf/jasperreports/pdf/classic/GlyphRendering
instanceKlass net/sf/jasperreports/pdf/common/PdfOutlineEntry
instanceKlass net/sf/jasperreports/pdf/common/PdfRadioCheck
instanceKlass net/sf/jasperreports/pdf/common/PdfContent
instanceKlass net/sf/jasperreports/pdf/common/PdfPhrase
instanceKlass com/lowagie/text/SplitCharacter
instanceKlass net/sf/jasperreports/pdf/common/PdfDocumentWriter
instanceKlass net/sf/jasperreports/pdf/common/PdfDocument
instanceKlass com/lowagie/text/pdf/PdfObject
instanceKlass net/sf/jasperreports/pdf/common/PdfStructure
instanceKlass com/lowagie/text/Rectangle
instanceKlass com/lowagie/text/Element
instanceKlass com/lowagie/text/pdf/FontMapper
instanceKlass net/sf/jasperreports/pdf/common/PdfTextChunk
instanceKlass net/sf/jasperreports/pdf/common/PdfTextField
instanceKlass net/sf/jasperreports/pdf/common/PdfField
instanceKlass net/sf/jasperreports/pdf/common/PdfImage
instanceKlass net/sf/jasperreports/pdf/common/FontRecipient
instanceKlass net/sf/jasperreports/pdf/classic/ClassicPdfProducer
instanceKlass net/sf/jasperreports/pdf/JRPdfExporter$1
instanceKlass net/sf/jasperreports/pdf/common/PdfProducer
instanceKlass net/sf/jasperreports/pdf/classic/ClassicPdfProducerFactory
instanceKlass java/lang/annotation/Target
instanceKlass sun/reflect/annotation/AnnotationInvocationHandler
instanceKlass java/lang/annotation/Inherited
instanceKlass java/lang/annotation/Retention
instanceKlass sun/reflect/annotation/ExceptionProxy
instanceKlass sun/reflect/annotation/AnnotationType
instanceKlass java/lang/reflect/GenericArrayType
instanceKlass sun/reflect/generics/visitor/Reifier
instanceKlass sun/reflect/generics/visitor/TypeTreeVisitor
instanceKlass sun/reflect/generics/factory/CoreReflectionFactory
instanceKlass sun/reflect/generics/factory/GenericsFactory
instanceKlass sun/reflect/generics/scope/AbstractScope
instanceKlass sun/reflect/generics/scope/Scope
instanceKlass sun/reflect/generics/tree/ClassTypeSignature
instanceKlass sun/reflect/generics/tree/SimpleClassTypeSignature
instanceKlass sun/reflect/generics/tree/FieldTypeSignature
instanceKlass sun/reflect/generics/tree/BaseType
instanceKlass sun/reflect/generics/tree/TypeSignature
instanceKlass sun/reflect/generics/tree/ReturnType
instanceKlass sun/reflect/generics/tree/TypeArgument
instanceKlass sun/reflect/generics/tree/TypeTree
instanceKlass sun/reflect/generics/tree/Tree
instanceKlass sun/reflect/generics/parser/SignatureParser
instanceKlass net/sf/jasperreports/export/annotations/ExporterProperty
instanceKlass net/sf/jasperreports/export/CompositeExporterConfigurationFactory$DelegateInvocationHandler
instanceKlass net/sf/jasperreports/export/CompositeExporterConfigurationFactory
instanceKlass net/sf/jasperreports/export/PropertiesNoDefaultsConfigurationFactory$PropertiesInvocationHandler
instanceKlass net/sf/jasperreports/export/PropertiesNoDefaultsConfigurationFactory
instanceKlass jdk/internal/classfile/impl/StackMapDecoder$1
instanceKlass jdk/internal/classfile/impl/StackMapDecoder
instanceKlass jdk/internal/classfile/impl/StackCounter
instanceKlass  @bci java/lang/reflect/ProxyGenerator lambda$generateLookupAccessor$0 (Ljava/lang/classfile/MethodBuilder;)V 30 <appendix> member <vmtarget> ; # java/lang/reflect/ProxyGenerator$$Lambda+0x0000027a1536f1c8
instanceKlass  @bci java/lang/reflect/ProxyGenerator generateLookupAccessor (Ljava/lang/classfile/ClassBuilder;)V 10 <appendix> member <vmtarget> ; # java/lang/reflect/ProxyGenerator$$Lambda+0x0000027a1536ef80
instanceKlass  @bci java/lang/reflect/ProxyGenerator generateStaticInitializer (Ljava/lang/classfile/ClassBuilder;)V 10 <appendix> member <vmtarget> ; # java/lang/reflect/ProxyGenerator$$Lambda+0x0000027a1536ed38
instanceKlass java/lang/classfile/attribute/StackMapTableAttribute
instanceKlass java/lang/classfile/attribute/StackMapFrameInfo
instanceKlass  @bci java/lang/reflect/ProxyGenerator$ProxyMethod lambda$generateMethod$0 (Ljava/lang/classfile/MethodBuilder;)V 30 <appendix> member <vmtarget> ; # java/lang/reflect/ProxyGenerator$ProxyMethod$$Lambda+0x0000027a1536e188
instanceKlass  @bci java/lang/reflect/ProxyGenerator$ProxyMethod generateMethod (Ljava/lang/classfile/ClassBuilder;)V 42 <appendix> member <vmtarget> ; # java/lang/reflect/ProxyGenerator$ProxyMethod$$Lambda+0x0000027a1536df40
instanceKlass  @bci java/lang/reflect/ProxyGenerator generateConstructor (Ljava/lang/classfile/ClassBuilder;)V 8 <appendix> member <vmtarget> ; # java/lang/reflect/ProxyGenerator$$Lambda+0x0000027a1536dcf8
instanceKlass  @bci java/lang/reflect/ProxyGenerator generateClassFile ()[B 197 <appendix> member <vmtarget> ; # java/lang/reflect/ProxyGenerator$$Lambda+0x0000027a1536dab0
instanceKlass  @bci java/lang/reflect/ProxyGenerator proxyMethodsFor (Ljava/lang/String;)Ljava/util/List; 5 <appendix> argL0 ; # java/lang/reflect/ProxyGenerator$$Lambda+0x0000027a1536d860
instanceKlass java/lang/reflect/ProxyGenerator$ProxyMethod
instanceKlass java/lang/classfile/attribute/StackMapFrameInfo$ObjectVerificationTypeInfo
instanceKlass java/lang/classfile/attribute/StackMapFrameInfo$VerificationTypeInfo
instanceKlass java/lang/classfile/ClassFile$Option
instanceKlass java/lang/reflect/ProxyGenerator
instanceKlass  @bci java/lang/WeakPairMap computeIfAbsent (Ljava/lang/Object;Ljava/lang/Object;Ljava/util/function/BiFunction;)Ljava/lang/Object; 18 <appendix> member <vmtarget> ; # java/lang/WeakPairMap$$Lambda+0x0000027a1536c6d8
instanceKlass  @bci java/lang/Module implAddExportsOrOpens (Ljava/lang/String;Ljava/lang/Module;ZZ)V 145 <appendix> argL0 ; # java/lang/Module$$Lambda+0x0000027a1536c498
instanceKlass  @bci java/lang/module/ModuleDescriptor$Builder packages (Ljava/util/Set;)Ljava/lang/module/ModuleDescriptor$Builder; 17 <appendix> argL0 ; # java/lang/module/ModuleDescriptor$Builder$$Lambda+0x80000000f
instanceKlass java/lang/module/ModuleDescriptor$Builder
instanceKlass  @bci java/lang/reflect/Proxy$ProxyBuilder getDynamicModule (Ljava/lang/ClassLoader;)Ljava/lang/Module; 4 <appendix> argL0 ; # java/lang/reflect/Proxy$ProxyBuilder$$Lambda+0x0000027a1536bd50
instanceKlass java/lang/PublicMethods
instanceKlass java/lang/reflect/Proxy$ProxyBuilder
instanceKlass  @bci java/lang/reflect/Proxy getProxyConstructor (Ljava/lang/ClassLoader;[Ljava/lang/Class;)Ljava/lang/reflect/Constructor; 18 <appendix> argL0 ; # java/lang/reflect/Proxy$$Lambda+0x0000027a1536b478
instanceKlass net/sf/jasperreports/export/PropertiesDefaultsConfigurationFactory$PropertiesDefaultsInvocationHandler
instanceKlass net/sf/jasperreports/pdf/PdfExporterConfiguration
instanceKlass net/sf/jasperreports/export/ExporterConfiguration
instanceKlass net/sf/jasperreports/export/PropertiesDefaultsConfigurationFactory
instanceKlass net/sf/jasperreports/export/SimpleOutputStreamExporterOutput
instanceKlass net/sf/jasperreports/export/OutputStreamExporterOutput
instanceKlass net/sf/jasperreports/export/SimpleExporterInputItem
instanceKlass net/sf/jasperreports/export/ExporterInputItem
instanceKlass net/sf/jasperreports/export/SimpleExporterInput
instanceKlass net/sf/jasperreports/engine/JRAbstractExporter$BaseExporterContext
instanceKlass net/sf/jasperreports/pdf/JRPdfExporterContext
instanceKlass net/sf/jasperreports/pdf/JRPdfExporterTagHelper
instanceKlass net/sf/jasperreports/pdf/common/PdfProducerFactory
instanceKlass net/sf/jasperreports/pdf/common/PdfProducerContext
instanceKlass net/sf/jasperreports/pdf/common/PdfTextRendererContext
instanceKlass net/sf/jasperreports/pdf/common/PdfChunk
instanceKlass net/sf/jasperreports/engine/export/JRExporterContext
instanceKlass net/sf/jasperreports/engine/export/data/TextValue
instanceKlass net/sf/jasperreports/engine/export/JRHyperlinkProducerFactory
instanceKlass net/sf/jasperreports/export/CommonExportConfiguration
instanceKlass net/sf/jasperreports/engine/JRAbstractExporter
instanceKlass net/sf/jasperreports/export/Exporter
instanceKlass net/sf/jasperreports/export/ExporterOutput
instanceKlass net/sf/jasperreports/export/ExporterInput
instanceKlass net/sf/jasperreports/engine/JasperExportManager
instanceKlass net/sf/jasperreports/engine/fill/StandardBoundActionExecutionContext
instanceKlass jdk/internal/util/HexDigits
instanceKlass net/sf/jasperreports/components/subreport/fill/SubreportFillComponent$1
instanceKlass net/sf/jasperreports/engine/component/StretchableFillComponent
instanceKlass net/sf/jasperreports/engine/component/FillPrepareResult
instanceKlass net/sf/jasperreports/engine/fill/JRSubreportRunResult
instanceKlass net/sf/jasperreports/engine/fill/JRBaseFiller$3
instanceKlass net/sf/jasperreports/engine/fill/JRYXComparator
instanceKlass  @bci net/sf/jasperreports/engine/fill/JRBaseFiller fillBand (Lnet/sf/jasperreports/engine/fill/JRPrintBand;)V 30 <appendix> member <vmtarget> ; # net/sf/jasperreports/engine/fill/JRBaseFiller$$Lambda+0x0000027a153b4d58
instanceKlass net/sf/jasperreports/engine/fill/OffsetElements
instanceKlass net/sf/jasperreports/repo/ReportCompiler
instanceKlass net/sf/jasperreports/repo/JasperDesignCache
instanceKlass net/sf/jasperreports/crosstabs/JRCrosstabGroup
instanceKlass net/sf/jasperreports/engine/design/JRVerifier
instanceKlass net/sf/jasperreports/engine/fill/JRSubreportRunnable
instanceKlass net/sf/jasperreports/engine/fill/ThreadPoolSubreportRunnerFactory$ExecutorServiceDisposable
instanceKlass net/sf/jasperreports/engine/fill/JRFillContext$FillCacheDisposable
instanceKlass java/util/concurrent/LinkedTransferQueue$DualNode
instanceKlass java/util/concurrent/TransferQueue
instanceKlass net/sf/jasperreports/engine/fill/ThreadPoolSubreportRunnerFactory$SubreportsThreadFactory
instanceKlass net/sf/jasperreports/engine/fill/JRSubreportRunner
instanceKlass net/sf/jasperreports/engine/fill/ThreadPoolSubreportRunnerFactory
instanceKlass net/sf/jasperreports/engine/fill/JRFillSubreport$2
instanceKlass  @bci net/sf/jasperreports/engine/fill/JRBaseFiller getTemplates ()Ljava/util/List; 9 <appendix> argL0 ; # net/sf/jasperreports/engine/fill/JRBaseFiller$$Lambda+0x0000027a153b3270
instanceKlass net/sf/jasperreports/engine/JRTemplate
instanceKlass net/sf/jasperreports/engine/fill/ReportTemplateSource
instanceKlass net/sf/jasperreports/engine/fill/JRFillDataset$FillDatasetPositionRecordIndexCallback
instanceKlass net/sf/jasperreports/engine/fill/JRSubreportRunnerFactory
instanceKlass net/sf/jasperreports/engine/fill/FillerSubreportParent
instanceKlass net/sf/jasperreports/engine/fill/BandReportFillerParent
instanceKlass net/sf/jasperreports/engine/base/JRBaseHyperlink
instanceKlass net/sf/jasperreports/components/table/fill/TableReport$1
instanceKlass net/sf/jasperreports/components/table/fill/TableReport$CellInfo
instanceKlass net/sf/jasperreports/engine/util/StyleUtil$4
instanceKlass net/sf/jasperreports/engine/util/StyleUtil$3
instanceKlass net/sf/jasperreports/engine/util/StyleUtil$2
instanceKlass net/sf/jasperreports/engine/util/StyleUtil$1
instanceKlass net/sf/jasperreports/engine/util/StyleUtil$BoxSideSelector
instanceKlass net/sf/jasperreports/engine/util/StyleUtil
instanceKlass net/sf/jasperreports/components/table/fill/TableReport$BandRowInfo
instanceKlass net/sf/jasperreports/engine/DatasetFilter
instanceKlass net/sf/jasperreports/components/table/fill/TableReport$ReportBandCreator
instanceKlass net/sf/jasperreports/components/table/fill/TableReport$ReportBandInfo
instanceKlass net/sf/jasperreports/components/table/ColumnGroup
instanceKlass net/sf/jasperreports/components/table/util/TableUtil
instanceKlass net/sf/jasperreports/components/table/fill/TableReport
instanceKlass net/sf/jasperreports/components/table/fill/TableReportDataset
instanceKlass net/sf/jasperreports/engine/analytics/dataset/MultiAxisData
instanceKlass net/sf/jasperreports/engine/analytics/dataset/DataLevelBucketProperty
instanceKlass net/sf/jasperreports/components/items/ItemProperty
instanceKlass net/sf/jasperreports/engine/analytics/dataset/MultiAxisDataset
instanceKlass net/sf/jasperreports/engine/analytics/dataset/DataAxis
instanceKlass net/sf/jasperreports/engine/analytics/dataset/DataLevelBucket
instanceKlass net/sf/jasperreports/engine/analytics/dataset/DataMeasure
instanceKlass net/sf/jasperreports/engine/JRGenericElementParameter
instanceKlass net/sf/jasperreports/crosstabs/CrosstabColumnCell
instanceKlass net/sf/jasperreports/engine/analytics/dataset/DataAxisLevel
instanceKlass net/sf/jasperreports/crosstabs/JRCrosstabCell
instanceKlass net/sf/jasperreports/engine/util/JRReportUtils
instanceKlass net/sf/jasperreports/components/subreport/fill/SubreportFillComponent$ComponentFillSubreportFactory
instanceKlass net/sf/jasperreports/components/subreport/fill/SubreportParameterAdapter
instanceKlass net/sf/jasperreports/engine/JRSubreportParameter
instanceKlass net/sf/jasperreports/engine/ElementDecorator
instanceKlass net/sf/jasperreports/engine/fill/BuiltinExpressionEvaluator
instanceKlass net/sf/jasperreports/engine/fill/BuiltinExpressionEvaluatorFactory
instanceKlass net/sf/jasperreports/components/table/fill/FillColumn
instanceKlass net/sf/jasperreports/components/table/fill/FillTable$FillColumnEvaluator
instanceKlass net/sf/jasperreports/engine/fill/ElementEvaluationsSource
instanceKlass net/sf/jasperreports/engine/fill/ElementRangeUtil
instanceKlass  @bci net/sf/jasperreports/engine/fill/VirtualizableFrame fill ()V 252 <appendix> member <vmtarget> ; # net/sf/jasperreports/engine/fill/VirtualizableFrame$$Lambda+0x0000027a153ad998
instanceKlass net/sf/jasperreports/engine/PrintElementId
instanceKlass net/sf/jasperreports/engine/util/UniformPrintElementVisitor
instanceKlass net/sf/jasperreports/engine/fill/VirtualizableFrame
instanceKlass net/sf/jasperreports/engine/JRPrintFrame
instanceKlass net/sf/jasperreports/engine/fill/SimpleTextFormat
instanceKlass net/sf/jasperreports/engine/fill/SimpleElementRange
instanceKlass net/sf/jasperreports/engine/base/JRVirtualPrintPage
instanceKlass net/sf/jasperreports/engine/util/LinkedMap$LinkedValue
instanceKlass net/sf/jasperreports/engine/util/LinkedMap
instanceKlass net/sf/jasperreports/engine/fill/ElementEvaluationAction
instanceKlass net/sf/jasperreports/engine/fill/FillPageKey
instanceKlass  @bci net/sf/jasperreports/engine/fill/JRFillTextField copy (Lnet/sf/jasperreports/engine/JRPrintText;)V 189 <appendix> member <vmtarget> ; # net/sf/jasperreports/engine/fill/JRFillTextField$$Lambda+0x0000027a1532f2b0
instanceKlass net/sf/jasperreports/engine/fill/events/ReportFillEvent
instanceKlass net/sf/jasperreports/crosstabs/fill/calculation/BucketingServiceContext
instanceKlass net/sf/jasperreports/engine/export/AbstractTextRenderer$1
instanceKlass net/sf/jasperreports/engine/fill/TabSegment
instanceKlass net/sf/jasperreports/engine/fill/SimpleTextLine
instanceKlass sun/font/DelegatingShape
instanceKlass sun/font/StandardGlyphVector$GlyphStrike
# instanceKlass java/lang/invoke/LambdaForm$MH+0x0000027a153a8000
# instanceKlass java/lang/invoke/LambdaForm$DMH+0x0000027a153a7c00
# instanceKlass java/lang/invoke/LambdaForm$MH+0x0000027a153a7800
# instanceKlass java/lang/invoke/LambdaForm$DMH+0x0000027a153a7400
# instanceKlass java/lang/invoke/LambdaForm$MH+0x0000027a153a7000
# instanceKlass java/lang/invoke/LambdaForm$DMH+0x0000027a153a6c00
# instanceKlass java/lang/invoke/LambdaForm$MH+0x0000027a153a6800
# instanceKlass java/lang/invoke/LambdaForm$DMH+0x0000027a153a6400
# instanceKlass java/lang/invoke/LambdaForm$MH+0x0000027a153a6000
# instanceKlass java/lang/invoke/LambdaForm$MH+0x0000027a153a5c00
# instanceKlass java/lang/invoke/LambdaForm$BMH+0x0000027a153a5800
# instanceKlass java/lang/invoke/LambdaForm$DMH+0x0000027a153a5400
# instanceKlass java/lang/invoke/LambdaForm$DMH+0x0000027a153a5000
# instanceKlass java/lang/invoke/LambdaForm$MH+0x0000027a153a4c00
# instanceKlass java/lang/invoke/LambdaForm$DMH+0x0000027a153a4800
# instanceKlass java/lang/invoke/LambdaForm$MH+0x0000027a153a4400
# instanceKlass java/lang/invoke/LambdaForm$MH+0x0000027a153a4000
# instanceKlass java/lang/invoke/LambdaForm$MH+0x0000027a153a3c00
# instanceKlass java/lang/invoke/LambdaForm$BMH+0x0000027a153a3800
# instanceKlass java/lang/invoke/LambdaForm$DMH+0x0000027a153a3400
# instanceKlass java/lang/invoke/LambdaForm$DMH+0x0000027a153a3000
instanceKlass  @bci jdk/internal/foreign/AbstractMemorySegmentImpl set (Ljava/lang/foreign/AddressLayout;JLjava/lang/foreign/MemorySegment;)V 16 <adapter> ; # java/lang/invoke/LambdaForm$VH+0x0000027a153a2c00
# instanceKlass java/lang/invoke/LambdaForm$DMH+0x0000027a153a2800
instanceKlass  @bci jdk/internal/foreign/layout/ValueLayouts$AbstractValueLayout varHandle ()Ljava/lang/invoke/VarHandle; 22 <appendix> member <vmtarget> ; # jdk/internal/foreign/layout/ValueLayouts$AbstractValueLayout$$Lambda+0x0000027a153688d8
instanceKlass jdk/internal/foreign/layout/ValueLayouts$AbstractValueLayout$1VarHandleCache
instanceKlass  @bci jdk/internal/foreign/Utils$BaseAndScale of (Ljava/lang/Object;)Ljdk/internal/foreign/Utils$BaseAndScale; 11 <appendix> member <vmtarget> ; # jdk/internal/foreign/Utils$BaseAndScale$$TypeSwitch+0x0000027a153684a8
instanceKlass  @bci sun/font/HBShaper getFontTableData (Lsun/font/Font2D;ILjava/lang/foreign/MemorySegment;)I 77 <adapter> ; # java/lang/invoke/LambdaForm$MH+0x0000027a153a2400
# instanceKlass java/lang/invoke/LambdaForm$MH+0x0000027a153a2000
# instanceKlass java/lang/invoke/LambdaForm$DMH+0x0000027a153a1c00
# instanceKlass java/lang/invoke/LambdaForm$MH+0x0000027a153a1800
# instanceKlass java/lang/invoke/LambdaForm$DMH+0x0000027a153a1400
instanceKlass  @bci sun/font/HBShaper lambda$shape$0 (Ljava/awt/geom/Point2D$Float;[F[CFLjava/lang/foreign/MemorySegment;IIIIII)V 79 <adapter> ; # java/lang/invoke/LambdaForm$MH+0x0000027a153a1000
# instanceKlass java/lang/invoke/LambdaForm$DMH+0x0000027a153a0c00
instanceKlass java/lang/ScopedValue$Snapshot
instanceKlass  @bci sun/font/HBShaper shape (Lsun/font/Font2D;Lsun/font/FontStrike;F[FLjava/lang/foreign/MemorySegment;[CLsun/font/GlyphLayout$GVData;IIIILjava/awt/geom/Point2D$Float;II)V 43 <adapter> ; # java/lang/invoke/LambdaForm$MH+0x0000027a153a0800
# instanceKlass java/lang/invoke/LambdaForm$DMH+0x0000027a153a0400
instanceKlass  @bci sun/font/HBShaper shape (Lsun/font/Font2D;Lsun/font/FontStrike;F[FLjava/lang/foreign/MemorySegment;[CLsun/font/GlyphLayout$GVData;IIIILjava/awt/geom/Point2D$Float;II)V 43 <appendix> form vmentry <vmtarget> ; # java/lang/invoke/LambdaForm$DMH+0x0000027a153a0000
instanceKlass  @bci sun/font/HBShaper shape (Lsun/font/Font2D;Lsun/font/FontStrike;F[FLjava/lang/foreign/MemorySegment;[CLsun/font/GlyphLayout$GVData;IIIILjava/awt/geom/Point2D$Float;II)V 43 <appendix> member <vmtarget> ; # sun/font/HBShaper$$Lambda+0x0000027a15366540
instanceKlass  @cpi sun/font/HBShaper 721 form vmentry <vmtarget> ; # java/lang/invoke/LambdaForm$DMH+0x0000027a1539fc00
instanceKlass java/lang/ScopedValue$Carrier
# instanceKlass java/lang/invoke/LambdaForm$MH+0x0000027a1539f800
# instanceKlass java/lang/invoke/LambdaForm$DMH+0x0000027a1539f400
# instanceKlass java/lang/invoke/LambdaForm$MH+0x0000027a1539f000
# instanceKlass java/lang/invoke/LambdaForm$MH+0x0000027a1539ec00
# instanceKlass java/lang/invoke/LambdaForm$MH+0x0000027a1539e800
# instanceKlass java/lang/invoke/LambdaForm$DMH+0x0000027a1539e400
# instanceKlass java/lang/invoke/LambdaForm$MH+0x0000027a1539e000
# instanceKlass java/lang/invoke/LambdaForm$BMH+0x0000027a1539dc00
# instanceKlass java/lang/invoke/LambdaForm$DMH+0x0000027a1539d800
# instanceKlass java/lang/invoke/LambdaForm$DMH+0x0000027a1539d400
# instanceKlass jdk/internal/foreign/abi/UpcallStub+0x0000027a1539d000
# instanceKlass java/lang/invoke/LambdaForm$MH+0x0000027a1539cc00
# instanceKlass java/lang/invoke/LambdaForm$BMH+0x0000027a1539c800
# instanceKlass java/lang/invoke/LambdaForm$DMH+0x0000027a1539c400
# instanceKlass java/lang/invoke/LambdaForm$DMH+0x0000027a1539c000
instanceKlass jdk/internal/foreign/MemorySessionImpl$ResourceList
instanceKlass  @bci sun/font/HBShaper getFace (Lsun/font/Font2D;)Ljava/lang/foreign/MemorySegment; 10 <appendix> argL0 ; # sun/font/HBShaper$$Lambda+0x0000027a15365c58
instanceKlass sun/font/HBShaper$FaceRef
instanceKlass java/util/concurrent/ThreadLocalRandom$Access$1
instanceKlass jdk/internal/access/JavaUtilConcurrentTLRAccess
instanceKlass java/util/concurrent/ThreadLocalRandom$Access
instanceKlass java/lang/ScopedValue$Cache
instanceKlass java/lang/ScopedValue
instanceKlass  @bci java/lang/invoke/VarHandles collectCoordinates (Ljava/lang/invoke/VarHandle;ILjava/lang/invoke/MethodHandle;)Ljava/lang/invoke/VarHandle; 217 <appendix> member <vmtarget> ; # java/lang/invoke/VarHandles$$Lambda+0x0000027a15364f50
# instanceKlass java/lang/invoke/LambdaForm$MH+0x0000027a1539bc00
# instanceKlass java/lang/invoke/LambdaForm$MH+0x0000027a1539b800
# instanceKlass java/lang/invoke/LambdaForm$MH+0x0000027a1539b400
# instanceKlass java/lang/invoke/LambdaForm$DMH+0x0000027a1539b000
# instanceKlass java/lang/invoke/LambdaForm$MH+0x0000027a1539ac00
# instanceKlass java/lang/invoke/LambdaForm$MH+0x0000027a1539a800
# instanceKlass java/lang/invoke/LambdaForm$MH+0x0000027a1539a400
# instanceKlass java/lang/invoke/LambdaForm$BMH+0x0000027a1539a000
# instanceKlass java/lang/invoke/LambdaForm$DMH+0x0000027a15399c00
# instanceKlass java/lang/invoke/LambdaForm$DMH+0x0000027a15399800
instanceKlass jdk/internal/foreign/layout/AbstractLayout$1Holder
# instanceKlass java/lang/invoke/LambdaForm$MH+0x0000027a15399400
# instanceKlass java/lang/invoke/LambdaForm$MH+0x0000027a15399000
# instanceKlass java/lang/invoke/LambdaForm$MH+0x0000027a15398c00
# instanceKlass java/lang/invoke/LambdaForm$DMH+0x0000027a15398800
# instanceKlass java/lang/invoke/LambdaForm$MH+0x0000027a15398400
# instanceKlass java/lang/invoke/LambdaForm$BMH+0x0000027a15398000
# instanceKlass java/lang/invoke/LambdaForm$DMH+0x0000027a15397c00
# instanceKlass java/lang/invoke/LambdaForm$DMH+0x0000027a15397800
# instanceKlass jdk/internal/foreign/abi/UpcallStub+0x0000027a15397400
# instanceKlass java/lang/invoke/LambdaForm$DMH+0x0000027a15397000
# instanceKlass java/lang/invoke/LambdaForm$DMH+0x0000027a15396c00
# instanceKlass java/lang/invoke/LambdaForm$MH+0x0000027a15396800
# instanceKlass java/lang/invoke/LambdaForm$DMH+0x0000027a15396400
instanceKlass  @bci java/lang/invoke/BootstrapMethodInvoker invoke (Ljava/lang/Class;Ljava/lang/invoke/MethodHandle;Ljava/lang/String;Ljava/lang/Object;Ljava/lang/Object;Ljava/lang/Class;)Ljava/lang/Object; 95 <adapter> ; # java/lang/invoke/LambdaForm$MH+0x0000027a15396000
instanceKlass java/lang/invoke/ConstantBootstraps
instanceKlass  @bci sun/font/HBShaper <clinit> ()V 1122 <adapter> ; # java/lang/invoke/LambdaForm$MH+0x0000027a15395c00
# instanceKlass java/lang/invoke/LambdaForm$MH+0x0000027a15395800
# instanceKlass java/lang/invoke/LambdaForm$MH+0x0000027a15395400
# instanceKlass java/lang/invoke/LambdaForm$MH+0x0000027a15395000
# instanceKlass java/lang/invoke/LambdaForm$MH+0x0000027a15394c00
# instanceKlass java/lang/invoke/LambdaForm$DMH+0x0000027a15394800
# instanceKlass jdk/internal/foreign/abi/DowncallStub+0x0000027a15394400
# instanceKlass java/lang/invoke/LambdaForm$MH+0x0000027a15394000
# instanceKlass java/lang/invoke/LambdaForm$MH+0x0000027a15393c00
# instanceKlass java/lang/invoke/LambdaForm$MH+0x0000027a15393800
# instanceKlass java/lang/invoke/LambdaForm$MH+0x0000027a15393400
# instanceKlass java/lang/invoke/LambdaForm$DMH+0x0000027a15393000
# instanceKlass java/lang/invoke/LambdaForm$MH+0x0000027a15392c00
# instanceKlass java/lang/invoke/LambdaForm$BMH+0x0000027a15392800
# instanceKlass java/lang/invoke/LambdaForm$DMH+0x0000027a15392400
# instanceKlass java/lang/invoke/LambdaForm$DMH+0x0000027a15392000
# instanceKlass jdk/internal/foreign/abi/UpcallStub+0x0000027a15391c00
# instanceKlass java/lang/invoke/LambdaForm$DMH+0x0000027a15391800
# instanceKlass java/lang/invoke/LambdaForm$DMH+0x0000027a15391400
# instanceKlass java/lang/invoke/LambdaForm$MH+0x0000027a15391000
# instanceKlass java/lang/invoke/LambdaForm$MH+0x0000027a15390c00
# instanceKlass java/lang/invoke/LambdaForm$MH+0x0000027a15390800
# instanceKlass java/lang/invoke/LambdaForm$DMH+0x0000027a15390400
# instanceKlass java/lang/invoke/LambdaForm$MH+0x0000027a15390000
# instanceKlass java/lang/invoke/LambdaForm$BMH+0x0000027a1538fc00
# instanceKlass java/lang/invoke/LambdaForm$DMH+0x0000027a1538f800
# instanceKlass java/lang/invoke/LambdaForm$DMH+0x0000027a1538f400
# instanceKlass jdk/internal/foreign/abi/UpcallStub+0x0000027a1538f000
# instanceKlass java/lang/invoke/LambdaForm$DMH+0x0000027a1538ec00
# instanceKlass java/lang/invoke/LambdaForm$DMH+0x0000027a1538e800
# instanceKlass java/lang/invoke/LambdaForm$MH+0x0000027a1538e400
# instanceKlass java/lang/invoke/LambdaForm$MH+0x0000027a1538e000
# instanceKlass java/lang/invoke/LambdaForm$MH+0x0000027a1538dc00
# instanceKlass java/lang/invoke/LambdaForm$DMH+0x0000027a1538d800
# instanceKlass java/lang/invoke/LambdaForm$MH+0x0000027a1538d400
# instanceKlass java/lang/invoke/LambdaForm$BMH+0x0000027a1538d000
# instanceKlass java/lang/invoke/LambdaForm$DMH+0x0000027a1538cc00
# instanceKlass java/lang/invoke/LambdaForm$DMH+0x0000027a1538c800
# instanceKlass jdk/internal/foreign/abi/UpcallStub+0x0000027a1538c400
# instanceKlass java/lang/invoke/LambdaForm$DMH+0x0000027a1538c000
# instanceKlass java/lang/invoke/LambdaForm$DMH+0x0000027a1538bc00
instanceKlass jdk/internal/foreign/abi/UpcallStubs
# instanceKlass java/lang/invoke/LambdaForm$MH+0x0000027a1538b800
# instanceKlass java/lang/invoke/LambdaForm$MH+0x0000027a1538b400
# instanceKlass java/lang/invoke/LambdaForm$MH+0x0000027a1538b000
# instanceKlass java/lang/invoke/LambdaForm$DMH+0x0000027a1538ac00
instanceKlass  @bci jdk/internal/foreign/abi/UpcallLinker checkPrimitive (Ljava/lang/invoke/MethodType;)V 19 <appendix> argL0 ; # jdk/internal/foreign/abi/UpcallLinker$$Lambda+0x0000027a15363e20
# instanceKlass java/lang/invoke/LambdaForm$MH+0x0000027a1538a800
# instanceKlass java/lang/invoke/LambdaForm$BMH+0x0000027a1538a400
# instanceKlass java/lang/invoke/LambdaForm$DMH+0x0000027a1538a000
instanceKlass  @bci jdk/internal/foreign/abi/UpcallLinker makeFactory (Ljava/lang/invoke/MethodType;Ljdk/internal/foreign/abi/ABIDescriptor;Ljdk/internal/foreign/abi/CallingSequence;)Ljdk/internal/foreign/abi/AbstractLinker$UpcallStubFactory; 229 <appendix> form vmentry <vmtarget> ; # java/lang/invoke/LambdaForm$DMH+0x0000027a15389c00
instanceKlass  @bci jdk/internal/foreign/abi/UpcallLinker makeFactory (Ljava/lang/invoke/MethodType;Ljdk/internal/foreign/abi/ABIDescriptor;Ljdk/internal/foreign/abi/CallingSequence;)Ljdk/internal/foreign/abi/AbstractLinker$UpcallStubFactory; 229 <appendix> member <vmtarget> ; # jdk/internal/foreign/abi/UpcallLinker$$Lambda+0x0000027a15363be8
instanceKlass  @bci jdk/internal/foreign/abi/UpcallLinker makeFactory (Ljava/lang/invoke/MethodType;Ljdk/internal/foreign/abi/ABIDescriptor;Ljdk/internal/foreign/abi/CallingSequence;)Ljdk/internal/foreign/abi/AbstractLinker$UpcallStubFactory; 194 <appendix> argL0 ; # jdk/internal/foreign/abi/UpcallLinker$$Lambda+0x0000027a153639b8
instanceKlass  @bci jdk/internal/foreign/abi/UpcallLinker makeFactory (Ljava/lang/invoke/MethodType;Ljdk/internal/foreign/abi/ABIDescriptor;Ljdk/internal/foreign/abi/CallingSequence;)Ljdk/internal/foreign/abi/AbstractLinker$UpcallStubFactory; 184 <appendix> argL0 ; # jdk/internal/foreign/abi/UpcallLinker$$Lambda+0x0000027a15363768
instanceKlass  @bci jdk/internal/foreign/abi/UpcallLinker makeFactory (Ljava/lang/invoke/MethodType;Ljdk/internal/foreign/abi/ABIDescriptor;Ljdk/internal/foreign/abi/CallingSequence;)Ljdk/internal/foreign/abi/AbstractLinker$UpcallStubFactory; 164 <appendix> argL0 ; # jdk/internal/foreign/abi/UpcallLinker$$Lambda+0x0000027a15363538
instanceKlass  @bci jdk/internal/foreign/abi/UpcallLinker makeFactory (Ljava/lang/invoke/MethodType;Ljdk/internal/foreign/abi/ABIDescriptor;Ljdk/internal/foreign/abi/CallingSequence;)Ljdk/internal/foreign/abi/AbstractLinker$UpcallStubFactory; 154 <appendix> argL0 ; # jdk/internal/foreign/abi/UpcallLinker$$Lambda+0x0000027a153632e8
instanceKlass  @bci jdk/internal/foreign/abi/UpcallLinker makeFactory (Ljava/lang/invoke/MethodType;Ljdk/internal/foreign/abi/ABIDescriptor;Ljdk/internal/foreign/abi/CallingSequence;)Ljdk/internal/foreign/abi/AbstractLinker$UpcallStubFactory; 56 <appendix> member <vmtarget> ; # jdk/internal/foreign/abi/UpcallLinker$$Lambda+0x0000027a15363078
# instanceKlass java/lang/invoke/LambdaForm$DMH+0x0000027a15389800
# instanceKlass jdk/internal/foreign/abi/UpcallStub+0x0000027a15389400
instanceKlass jdk/internal/foreign/abi/BindingSpecializer$1
instanceKlass  @bci jdk/internal/foreign/abi/UpcallLinker retMoveBindings (Ljdk/internal/foreign/abi/CallingSequence;)[Ljdk/internal/foreign/abi/Binding$VMStore; 43 <appendix> argL0 ; # jdk/internal/foreign/abi/UpcallLinker$$Lambda+0x0000027a15362790
instanceKlass  @bci jdk/internal/foreign/abi/UpcallLinker retMoveBindings (Ljdk/internal/foreign/abi/CallingSequence;)[Ljdk/internal/foreign/abi/Binding$VMStore; 33 <appendix> member <vmtarget> ; # jdk/internal/foreign/abi/UpcallLinker$$Lambda+0x0000027a15362538
instanceKlass  @bci jdk/internal/foreign/abi/UpcallLinker retMoveBindings (Ljdk/internal/foreign/abi/CallingSequence;)[Ljdk/internal/foreign/abi/Binding$VMStore; 16 <appendix> member <vmtarget> ; # jdk/internal/foreign/abi/UpcallLinker$$Lambda+0x0000027a153622d0
instanceKlass  @bci jdk/internal/foreign/abi/UpcallLinker argMoveBindings (Ljdk/internal/foreign/abi/CallingSequence;)[Ljdk/internal/foreign/abi/Binding$VMLoad; 4 <appendix> argL0 ; # jdk/internal/foreign/abi/UpcallLinker$$Lambda+0x0000027a153620a0
instanceKlass  @bci jdk/internal/foreign/abi/UpcallLinker argMoveBindingsStream (Ljdk/internal/foreign/abi/CallingSequence;)Ljava/util/stream/Stream; 28 <appendix> member <vmtarget> ; # jdk/internal/foreign/abi/UpcallLinker$$Lambda+0x0000027a15361e48
instanceKlass  @bci jdk/internal/foreign/abi/UpcallLinker argMoveBindingsStream (Ljdk/internal/foreign/abi/CallingSequence;)Ljava/util/stream/Stream; 11 <appendix> member <vmtarget> ; # jdk/internal/foreign/abi/UpcallLinker$$Lambda+0x0000027a15361be0
instanceKlass jdk/internal/foreign/abi/UpcallLinker
instanceKlass  @bci jdk/internal/foreign/abi/AbstractLinker upcallStub (Ljava/lang/invoke/MethodHandle;Ljava/lang/foreign/FunctionDescriptor;Ljava/lang/foreign/Arena;[Ljava/lang/foreign/Linker$Option;)Ljava/lang/foreign/MemorySegment; 115 <appendix> member <vmtarget> ; # jdk/internal/foreign/abi/AbstractLinker$$Lambda+0x0000027a15361550
instanceKlass  @bci jdk/internal/foreign/abi/LinkerOptions forUpcall (Ljava/lang/foreign/FunctionDescriptor;[Ljava/lang/foreign/Linker$Option;)Ljdk/internal/foreign/abi/LinkerOptions; 0 <appendix> argL0 ; # jdk/internal/foreign/abi/LinkerOptions$$Lambda+0x0000027a15361310
# instanceKlass java/lang/invoke/LambdaForm$DMH+0x0000027a15389000
# instanceKlass java/lang/invoke/LambdaForm$DMH+0x0000027a15388c00
# instanceKlass java/lang/invoke/LambdaForm$MH+0x0000027a15388800
# instanceKlass java/lang/invoke/LambdaForm$MH+0x0000027a15388400
# instanceKlass java/lang/invoke/LambdaForm$MH+0x0000027a15388000
# instanceKlass java/lang/invoke/LambdaForm$MH+0x0000027a15387c00
# instanceKlass java/lang/invoke/LambdaForm$BMH+0x0000027a15387800
# instanceKlass java/lang/invoke/LambdaForm$DMH+0x0000027a15387400
# instanceKlass java/lang/invoke/LambdaForm$DMH+0x0000027a15387000
# instanceKlass java/lang/invoke/LambdaForm$DMH+0x0000027a15386c00
# instanceKlass jdk/internal/foreign/abi/DowncallStub+0x0000027a15386800
# instanceKlass java/lang/invoke/LambdaForm$MH+0x0000027a15386400
# instanceKlass java/lang/invoke/LambdaForm$MH+0x0000027a15386000
# instanceKlass java/lang/invoke/LambdaForm$MH+0x0000027a15385c00
# instanceKlass java/lang/invoke/LambdaForm$MH+0x0000027a15385800
# instanceKlass java/lang/invoke/LambdaForm$MH+0x0000027a15385400
# instanceKlass java/lang/invoke/LambdaForm$DMH+0x0000027a15385000
# instanceKlass java/lang/invoke/LambdaForm$DMH+0x0000027a15384c00
# instanceKlass java/lang/invoke/LambdaForm$DMH+0x0000027a15384800
# instanceKlass jdk/internal/foreign/abi/DowncallStub+0x0000027a15384400
# instanceKlass java/lang/invoke/LambdaForm$MH+0x0000027a15384000
# instanceKlass java/lang/invoke/LambdaForm$MH+0x0000027a15383c00
# instanceKlass java/lang/invoke/LambdaForm$MH+0x0000027a15383800
# instanceKlass java/lang/invoke/LambdaForm$MH+0x0000027a15383400
# instanceKlass java/lang/invoke/LambdaForm$MH+0x0000027a15383000
# instanceKlass jdk/internal/foreign/abi/DowncallStub+0x0000027a15382c00
instanceKlass  @bci jdk/internal/foreign/abi/NativeEntryPoint$CacheKey equals (Ljava/lang/Object;)Z 2 <adapter> ; # java/lang/invoke/LambdaForm$MH+0x0000027a15382800
# instanceKlass java/lang/invoke/LambdaForm$MH+0x0000027a15382400
instanceKlass  @cpi jdk/internal/foreign/abi/UpcallLinker 565 form vmentry <vmtarget> ; # java/lang/invoke/LambdaForm$DMH+0x0000027a15382000
# instanceKlass java/lang/invoke/LambdaForm$MH+0x0000027a15381c00
instanceKlass  @bci jdk/internal/foreign/abi/NativeEntryPoint$CacheKey equals (Ljava/lang/Object;)Z 2 <appendix> form vmentry <vmtarget> ; # java/lang/invoke/LambdaForm$MH+0x0000027a15381800
instanceKlass java/lang/classfile/CodeBuilder$1
instanceKlass  @bci jdk/internal/foreign/abi/NativeEntryPoint$CacheKey equals (Ljava/lang/Object;)Z 2 <appendix> argL1 form vmentry <vmtarget> ; # java/lang/invoke/LambdaForm$MH+0x0000027a15381400
instanceKlass java/lang/invoke/MethodHandleImpl$Makers$2
instanceKlass java/lang/invoke/MethodHandleImpl$Makers$1
instanceKlass java/lang/invoke/MethodHandleImpl$Makers
instanceKlass  @bci jdk/internal/foreign/abi/NativeEntryPoint$CacheKey equals (Ljava/lang/Object;)Z 2 <appendix> form names 9 function resolvedHandle form vmentry <vmtarget> ; # java/lang/invoke/LambdaForm$MH+0x0000027a15381000
instanceKlass  @bci jdk/internal/foreign/abi/NativeEntryPoint$CacheKey equals (Ljava/lang/Object;)Z 2 <appendix> form names 9 function resolvedHandle form names 5 function resolvedHandle form vmentry <vmtarget> ; # java/lang/invoke/LambdaForm$DMH+0x0000027a15380c00
# instanceKlass java/lang/invoke/LambdaForm$DMH+0x0000027a15380800
instanceKlass java/lang/invoke/MethodHandleImpl$LoopClauses
instanceKlass java/lang/invoke/MethodHandleImpl$CasesHolder
# instanceKlass java/lang/invoke/LambdaForm$MH+0x0000027a15380400
# instanceKlass java/lang/invoke/LambdaForm$MH+0x0000027a15380000
# instanceKlass java/lang/invoke/LambdaForm$MH+0x0000027a1533fc00
instanceKlass  @bci jdk/internal/foreign/abi/NativeEntryPoint$CacheKey equals (Ljava/lang/Object;)Z 2 <appendix> form names 7 function resolvedHandle form vmentry <vmtarget> ; # java/lang/invoke/LambdaForm$DMH+0x0000027a1533f800
# instanceKlass java/lang/invoke/LambdaForm$MH+0x0000027a1533f400
# instanceKlass java/lang/invoke/LambdaForm$MH+0x0000027a1533f000
# instanceKlass java/lang/invoke/LambdaForm$MH+0x0000027a1533ec00
# instanceKlass java/lang/invoke/LambdaForm$MH+0x0000027a1533e800
# instanceKlass java/lang/invoke/LambdaForm$MH+0x0000027a1533e400
# instanceKlass java/lang/invoke/LambdaForm$MH+0x0000027a1533e000
# instanceKlass java/lang/invoke/LambdaForm$DMH+0x0000027a1533dc00
# instanceKlass java/lang/invoke/LambdaForm$DMH+0x0000027a1533d800
# instanceKlass java/lang/invoke/LambdaForm$DMH+0x0000027a1533d400
# instanceKlass jdk/internal/foreign/abi/DowncallStub+0x0000027a1533d000
instanceKlass  @bci java/lang/classfile/constantpool/ConstantDynamicEntry asSymbol ()Ljava/lang/constant/DynamicConstantDesc; 59 <appendix> argL0 ; # java/lang/classfile/constantpool/ConstantDynamicEntry$$Lambda+0x0000027a1535f3a0
instanceKlass  @bci java/lang/classfile/constantpool/ConstantDynamicEntry asSymbol ()Ljava/lang/constant/DynamicConstantDesc; 49 <appendix> argL0 ; # java/lang/classfile/constantpool/ConstantDynamicEntry$$Lambda+0x0000027a1535f150
instanceKlass java/lang/classfile/instruction/InvokeInstruction
instanceKlass java/lang/classfile/instruction/LoadInstruction
instanceKlass java/lang/classfile/Instruction
instanceKlass  @bci jdk/internal/classfile/impl/BlockCodeBuilderImpl topLocal (Ljava/lang/classfile/CodeBuilder;)I 11 <appendix> member <vmtarget> ; # jdk/internal/classfile/impl/BlockCodeBuilderImpl$$TypeSwitch+0x0000027a1535e780
instanceKlass  @bci jdk/internal/classfile/impl/NonterminalCodeBuilder <init> (Ljava/lang/classfile/CodeBuilder;)V 21 <appendix> member <vmtarget> ; # jdk/internal/classfile/impl/NonterminalCodeBuilder$$TypeSwitch+0x0000027a1535d510
instanceKlass jdk/internal/classfile/impl/NonterminalCodeBuilder
instanceKlass  @bci jdk/internal/foreign/abi/BindingSpecializer emitReleaseScopes ()V 36 <appendix> member <vmtarget> ; # jdk/internal/foreign/abi/BindingSpecializer$$Lambda+0x0000027a1535c218
instanceKlass  @cpi jdk/internal/foreign/abi/BindingSpecializer 1415 form vmentry <vmtarget> ; # java/lang/invoke/LambdaForm$DMH+0x0000027a1533cc00
instanceKlass java/lang/classfile/CodeBuilder$BlockCodeBuilder
instanceKlass  @bci jdk/internal/foreign/abi/BindingSpecializer needsSession ()Z 43 <appendix> argL0 ; # jdk/internal/foreign/abi/BindingSpecializer$$Lambda+0x0000027a1535bfb8
instanceKlass  @bci jdk/internal/foreign/abi/BindingSpecializer needsSession ()Z 33 <appendix> member <vmtarget> ; # jdk/internal/foreign/abi/BindingSpecializer$$Lambda+0x0000027a1535bd60
instanceKlass  @bci jdk/internal/foreign/abi/BindingSpecializer needsSession ()Z 15 <appendix> member <vmtarget> ; # jdk/internal/foreign/abi/BindingSpecializer$$Lambda+0x0000027a1535baf8
instanceKlass java/lang/classfile/constantpool/ConstantDynamicEntry
instanceKlass java/lang/classfile/constantpool/DynamicConstantPoolEntry
instanceKlass java/lang/classfile/constantpool/MethodHandleEntry
instanceKlass  @bci jdk/internal/foreign/abi/BindingSpecializer doBindings (Ljava/util/List;)V 41 <appendix> member <vmtarget> ; # jdk/internal/foreign/abi/BindingSpecializer$$TypeSwitch+0x0000027a1535b1e0
instanceKlass  @bci jdk/internal/foreign/abi/BindingSpecializer lambda$specializeHelper$1 (Ljava/lang/invoke/MethodType;Ljdk/internal/foreign/abi/CallingSequence;Ljdk/internal/foreign/abi/ABIDescriptor;Ljava/lang/invoke/MethodType;Ljava/lang/classfile/MethodBuilder;)V 34 <appendix> member <vmtarget> ; # jdk/internal/foreign/abi/BindingSpecializer$$Lambda+0x0000027a1535af98
instanceKlass  @bci jdk/internal/foreign/abi/BindingSpecializer lambda$specializeHelper$0 (Ljava/lang/invoke/MethodType;Ljdk/internal/foreign/abi/CallingSequence;Ljdk/internal/foreign/abi/ABIDescriptor;Ljava/lang/invoke/MethodType;Ljava/lang/classfile/ClassBuilder;)V 38 <appendix> member <vmtarget> ; # jdk/internal/foreign/abi/BindingSpecializer$$Lambda+0x0000027a1535ad50
instanceKlass java/lang/classfile/ClassFileVersion
instanceKlass  @bci jdk/internal/foreign/abi/BindingSpecializer specializeHelper (Ljava/lang/invoke/MethodType;Ljava/lang/invoke/MethodType;Ljdk/internal/foreign/abi/CallingSequence;Ljdk/internal/foreign/abi/ABIDescriptor;)[B 28 <appendix> member <vmtarget> ; # jdk/internal/foreign/abi/BindingSpecializer$$Lambda+0x0000027a1535a8a0
instanceKlass jdk/internal/vm/annotation/ForceInline
instanceKlass jdk/internal/foreign/abi/BindingSpecializer
# instanceKlass java/lang/invoke/LambdaForm$MH+0x0000027a1533c800
instanceKlass java/lang/invoke/NativeMethodHandle$Lazy
instanceKlass  @bci jdk/internal/foreign/abi/NativeEntryPoint lambda$make$0 (Ljava/lang/invoke/MethodType;Ljdk/internal/foreign/abi/ABIDescriptor;[Ljdk/internal/foreign/abi/VMStorage;[Ljdk/internal/foreign/abi/VMStorage;ZIZLjdk/internal/foreign/abi/NativeEntryPoint$CacheKey;)Ljdk/internal/foreign/abi/NativeEntryPoint; 51 <appendix> form vmentry <vmtarget> ; # java/lang/invoke/LambdaForm$DMH+0x0000027a1533c400
instanceKlass  @bci jdk/internal/foreign/abi/NativeEntryPoint lambda$make$0 (Ljava/lang/invoke/MethodType;Ljdk/internal/foreign/abi/ABIDescriptor;[Ljdk/internal/foreign/abi/VMStorage;[Ljdk/internal/foreign/abi/VMStorage;ZIZLjdk/internal/foreign/abi/NativeEntryPoint$CacheKey;)Ljdk/internal/foreign/abi/NativeEntryPoint; 51 <appendix> member <vmtarget> ; # jdk/internal/foreign/abi/NativeEntryPoint$$Lambda+0x0000027a15359ed0
instanceKlass  @cpi jdk/internal/foreign/abi/NativeEntryPoint 203 form vmentry <vmtarget> ; # java/lang/invoke/LambdaForm$DMH+0x0000027a1533c000
instanceKlass  @bci jdk/internal/foreign/abi/NativeEntryPoint$CacheKey hashCode ()I 1 <appendix> argL1 form vmentry <vmtarget> ; # java/lang/invoke/LambdaForm$MH+0x0000027a1533bc00
instanceKlass  @bci jdk/internal/foreign/abi/NativeEntryPoint$CacheKey hashCode ()I 1 <appendix> argL1 form names 5 function resolvedHandle form vmentry <vmtarget> ; # java/lang/invoke/LambdaForm$DMH+0x0000027a1533b800
instanceKlass  @bci jdk/internal/foreign/abi/NativeEntryPoint make (Ljdk/internal/foreign/abi/ABIDescriptor;[Ljdk/internal/foreign/abi/VMStorage;[Ljdk/internal/foreign/abi/VMStorage;Ljava/lang/invoke/MethodType;ZIZZ)Ljdk/internal/foreign/abi/NativeEntryPoint; 76 <adapter> ; # java/lang/invoke/LambdaForm$MH+0x0000027a1533b400
# instanceKlass java/lang/invoke/LambdaForm$DMH+0x0000027a1533b000
instanceKlass  @bci jdk/internal/foreign/abi/NativeEntryPoint make (Ljdk/internal/foreign/abi/ABIDescriptor;[Ljdk/internal/foreign/abi/VMStorage;[Ljdk/internal/foreign/abi/VMStorage;Ljava/lang/invoke/MethodType;ZIZZ)Ljdk/internal/foreign/abi/NativeEntryPoint; 76 <appendix> form vmentry <vmtarget> ; # java/lang/invoke/LambdaForm$DMH+0x0000027a1533ac00
instanceKlass  @bci jdk/internal/foreign/abi/NativeEntryPoint make (Ljdk/internal/foreign/abi/ABIDescriptor;[Ljdk/internal/foreign/abi/VMStorage;[Ljdk/internal/foreign/abi/VMStorage;Ljava/lang/invoke/MethodType;ZIZZ)Ljdk/internal/foreign/abi/NativeEntryPoint; 76 <appendix> member <vmtarget> ; # jdk/internal/foreign/abi/NativeEntryPoint$$Lambda+0x0000027a15359c78
instanceKlass  @cpi jdk/internal/foreign/abi/NativeEntryPoint 197 form vmentry <vmtarget> ; # java/lang/invoke/LambdaForm$DMH+0x0000027a1533a800
instanceKlass java/util/stream/ReduceOps$5ReducingSink
instanceKlass  @bci jdk/internal/foreign/abi/CallingSequence capturedStateMask ()I 18 <appendix> argL0 ; # jdk/internal/foreign/abi/CallingSequence$$Lambda+0x0000027a15358f38
instanceKlass java/util/function/IntBinaryOperator
instanceKlass  @bci jdk/internal/foreign/abi/CallingSequence capturedStateMask ()I 7 <appendix> argL0 ; # jdk/internal/foreign/abi/CallingSequence$$Lambda+0x0000027a153587e0
instanceKlass java/util/function/ToIntFunction
instanceKlass  @bci jdk/internal/foreign/abi/DowncallLinker toStorageArray ([Ljdk/internal/foreign/abi/Binding$Move;)[Ljdk/internal/foreign/abi/VMStorage; 14 <appendix> argL0 ; # jdk/internal/foreign/abi/DowncallLinker$$Lambda+0x0000027a15358350
instanceKlass  @bci jdk/internal/foreign/abi/DowncallLinker toStorageArray ([Ljdk/internal/foreign/abi/Binding$Move;)[Ljdk/internal/foreign/abi/VMStorage; 4 <appendix> argL0 ; # jdk/internal/foreign/abi/DowncallLinker$$Lambda+0x0000027a15358100
instanceKlass  @bci jdk/internal/foreign/abi/DowncallLinker retMoveBindings (Ljdk/internal/foreign/abi/CallingSequence;)[Ljdk/internal/foreign/abi/Binding$VMLoad; 5 <appendix> argL0 ; # jdk/internal/foreign/abi/DowncallLinker$$Lambda+0x0000027a15357ed0
instanceKlass  @bci jdk/internal/foreign/abi/DowncallLinker retMoveBindingsStream (Ljdk/internal/foreign/abi/CallingSequence;)Ljava/util/stream/Stream; 33 <appendix> member <vmtarget> ; # jdk/internal/foreign/abi/DowncallLinker$$Lambda+0x0000027a15357a70
instanceKlass  @bci jdk/internal/foreign/abi/DowncallLinker retMoveBindingsStream (Ljdk/internal/foreign/abi/CallingSequence;)Ljava/util/stream/Stream; 16 <appendix> member <vmtarget> ; # jdk/internal/foreign/abi/DowncallLinker$$Lambda+0x0000027a15357808
instanceKlass  @bci jdk/internal/foreign/abi/DowncallLinker getBoundMethodHandle ()Ljava/lang/invoke/MethodHandle; 8 <appendix> argL0 ; # jdk/internal/foreign/abi/DowncallLinker$$Lambda+0x0000027a153575d8
instanceKlass  @bci jdk/internal/foreign/abi/DowncallLinker argMoveBindingsStream (Ljdk/internal/foreign/abi/CallingSequence;)Ljava/util/stream/Stream; 28 <appendix> member <vmtarget> ; # jdk/internal/foreign/abi/DowncallLinker$$Lambda+0x0000027a15357178
instanceKlass  @bci jdk/internal/foreign/abi/DowncallLinker argMoveBindingsStream (Ljdk/internal/foreign/abi/CallingSequence;)Ljava/util/stream/Stream; 11 <appendix> member <vmtarget> ; # jdk/internal/foreign/abi/DowncallLinker$$Lambda+0x0000027a15356f10
instanceKlass  @bci jdk/internal/foreign/abi/CallingSequence argumentBindings ()Ljava/util/stream/Stream; 9 <appendix> argL0 ; # jdk/internal/foreign/abi/CallingSequence$$Lambda+0x0000027a15356cc0
# instanceKlass java/lang/invoke/LambdaForm$DMH+0x0000027a1533a400
instanceKlass jdk/internal/foreign/abi/DowncallLinker
instanceKlass  @bci jdk/internal/foreign/abi/CallingSequenceBuilder computeTypeHelper (Ljava/lang/Class;Ljava/lang/Class;)Ljava/lang/invoke/MethodType; 116 <appendix> argL0 ; # jdk/internal/foreign/abi/CallingSequenceBuilder$$Lambda+0x0000027a15356640
instanceKlass  @bci jdk/internal/foreign/abi/CallingSequenceBuilder computeTypeHelper (Ljava/lang/Class;Ljava/lang/Class;)Ljava/lang/invoke/MethodType; 106 <appendix> member <vmtarget> ; # jdk/internal/foreign/abi/CallingSequenceBuilder$$Lambda+0x0000027a15355fd8
instanceKlass  @bci jdk/internal/foreign/abi/CallingSequenceBuilder computeTypeHelper (Ljava/lang/Class;Ljava/lang/Class;)Ljava/lang/invoke/MethodType; 90 <appendix> member <vmtarget> ; # jdk/internal/foreign/abi/CallingSequenceBuilder$$Lambda+0x0000027a15355d70
instanceKlass  @bci jdk/internal/foreign/abi/CallingSequenceBuilder computeTypeHelper (Ljava/lang/Class;Ljava/lang/Class;)Ljava/lang/invoke/MethodType; 61 <appendix> argL0 ; # jdk/internal/foreign/abi/CallingSequenceBuilder$$Lambda+0x0000027a15355b40
instanceKlass  @bci jdk/internal/foreign/abi/CallingSequenceBuilder computeTypeHelper (Ljava/lang/Class;Ljava/lang/Class;)Ljava/lang/invoke/MethodType; 51 <appendix> argL0 ; # jdk/internal/foreign/abi/CallingSequenceBuilder$$Lambda+0x0000027a153558f0
instanceKlass  @bci jdk/internal/foreign/abi/CallingSequenceBuilder computeTypeHelper (Ljava/lang/Class;Ljava/lang/Class;)Ljava/lang/invoke/MethodType; 41 <appendix> member <vmtarget> ; # jdk/internal/foreign/abi/CallingSequenceBuilder$$Lambda+0x0000027a15355698
instanceKlass  @bci jdk/internal/foreign/abi/CallingSequenceBuilder computeTypeHelper (Ljava/lang/Class;Ljava/lang/Class;)Ljava/lang/invoke/MethodType; 25 <appendix> member <vmtarget> ; # jdk/internal/foreign/abi/CallingSequenceBuilder$$Lambda+0x0000027a15355430
instanceKlass  @bci jdk/internal/foreign/abi/CallingSequenceBuilder computeTypeHelper (Ljava/lang/Class;Ljava/lang/Class;)Ljava/lang/invoke/MethodType; 9 <appendix> argL0 ; # jdk/internal/foreign/abi/CallingSequenceBuilder$$Lambda+0x0000027a153551e0
instanceKlass  @bci jdk/internal/foreign/abi/CallingSequenceBuilder needsReturnBuffer ()Z 16 <appendix> member <vmtarget> ; # jdk/internal/foreign/abi/CallingSequenceBuilder$$Lambda+0x0000027a15354758
instanceKlass  @bci jdk/internal/foreign/abi/CallingSequenceBuilder isUnbox (Ljdk/internal/foreign/abi/Binding;)Z 11 <appendix> member <vmtarget> ; # jdk/internal/foreign/abi/CallingSequenceBuilder$$TypeSwitch+0x0000027a15353d08
instanceKlass  @bci jdk/internal/foreign/abi/CallingSequenceBuilder isBox (Ljdk/internal/foreign/abi/Binding;)Z 11 <appendix> member <vmtarget> ; # jdk/internal/foreign/abi/CallingSequenceBuilder$$TypeSwitch+0x0000027a15353af0
instanceKlass jdk/internal/foreign/abi/Binding$Dereference
instanceKlass  @bci jdk/internal/foreign/Utils pointeeByteAlign (Ljava/lang/foreign/AddressLayout;)J 6 <appendix> argL0 ; # jdk/internal/foreign/Utils$$Lambda+0x0000027a15351d28
instanceKlass  @bci jdk/internal/foreign/Utils pointeeByteSize (Ljava/lang/foreign/AddressLayout;)J 6 <appendix> argL0 ; # jdk/internal/foreign/Utils$$Lambda+0x0000027a15351ad8
instanceKlass  @cpi jdk/internal/foreign/Utils 436 form vmentry <vmtarget> ; # java/lang/invoke/LambdaForm$DMH+0x0000027a1533a000
instanceKlass jdk/internal/foreign/abi/Binding$Move
instanceKlass jdk/internal/foreign/abi/x64/windows/CallArranger$1
instanceKlass jdk/internal/foreign/abi/Binding$Builder
instanceKlass jdk/internal/foreign/abi/Binding
instanceKlass  @bci jdk/internal/foreign/abi/x64/windows/CallArranger isInMemoryReturn (Ljava/util/Optional;)Z 16 <appendix> argL0 ; # jdk/internal/foreign/abi/x64/windows/CallArranger$$Lambda+0x0000027a15350cf0
instanceKlass  @bci jdk/internal/foreign/abi/x64/windows/CallArranger isInMemoryReturn (Ljava/util/Optional;)Z 8 <appendix> member <vmtarget> ; # jdk/internal/foreign/abi/x64/windows/CallArranger$$Lambda+0x0000027a15350a88
instanceKlass jdk/internal/foreign/abi/x64/windows/CallArranger$BoxBindingCalculator
instanceKlass jdk/internal/foreign/abi/x64/windows/CallArranger$StorageCalculator
instanceKlass jdk/internal/foreign/abi/x64/windows/CallArranger$UnboxBindingCalculator
instanceKlass jdk/internal/foreign/abi/x64/windows/CallArranger$BindingCalculator
instanceKlass jdk/internal/foreign/abi/CallingSequenceBuilder
instanceKlass jdk/internal/foreign/abi/x64/windows/CallArranger$1CallingSequenceBuilderHelper
instanceKlass java/util/stream/Sink$ChainedInt
instanceKlass java/util/stream/Sink$OfInt
instanceKlass java/util/function/IntConsumer
instanceKlass  @bci jdk/internal/foreign/abi/x64/X86_64Architecture abiFor ([Ljdk/internal/foreign/abi/VMStorage;[Ljdk/internal/foreign/abi/VMStorage;[Ljdk/internal/foreign/abi/VMStorage;[Ljdk/internal/foreign/abi/VMStorage;I[Ljdk/internal/foreign/abi/VMStorage;[Ljdk/internal/foreign/abi/VMStorage;IILjdk/internal/foreign/abi/VMStorage;Ljdk/internal/foreign/abi/VMStorage;)Ljdk/internal/foreign/abi/ABIDescriptor; 49 <appendix> argL0 ; # jdk/internal/foreign/abi/x64/X86_64Architecture$$Lambda+0x0000027a1534f390
instanceKlass  @bci jdk/internal/foreign/abi/x64/X86_64Architecture abiFor ([Ljdk/internal/foreign/abi/VMStorage;[Ljdk/internal/foreign/abi/VMStorage;[Ljdk/internal/foreign/abi/VMStorage;[Ljdk/internal/foreign/abi/VMStorage;I[Ljdk/internal/foreign/abi/VMStorage;[Ljdk/internal/foreign/abi/VMStorage;IILjdk/internal/foreign/abi/VMStorage;Ljdk/internal/foreign/abi/VMStorage;)Ljdk/internal/foreign/abi/ABIDescriptor; 39 <appendix> argL0 ; # jdk/internal/foreign/abi/x64/X86_64Architecture$$Lambda+0x0000027a1534ec30
instanceKlass java/util/Spliterators$EmptySpliterator
instanceKlass java/util/Spliterator$OfInt
instanceKlass java/util/Spliterator$OfPrimitive
instanceKlass java/util/stream/IntStream
instanceKlass jdk/internal/foreign/abi/x64/X86_64Architecture
instanceKlass jdk/internal/foreign/abi/Architecture
instanceKlass jdk/internal/foreign/abi/x64/X86_64Architecture$Regs
instanceKlass jdk/internal/foreign/abi/x64/windows/CallArranger
instanceKlass  @bci jdk/internal/foreign/abi/NativeEntryPoint$CacheKey hashCode ()I 1 <adapter> ; # java/lang/invoke/LambdaForm$MH+0x0000027a15339c00
instanceKlass  @bci jdk/internal/foreign/abi/NativeEntryPoint$CacheKey hashCode ()I 1 <appendix> form vmentry <vmtarget> ; # java/lang/invoke/LambdaForm$MH+0x0000027a15339800
# instanceKlass java/lang/invoke/LambdaForm$MH+0x0000027a15339400
# instanceKlass java/lang/invoke/LambdaForm$MH+0x0000027a15339000
instanceKlass  @bci jdk/internal/foreign/abi/NativeEntryPoint$CacheKey hashCode ()I 1 <appendix> form names 7 function resolvedHandle form vmentry <vmtarget> ; # java/lang/invoke/LambdaForm$DMH+0x0000027a15338c00
instanceKlass  @bci jdk/internal/foreign/abi/NativeEntryPoint$CacheKey hashCode ()I 1 <appendix> argL2 argL2 argL2 argL1 form vmentry <vmtarget> ; # java/lang/invoke/LambdaForm$MH+0x0000027a15338800
instanceKlass  @bci jdk/internal/foreign/abi/NativeEntryPoint$CacheKey hashCode ()I 1 <appendix> argL2 argL2 argL2 argL2 argL2 argL2 argL2 form vmentry <vmtarget> ; # java/lang/invoke/LambdaForm$MH+0x0000027a15338400
instanceKlass  @bci java/lang/runtime/ObjectMethods bootstrap (Ljava/lang/invoke/MethodHandles$Lookup;Ljava/lang/String;Ljava/lang/invoke/TypeDescriptor;Ljava/lang/Class;Ljava/lang/String;[Ljava/lang/invoke/MethodHandle;)Ljava/lang/Object; 37 <appendix> argL0 ; # java/lang/runtime/ObjectMethods$$Lambda+0x0000027a1534d4e8
# instanceKlass java/lang/invoke/LambdaForm$DMH+0x0000027a15338000
# instanceKlass java/lang/invoke/LambdaForm$DMH+0x0000027a15337c00
# instanceKlass java/lang/invoke/LambdaForm$DMH+0x0000027a15337800
# instanceKlass java/lang/invoke/LambdaForm$DMH+0x0000027a15337400
# instanceKlass java/lang/invoke/LambdaForm$DMH+0x0000027a15337000
# instanceKlass java/lang/invoke/LambdaForm$DMH+0x0000027a15336c00
# instanceKlass java/lang/invoke/LambdaForm$DMH+0x0000027a15336800
# instanceKlass java/lang/invoke/LambdaForm$DMH+0x0000027a15336400
# instanceKlass java/lang/invoke/LambdaForm$DMH+0x0000027a15336000
# instanceKlass java/lang/invoke/LambdaForm$DMH+0x0000027a15335c00
# instanceKlass java/lang/invoke/LambdaForm$DMH+0x0000027a15335800
# instanceKlass java/lang/invoke/LambdaForm$DMH+0x0000027a15335400
# instanceKlass java/lang/invoke/LambdaForm$MH+0x0000027a15335000
instanceKlass  @bci jdk/internal/foreign/abi/NativeEntryPoint$CacheKey hashCode ()I 1 <appendix> argL2 argL2 argL2 argL2 argL2 argL1 argL1 form vmentry <vmtarget> ; # java/lang/invoke/LambdaForm$MH+0x0000027a15334c00
# instanceKlass java/lang/invoke/LambdaForm$DMH+0x0000027a15334800
instanceKlass java/lang/runtime/ObjectMethods
instanceKlass  @bci jdk/internal/foreign/abi/SoftReferenceCache get (Ljava/lang/Object;Ljava/util/function/Function;)Ljava/lang/Object; 6 <appendix> member <vmtarget> ; # jdk/internal/foreign/abi/SoftReferenceCache$$Lambda+0x0000027a1534d078
instanceKlass jdk/internal/foreign/abi/SoftReferenceCache$Node
instanceKlass  @bci jdk/internal/foreign/abi/AbstractLinker downcallHandle0 (Ljava/lang/foreign/FunctionDescriptor;[Ljava/lang/foreign/Linker$Option;)Ljava/lang/invoke/MethodHandle; 46 <appendix> member <vmtarget> ; # jdk/internal/foreign/abi/AbstractLinker$$Lambda+0x0000027a1534cc00
instanceKlass  @bci jdk/internal/foreign/abi/LinkerOptions forDowncall (Ljava/lang/foreign/FunctionDescriptor;[Ljava/lang/foreign/Linker$Option;)Ljdk/internal/foreign/abi/LinkerOptions; 0 <appendix> argL0 ; # jdk/internal/foreign/abi/LinkerOptions$$Lambda+0x0000027a1534c560
instanceKlass  @cpi jdk/internal/foreign/abi/LinkerOptions 193 form vmentry <vmtarget> ; # java/lang/invoke/LambdaForm$DMH+0x0000027a15334400
instanceKlass jdk/internal/foreign/abi/LinkerOptions$LinkerOptionImpl
instanceKlass  @bci jdk/internal/foreign/abi/AbstractLinker stripNames (Ljava/lang/foreign/FunctionDescriptor;)Ljava/lang/foreign/FunctionDescriptor; 16 <appendix> member <vmtarget> ; # jdk/internal/foreign/abi/AbstractLinker$$Lambda+0x0000027a1534c328
instanceKlass  @bci jdk/internal/foreign/abi/AbstractLinker stripNames (Ljava/util/List;)[Ljava/lang/foreign/MemoryLayout; 16 <appendix> argL0 ; # jdk/internal/foreign/abi/AbstractLinker$$Lambda+0x0000027a1534c0f8
instanceKlass  @bci jdk/internal/foreign/abi/AbstractLinker stripNames (Ljava/util/List;)[Ljava/lang/foreign/MemoryLayout; 6 <appendix> argL0 ; # jdk/internal/foreign/abi/AbstractLinker$$Lambda+0x0000027a1534bea8
instanceKlass  @bci jdk/internal/foreign/abi/AbstractLinker stripNames (Ljava/lang/foreign/MemoryLayout;)Ljava/lang/foreign/MemoryLayout; 149 <appendix> member <vmtarget> ; # jdk/internal/foreign/abi/AbstractLinker$$Lambda+0x0000027a1534bc70
instanceKlass  @bci jdk/internal/foreign/abi/AbstractLinker stripNames (Ljava/lang/foreign/MemoryLayout;)Ljava/lang/foreign/MemoryLayout; 134 <appendix> member <vmtarget> ; # jdk/internal/foreign/abi/AbstractLinker$$Lambda+0x0000027a1534ba18
instanceKlass  @bci jdk/internal/foreign/abi/AbstractLinker stripNames (Ljava/lang/foreign/MemoryLayout;)Ljava/lang/foreign/MemoryLayout; 11 <appendix> member <vmtarget> ; # jdk/internal/foreign/abi/AbstractLinker$$TypeSwitch+0x0000027a1534b800
instanceKlass  @bci jdk/internal/foreign/abi/AbstractLinker stripNames (Ljava/lang/foreign/FunctionDescriptor;)Ljava/lang/foreign/FunctionDescriptor; 7 <appendix> member <vmtarget> ; # jdk/internal/foreign/abi/AbstractLinker$$Lambda+0x0000027a1534b5a8
instanceKlass  @bci jdk/internal/foreign/abi/AbstractLinker checkLayouts (Ljava/lang/foreign/FunctionDescriptor;)V 22 <appendix> member <vmtarget> ; # jdk/internal/foreign/abi/AbstractLinker$$Lambda+0x0000027a1534b360
instanceKlass  @bci jdk/internal/foreign/abi/AbstractLinker checkLayouts (Ljava/lang/foreign/FunctionDescriptor;)V 7 <appendix> member <vmtarget> ; # jdk/internal/foreign/abi/AbstractLinker$$Lambda+0x0000027a1534b118
instanceKlass java/lang/foreign/Linker$Option
instanceKlass  @bci jdk/internal/foreign/SystemLookup lambda$makeWindowsLookup$4 (Ljava/lang/foreign/SymbolLookup;Ljava/util/function/Function;Ljava/lang/String;)Ljava/util/Optional; 25 <appendix> member <vmtarget> ; # jdk/internal/foreign/SystemLookup$$Lambda+0x0000027a1534acd8
instanceKlass  @bci java/lang/foreign/SymbolLookup lambda$or$0 (Ljava/lang/foreign/SymbolLookup;Ljava/lang/String;)Ljava/util/Optional; 9 <appendix> member <vmtarget> ; # java/lang/foreign/SymbolLookup$$Lambda+0x0000027a1534aaa0
instanceKlass  @bci jdk/internal/foreign/FunctionDescriptorImpl <init> (Ljava/lang/foreign/MemoryLayout;Ljava/util/List;)V 44 <appendix> argL0 ; # jdk/internal/foreign/FunctionDescriptorImpl$$Lambda+0x0000027a1534a840
instanceKlass jdk/internal/foreign/FunctionDescriptorImpl
instanceKlass  @bci java/lang/foreign/SymbolLookup or (Ljava/lang/foreign/SymbolLookup;)Ljava/lang/foreign/SymbolLookup; 7 <appendix> member <vmtarget> ; # java/lang/foreign/SymbolLookup$$Lambda+0x0000027a1534a380
instanceKlass  @cpi java/lang/foreign/SymbolLookup 273 form vmentry <vmtarget> ; # java/lang/invoke/LambdaForm$DMH+0x0000027a15334000
instanceKlass  @bci jdk/internal/foreign/SystemLookup makeWindowsLookup ()Ljava/lang/foreign/SymbolLookup; 128 <appendix> member <vmtarget> ; # jdk/internal/foreign/SystemLookup$$Lambda+0x0000027a1534a128
instanceKlass  @cpi jdk/internal/foreign/SystemLookup 304 form vmentry <vmtarget> ; # java/lang/invoke/LambdaForm$DMH+0x0000027a15333c00
instanceKlass  @bci jdk/internal/foreign/SystemLookup makeWindowsLookup ()Ljava/lang/foreign/SymbolLookup; 113 <appendix> member <vmtarget> ; # jdk/internal/foreign/SystemLookup$$Lambda+0x0000027a15349ed0
instanceKlass  @bci jdk/internal/foreign/SystemLookup makeWindowsLookup ()Ljava/lang/foreign/SymbolLookup; 77 <appendix> argL0 ; # jdk/internal/foreign/SystemLookup$$Lambda+0x0000027a15349820
instanceKlass  @bci jdk/internal/foreign/SystemLookup libLookup (Ljava/util/function/Function;)Ljava/lang/foreign/SymbolLookup; 17 <appendix> member <vmtarget> ; # jdk/internal/foreign/SystemLookup$$Lambda+0x0000027a153495c8
instanceKlass  @bci jdk/internal/foreign/SystemLookup makeWindowsLookup ()Ljava/lang/foreign/SymbolLookup; 62 <appendix> member <vmtarget> ; # jdk/internal/foreign/SystemLookup$$Lambda+0x0000027a15349130
instanceKlass jdk/internal/loader/RawNativeLibraries
instanceKlass java/lang/ProcessEnvironment$CheckedEntry
instanceKlass java/lang/ProcessEnvironment$CheckedEntrySet$1
instanceKlass java/lang/ProcessEnvironment$EntryComparator
instanceKlass java/lang/ProcessEnvironment$NameComparator
instanceKlass  @bci jdk/internal/foreign/SystemLookup <clinit> ()V 10 <appendix> argL0 ; # jdk/internal/foreign/SystemLookup$$Lambda+0x0000027a15347a40
instanceKlass jdk/internal/foreign/SystemLookup
instanceKlass  @bci java/lang/foreign/SymbolLookup loaderLookup ()Ljava/lang/foreign/SymbolLookup; 49 <appendix> member <vmtarget> ; # java/lang/foreign/SymbolLookup$$Lambda+0x0000027a15347598
instanceKlass java/lang/foreign/SymbolLookup
instanceKlass java/util/AbstractMap$ValueIterator
instanceKlass jdk/internal/foreign/abi/SoftReferenceCache
instanceKlass jdk/internal/foreign/abi/x64/windows/Windowsx64Linker$1Holder
instanceKlass jdk/internal/foreign/abi/AbstractLinker
instanceKlass jdk/internal/vm/ForeignLinkerSupport
instanceKlass jdk/internal/foreign/abi/SharedUtils$4
instanceKlass  @bci jdk/internal/foreign/abi/SharedUtils <clinit> ()V 168 <appendix> argL0 ; # jdk/internal/foreign/abi/SharedUtils$$Lambda+0x0000027a15345ce0
instanceKlass  @cpi jdk/internal/foreign/abi/SharedUtils 950 form vmentry <vmtarget> ; # java/lang/invoke/LambdaForm$DMH+0x0000027a15333800
# instanceKlass java/lang/invoke/LambdaForm$DMH+0x0000027a15333400
instanceKlass  @cpi jdk/internal/foreign/SystemLookup 294 form vmentry <vmtarget> ; # java/lang/invoke/LambdaForm$DMH+0x0000027a15333000
# instanceKlass java/lang/invoke/LambdaForm$DMH+0x0000027a15332c00
instanceKlass jdk/internal/foreign/abi/SharedUtils$1
instanceKlass java/lang/foreign/UnionLayout
instanceKlass  @bci java/lang/foreign/MemoryLayout unionLayout ([Ljava/lang/foreign/MemoryLayout;)Ljava/lang/foreign/UnionLayout; 9 <appendix> argL0 ; # java/lang/foreign/MemoryLayout$$Lambda+0x0000027a15345230
instanceKlass  @bci java/lang/foreign/MemoryLayout sequenceLayout (JLjava/lang/foreign/MemoryLayout;)Ljava/lang/foreign/SequenceLayout; 19 <adapter> ; # java/lang/invoke/LambdaForm$MH+0x0000027a15332800
# instanceKlass java/lang/invoke/LambdaForm$DMH+0x0000027a15332400
instanceKlass  @bci java/lang/foreign/MemoryLayout sequenceLayout (JLjava/lang/foreign/MemoryLayout;)Ljava/lang/foreign/SequenceLayout; 19 <appendix> form vmentry <vmtarget> ; # java/lang/invoke/LambdaForm$DMH+0x0000027a15332000
instanceKlass  @bci java/lang/foreign/MemoryLayout sequenceLayout (JLjava/lang/foreign/MemoryLayout;)Ljava/lang/foreign/SequenceLayout; 19 <appendix> member <vmtarget> ; # java/lang/foreign/MemoryLayout$$Lambda+0x0000027a15344c18
instanceKlass java/lang/foreign/SequenceLayout
instanceKlass sun/font/HBShaper
instanceKlass sun/font/GlyphLayout$LayoutEngineKey
instanceKlass sun/font/GlyphLayout$EngineRecord
instanceKlass sun/font/ScriptRunData
instanceKlass sun/font/FontSubstitution
instanceKlass sun/font/GlyphLayout$SDCache$SDKey
instanceKlass sun/font/GlyphLayout$SDCache
instanceKlass sun/font/FontRunIterator
instanceKlass sun/font/ScriptRun
instanceKlass sun/font/TextRecord
instanceKlass sun/font/GlyphLayout$GVData
instanceKlass sun/font/SunLayoutEngine
instanceKlass sun/font/GlyphLayout$LayoutEngineFactory
instanceKlass sun/font/GlyphLayout$LayoutEngine
instanceKlass sun/font/GlyphLayout
instanceKlass sun/font/TextLabel
instanceKlass sun/font/Decoration$Label
instanceKlass sun/font/TextSource
instanceKlass java/awt/font/GraphicAttribute
instanceKlass sun/font/TextLineComponent
instanceKlass sun/font/TextLabelFactory
instanceKlass java/awt/font/CharArrayIterator
instanceKlass java/awt/font/TextLine$Function
instanceKlass java/awt/font/TextLine
instanceKlass java/text/AttributeEntry
instanceKlass sun/font/Decoration
instanceKlass java/awt/font/StyledParagraph
instanceKlass jdk/internal/icu/text/UTF16
instanceKlass jdk/internal/icu/text/BidiBase$TextAttributeConstants
instanceKlass jdk/internal/icu/text/BidiBase$Point
instanceKlass jdk/internal/icu/text/BidiBase$InsertPoints
instanceKlass jdk/internal/icu/text/BidiRun
instanceKlass java/awt/font/TextMeasurer
instanceKlass java/awt/font/LineBreakMeasurer
instanceKlass net/sf/jasperreports/engine/util/ParagraphUtil
instanceKlass java/text/StringCharacterIterator
instanceKlass java/text/BreakIterator$BreakIteratorCache
instanceKlass sun/text/SupplementaryCharacterData
instanceKlass sun/text/CompactByteArray
instanceKlass  @bci jdk/internal/reflect/DirectMethodHandleAccessor invokeImpl (Ljava/lang/Object;[Ljava/lang/Object;)Ljava/lang/Object; 92 <adapter> ; # java/lang/invoke/LambdaForm$MH+0x0000027a15331c00
# instanceKlass java/lang/invoke/LambdaForm$MH+0x0000027a15331800
# instanceKlass java/lang/invoke/LambdaForm$MH+0x0000027a15331400
instanceKlass java/lang/invoke/LambdaFormEditor$1
# instanceKlass java/lang/invoke/LambdaForm$MH+0x0000027a15331000
# instanceKlass java/lang/invoke/LambdaForm$MH+0x0000027a15330c00
# instanceKlass java/lang/invoke/LambdaForm$BMH+0x0000027a15330800
# instanceKlass java/lang/invoke/LambdaForm$DMH+0x0000027a15330400
# instanceKlass java/lang/invoke/LambdaForm$DMH+0x0000027a15330000
instanceKlass java/awt/font/GlyphVector
instanceKlass net/sf/jasperreports/engine/util/text/FontTextLayoutAssessor
instanceKlass net/sf/jasperreports/engine/util/text/TextLayoutAssessor
instanceKlass net/sf/jasperreports/engine/util/text/TextLayoutUtils
instanceKlass jdk/internal/icu/impl/Trie2$UTrie2Header
instanceKlass jdk/internal/icu/impl/Trie2$1
instanceKlass jdk/internal/icu/impl/Trie2$ValueMapper
instanceKlass jdk/internal/icu/impl/Trie2
instanceKlass jdk/internal/icu/impl/UBiDiProps$IsAcceptable
instanceKlass jdk/internal/icu/impl/ICUBinary$Authenticate
instanceKlass jdk/internal/icu/impl/ICUBinary
instanceKlass jdk/internal/icu/impl/UBiDiProps
instanceKlass jdk/internal/icu/lang/UCharacter
instanceKlass jdk/internal/icu/text/BidiBase$ImpTabPair
instanceKlass jdk/internal/icu/text/BidiBase
instanceKlass java/text/Bidi
instanceKlass net/sf/jasperreports/engine/util/TextUtils
instanceKlass net/sf/jasperreports/engine/util/StyledTextListItemInfo
instanceKlass java/text/Annotation
instanceKlass  @bci net/sf/jasperreports/engine/util/JRStyledText getAwtAttributedString (Lnet/sf/jasperreports/engine/fonts/FontUtil;Z)Ljava/text/AttributedString; 2 <appendix> member <vmtarget> ; # net/sf/jasperreports/engine/util/JRStyledText$$Lambda+0x0000027a1532bc58
instanceKlass net/sf/jasperreports/engine/fill/SimpleTextLineWrapper$ElementFontInfo
instanceKlass net/sf/jasperreports/engine/fill/SimpleTextLineWrapper$FontStatistics
instanceKlass net/sf/jasperreports/engine/fill/SimpleTextLineWrapper$FontInfo
instanceKlass java/awt/font/LineMetrics
instanceKlass sun/font/CoreMetrics
instanceKlass net/sf/jasperreports/engine/export/AbstractTextRenderer
instanceKlass sun/font/AttributeValues$1
instanceKlass net/sf/jasperreports/engine/fill/SimpleTextLineWrapper$FontKey
instanceKlass net/sf/jasperreports/engine/fonts/AwtFontAttribute
instanceKlass net/sf/jasperreports/engine/fill/TextMeasurer$TextMeasuredState
instanceKlass net/sf/jasperreports/engine/fill/TextMeasurer$1
instanceKlass net/sf/jasperreports/engine/fonts/FontSetInfoKey
instanceKlass net/sf/jasperreports/engine/fonts/FontInfoKey
instanceKlass net/sf/jasperreports/engine/util/Pair
instanceKlass net/sf/jasperreports/engine/util/MaxFontSizeFinder
instanceKlass net/sf/jasperreports/engine/fill/ComplexTextLineWrapper
instanceKlass net/sf/jasperreports/engine/fill/TextLine
instanceKlass net/sf/jasperreports/engine/fill/SimpleTextLineWrapper
instanceKlass net/sf/jasperreports/engine/fill/TextMeasurer$Context
instanceKlass net/sf/jasperreports/engine/fill/JRMeasuredText
instanceKlass net/sf/jasperreports/engine/fill/TextLineWrapper
instanceKlass net/sf/jasperreports/engine/fill/TextMeasureContext
instanceKlass net/sf/jasperreports/engine/fill/TextMeasurer
instanceKlass net/sf/jasperreports/engine/fill/JRTextMeasurer
instanceKlass net/sf/jasperreports/engine/util/AbstractTextMeasurerFactory
instanceKlass net/sf/jasperreports/engine/util/JRTextMeasurerFactory
instanceKlass net/sf/jasperreports/engine/util/JRTextMeasurerUtil
instanceKlass net/sf/jasperreports/renderers/AreaHyperlinksRenderable
instanceKlass net/sf/jasperreports/engine/util/JRStyledTextParser$XmlStyledTextListWriter
instanceKlass net/sf/jasperreports/engine/util/StyledTextWriteContext
instanceKlass net/sf/jasperreports/engine/util/JRStyledText$Run
instanceKlass net/sf/jasperreports/engine/util/JRStyledText
instanceKlass net/sf/jasperreports/engine/util/EditorKitMarkupProcessor
instanceKlass net/sf/jasperreports/engine/util/MarkupProcessor
instanceKlass net/sf/jasperreports/engine/util/HtmlEditorKitMarkupProcessor$Factory
instanceKlass net/sf/jasperreports/engine/fill/JRFillHyperlinkHelper
instanceKlass net/sf/jasperreports/compilers/DirectFieldEvaluator
instanceKlass net/sf/jasperreports/engine/fill/JRFillElement$1
instanceKlass net/sf/jasperreports/engine/fill/JRFillTextElement$FillStyleObjects
instanceKlass net/sf/jasperreports/engine/fill/CachingParagraph
instanceKlass net/sf/jasperreports/engine/fill/CachingLineBox
instanceKlass  @bci net/sf/jasperreports/engine/fill/OffsetElementsUtil transfer (Ljava/util/List;Ljava/util/function/Consumer;)V 7 <appendix> member <vmtarget> ; # net/sf/jasperreports/engine/fill/OffsetElementsUtil$$Lambda+0x0000027a15325a08
instanceKlass net/sf/jasperreports/engine/fill/OffsetElementsUtil
instanceKlass  @bci java/util/function/Consumer andThen (Ljava/util/function/Consumer;)Ljava/util/function/Consumer; 7 <appendix> member <vmtarget> ; # java/util/function/Consumer$$Lambda+0x0000027a152fac00
instanceKlass  @cpi java/util/function/Consumer 43 form vmentry <vmtarget> ; # java/lang/invoke/LambdaForm$DMH+0x0000027a1531c400
instanceKlass  @bci net/sf/jasperreports/engine/fill/JRBaseFiller fillBand (Lnet/sf/jasperreports/engine/fill/JRPrintBand;)V 110 <appendix> member <vmtarget> ; # net/sf/jasperreports/engine/fill/JRBaseFiller$$Lambda+0x0000027a153255a8
instanceKlass  @bci net/sf/jasperreports/engine/fill/JRBaseFiller fillBand (Lnet/sf/jasperreports/engine/fill/JRPrintBand;)V 1 <appendix> member <vmtarget> ; # net/sf/jasperreports/engine/fill/JRBaseFiller$$Lambda+0x0000027a15325360
instanceKlass net/sf/jasperreports/engine/fill/JRPrintBand
instanceKlass net/sf/jasperreports/engine/fill/OffsetElementsContainer
instanceKlass net/sf/jasperreports/engine/base/JRBasePrintPage
instanceKlass net/sf/jasperreports/engine/fill/JRCalculator$1
instanceKlass net/sf/jasperreports/compilers/StandardExpressionEvaluators$2
instanceKlass net/sf/jasperreports/engine/fill/AbstractValueProvider
instanceKlass net/sf/jasperreports/engine/fill/JRAbstractExtendedIncrementer
instanceKlass net/sf/jasperreports/engine/fill/JRDefaultIncrementerFactory$1
instanceKlass net/sf/jasperreports/engine/fill/JRIntegerIncrementerFactory$1
instanceKlass net/sf/jasperreports/engine/fill/JRExtendedIncrementer
instanceKlass net/sf/jasperreports/engine/fill/JRIncrementer
instanceKlass net/sf/jasperreports/engine/fill/JRAbstractExtendedIncrementerFactory
instanceKlass net/sf/jasperreports/engine/fill/JRExtendedIncrementerFactory
instanceKlass com/mysql/cj/protocol/InternalTime
instanceKlass com/mysql/cj/jdbc/result/ResultSetMetaData
instanceKlass net/sf/jasperreports/engine/util/JRDataUtils
instanceKlass net/sf/jasperreports/engine/util/DeduplicableRegistry$DeduplicableWrapper
instanceKlass net/sf/jasperreports/engine/util/DeduplicableRegistry$DeduplicableMap
instanceKlass net/sf/jasperreports/engine/base/JRBaseStyle$1
instanceKlass org/apache/commons/collections4/map/AbstractLinkedMap$LinkIterator
instanceKlass org/apache/commons/collections4/ResettableIterator
instanceKlass org/apache/commons/collections4/OrderedMapIterator
instanceKlass org/apache/commons/collections4/OrderedIterator
instanceKlass org/apache/commons/collections4/OrderedMap
instanceKlass  @bci net/sf/jasperreports/engine/fill/events/FillEvents collectFillListeners (Lnet/sf/jasperreports/engine/fill/JRFillContext;)Ljava/util/List; 23 <appendix> member <vmtarget> ; # net/sf/jasperreports/engine/fill/events/FillEvents$$Lambda+0x0000027a153214a8
instanceKlass net/sf/jasperreports/engine/fill/events/ReportFillListenerProvider
instanceKlass net/sf/jasperreports/engine/fill/events/ReportFillListenerProvider$ListenerConsumer
instanceKlass net/sf/jasperreports/engine/fill/events/FillEvents
instanceKlass net/sf/jasperreports/engine/fill/DatasetSortUtil
instanceKlass net/sf/jasperreports/engine/JRResultSetDataSource
instanceKlass net/sf/jasperreports/engine/query/JRJdbcQueryExecuter$1
instanceKlass net/sf/jasperreports/engine/query/OracleProcedureCallHandlerFactory
instanceKlass net/sf/jasperreports/engine/query/JRAbstractQueryExecuter$QueryParameter
instanceKlass net/sf/jasperreports/engine/query/JRAbstractQueryExecuter$QueryParameterEntry
instanceKlass net/sf/jasperreports/engine/query/ProcedureCallHandlerFactory
instanceKlass net/sf/jasperreports/engine/query/JRAbstractQueryExecuter$QueryParameterVisitor
instanceKlass net/sf/jasperreports/engine/query/JRQueryClauseContext
instanceKlass net/sf/jasperreports/engine/util/JRQueryChunkHandler
instanceKlass net/sf/jasperreports/engine/query/JRAbstractQueryExecuter
instanceKlass net/sf/jasperreports/engine/query/SimpleQueryExecutionContext
instanceKlass net/sf/jasperreports/engine/query/JRQueryExecuter
instanceKlass net/sf/jasperreports/engine/query/AbstractQueryExecuterFactory
instanceKlass net/sf/jasperreports/engine/util/Designated
instanceKlass net/sf/jasperreports/engine/util/JRQueryExecuterUtils
instanceKlass net/sf/jasperreports/engine/ParameterContributorFactory
instanceKlass net/sf/jasperreports/engine/ParameterContributorContext
instanceKlass net/sf/jasperreports/engine/type/EnumUtil
instanceKlass net/sf/jasperreports/engine/scriptlets/ScriptletFactoryContext
instanceKlass net/sf/jasperreports/engine/util/DefaultFormatFactory
instanceKlass net/sf/jasperreports/engine/util/FormatFactory
instanceKlass net/sf/jasperreports/engine/fill/JREvaluationTime$1
instanceKlass net/sf/jasperreports/engine/fill/JRResourcesFillUtil$ResourcesFillContext
instanceKlass net/sf/jasperreports/engine/fill/JRResourcesFillUtil
instanceKlass net/sf/jasperreports/engine/SimpleJasperReportsContext
instanceKlass net/sf/jasperreports/engine/fill/JREvaluationTime
instanceKlass net/sf/jasperreports/engine/fill/FillBaseExpressionValues
instanceKlass  @bci net/sf/jasperreports/compilers/CompositeDirectExpressionEvaluators init (Lnet/sf/jasperreports/engine/fill/JREvaluator;Ljava/util/Map;Ljava/util/Map;Ljava/util/Map;)V 9 <appendix> member <vmtarget> ; # net/sf/jasperreports/compilers/CompositeDirectExpressionEvaluators$$Lambda+0x0000027a1531b918
instanceKlass  @cpi jdk/internal/foreign/abi/BindingSpecializer 1379 form vmentry <vmtarget> ; # java/lang/invoke/LambdaForm$DMH+0x0000027a1531c000
instanceKlass net/sf/jasperreports/engine/fill/FillFunctionContext
instanceKlass net/sf/jasperreports/engine/component/ConditionalStyleAwareFillComponent
instanceKlass net/sf/jasperreports/engine/fill/AbstractVariableReturnValueSourceContext
instanceKlass net/sf/jasperreports/engine/fill/JRFillDatasetRun
instanceKlass net/sf/jasperreports/engine/JRSubreport
instanceKlass net/sf/jasperreports/engine/component/BaseFillComponent
instanceKlass  @bci net/sf/jasperreports/engine/component/DefaultComponentsBundle getComponentManager (Ljava/lang/Class;)Ljava/util/Optional; 30 <appendix> argL0 ; # net/sf/jasperreports/engine/component/DefaultComponentsBundle$$Lambda+0x0000027a15319780
instanceKlass  @bci net/sf/jasperreports/engine/component/DefaultComponentsBundle getComponentManager (Ljava/lang/Class;)Ljava/util/Optional; 15 <appendix> member <vmtarget> ; # net/sf/jasperreports/engine/component/DefaultComponentsBundle$$Lambda+0x0000027a15319518
instanceKlass  @bci net/sf/jasperreports/engine/component/ComponentsEnvironment getManager (Ljava/lang/Class;)Lnet/sf/jasperreports/engine/component/ComponentManager; 32 <appendix> argL0 ; # net/sf/jasperreports/engine/component/ComponentsEnvironment$$Lambda+0x0000027a153192c8
instanceKlass  @bci net/sf/jasperreports/engine/component/ComponentsEnvironment getManager (Ljava/lang/Class;)Lnet/sf/jasperreports/engine/component/ComponentManager; 22 <appendix> argL0 ; # net/sf/jasperreports/engine/component/ComponentsEnvironment$$Lambda+0x0000027a15319068
instanceKlass  @bci net/sf/jasperreports/engine/component/ComponentsEnvironment getManager (Ljava/lang/Class;)Lnet/sf/jasperreports/engine/component/ComponentManager; 12 <appendix> member <vmtarget> ; # net/sf/jasperreports/engine/component/ComponentsEnvironment$$Lambda+0x0000027a15318e10
instanceKlass net/sf/jasperreports/engine/component/ComponentsEnvironment
instanceKlass net/sf/jasperreports/engine/component/FillContext
instanceKlass net/sf/jasperreports/engine/JRPrintRectangle
instanceKlass net/sf/jasperreports/engine/JRBreak
instanceKlass net/sf/jasperreports/engine/fill/JRYComparator
instanceKlass net/sf/jasperreports/engine/JRPrintImage
instanceKlass net/sf/jasperreports/engine/JRPrintGraphicElement
instanceKlass net/sf/jasperreports/engine/fill/JRRecordedValuesPrintElement
instanceKlass net/sf/jasperreports/engine/fill/JRTemplatePrintElement
instanceKlass net/sf/jasperreports/engine/virtualization/VirtualizationSerializable
instanceKlass net/sf/jasperreports/engine/util/JRCloneUtils
instanceKlass net/sf/jasperreports/engine/fill/FillStyleProviderContext
instanceKlass net/sf/jasperreports/engine/ElementsVisitor
instanceKlass net/sf/jasperreports/engine/util/ElementsVisitorUtils
instanceKlass net/sf/jasperreports/engine/fill/DefaultPrintElementOriginator
instanceKlass net/sf/jasperreports/engine/fill/JRTemplateElement
instanceKlass net/sf/jasperreports/engine/JRPrintText
instanceKlass net/sf/jasperreports/engine/fill/TextFormat
instanceKlass net/sf/jasperreports/engine/JRPrintHyperlink
instanceKlass net/sf/jasperreports/engine/JRPrintAnchor
instanceKlass net/sf/jasperreports/engine/style/StyleProviderContext
instanceKlass net/sf/jasperreports/engine/JROrigin
instanceKlass sun/font/SunFontManager$1
instanceKlass sun/font/FileFont$CreatedFontFileDisposerRecord
instanceKlass sun/nio/fs/WindowsChannelFactory$2
instanceKlass java/nio/file/TempFileHelper
instanceKlass net/sf/jasperreports/engine/fonts/AwtFontManager
instanceKlass net/sf/jasperreports/engine/fonts/SimpleFontFace
instanceKlass net/sf/jasperreports/engine/fonts/FontFace
instanceKlass net/sf/jasperreports/engine/fonts/SimpleFontFamily
instanceKlass org/w3c/dom/Attr
instanceKlass com/sun/org/apache/xerces/internal/dom/NamedNodeMapImpl
instanceKlass org/w3c/dom/NamedNodeMap
instanceKlass org/w3c/dom/Comment
instanceKlass com/sun/org/apache/xerces/internal/dom/CharacterDataImpl$1
instanceKlass org/w3c/dom/Text
instanceKlass org/w3c/dom/CharacterData
instanceKlass com/sun/org/apache/xerces/internal/dom/DeferredDocumentImpl$RefCount
instanceKlass com/sun/org/apache/xerces/internal/dom/NodeListCache
instanceKlass org/w3c/dom/TypeInfo
instanceKlass org/w3c/dom/ElementTraversal
instanceKlass org/w3c/dom/Element
instanceKlass org/w3c/dom/DocumentType
instanceKlass com/sun/org/apache/xerces/internal/dom/NodeImpl
instanceKlass org/w3c/dom/events/EventTarget
instanceKlass org/w3c/dom/NodeList
instanceKlass org/w3c/dom/Document
instanceKlass org/w3c/dom/ranges/DocumentRange
instanceKlass org/w3c/dom/events/DocumentEvent
instanceKlass org/w3c/dom/traversal/DocumentTraversal
instanceKlass com/sun/org/apache/xerces/internal/dom/DeferredNode
instanceKlass  @bci net/sf/jasperreports/engine/util/JRResourcesUtil resolveFile (Lnet/sf/jasperreports/repo/RepositoryContext;Ljava/lang/String;)Ljava/io/File; 2 <appendix> argL0 ; # net/sf/jasperreports/engine/util/JRResourcesUtil$$Lambda+0x0000027a15306a40
instanceKlass net/sf/jasperreports/engine/util/ThreadLocalStack
instanceKlass net/sf/jasperreports/engine/util/JRResourcesUtil
instanceKlass net/sf/jasperreports/repo/InputStreamPersistenceService
instanceKlass net/sf/jasperreports/repo/PersistenceService
instanceKlass net/sf/jasperreports/repo/DefaultRepositoryPersistenceServiceFactory
instanceKlass net/sf/jasperreports/repo/PersistenceServiceFactory
instanceKlass net/sf/jasperreports/repo/PersistenceUtil
instanceKlass net/sf/jasperreports/repo/ObjectResource
instanceKlass net/sf/jasperreports/repo/Resource
instanceKlass net/sf/jasperreports/repo/ResourceInfo
instanceKlass net/sf/jasperreports/repo/DefaultRepositoryService
instanceKlass net/sf/jasperreports/repo/StreamRepositoryService
instanceKlass net/sf/jasperreports/repo/RepositoryService
instanceKlass java/util/concurrent/atomic/AtomicReference
instanceKlass net/sf/jasperreports/repo/RepositoryUtil
instanceKlass net/sf/jasperreports/engine/fonts/FontExtensionsCollector
instanceKlass javax/xml/parsers/DocumentBuilder
instanceKlass  @bci javax/xml/parsers/FactoryFinder newInstance (Ljava/lang/Class;Ljava/lang/String;Ljava/lang/ClassLoader;ZZ)Ljava/lang/Object; 80 <appendix> member <vmtarget> ; # javax/xml/parsers/FactoryFinder$$Lambda+0x0000027a152f1ee0
instanceKlass javax/xml/catalog/CatalogReader$1
instanceKlass javax/xml/catalog/Normalizer
instanceKlass com/sun/org/apache/xerces/internal/impl/Constants$ArrayEnumeration
instanceKlass com/sun/org/apache/xerces/internal/impl/Constants
instanceKlass com/sun/org/apache/xerces/internal/parsers/AbstractSAXParser$LocatorProxy
instanceKlass org/xml/sax/ext/Locator2
instanceKlass org/xml/sax/Locator
instanceKlass com/sun/org/apache/xerces/internal/util/XMLSymbols
instanceKlass com/sun/org/apache/xerces/internal/util/XMLChar
instanceKlass com/sun/xml/internal/stream/Entity
instanceKlass com/sun/xml/internal/stream/util/BufferAllocator
instanceKlass com/sun/xml/internal/stream/util/ThreadLocalBufferAllocator
instanceKlass com/sun/org/apache/xerces/internal/impl/XMLEntityManager$EncodingInfo
instanceKlass java/util/AbstractMap$SimpleEntry
instanceKlass jdk/internal/jimage/ImageBufferCache$2
instanceKlass jdk/internal/jimage/ImageBufferCache
instanceKlass com/sun/org/apache/xerces/internal/util/URI
instanceKlass jdk/xml/internal/XMLLimitAnalyzer
instanceKlass com/sun/org/apache/xerces/internal/xni/parser/XMLInputSource
instanceKlass com/sun/org/apache/xerces/internal/util/ErrorHandlerWrapper
instanceKlass com/sun/org/apache/xerces/internal/xni/parser/XMLErrorHandler
instanceKlass com/sun/org/apache/xerces/internal/impl/ExternalSubsetResolver
instanceKlass com/sun/org/apache/xerces/internal/util/EntityResolverWrapper
instanceKlass org/xml/sax/ext/EntityResolver2
instanceKlass org/xml/sax/InputSource
instanceKlass org/xml/sax/helpers/DefaultHandler
instanceKlass org/xml/sax/ContentHandler
instanceKlass org/xml/sax/DTDHandler
instanceKlass com/sun/org/apache/xerces/internal/parsers/AbstractSAXParser$AttributesProxy
instanceKlass org/xml/sax/ext/Attributes2
instanceKlass org/xml/sax/Attributes
instanceKlass org/xml/sax/AttributeList
instanceKlass com/sun/org/apache/xerces/internal/util/FeatureState
instanceKlass com/sun/org/apache/xerces/internal/util/PropertyState
instanceKlass com/sun/org/apache/xerces/internal/impl/msg/XMLMessageFormatter
instanceKlass com/sun/org/apache/xerces/internal/util/MessageFormatter
instanceKlass com/sun/org/apache/xerces/internal/impl/XMLVersionDetector
instanceKlass com/sun/org/apache/xerces/internal/impl/validation/ValidationManager
instanceKlass com/sun/org/apache/xerces/internal/impl/dv/dtd/NMTOKENDatatypeValidator
instanceKlass com/sun/org/apache/xerces/internal/impl/dv/dtd/NOTATIONDatatypeValidator
instanceKlass com/sun/org/apache/xerces/internal/impl/dv/dtd/ENTITYDatatypeValidator
instanceKlass com/sun/org/apache/xerces/internal/impl/dv/dtd/ListDatatypeValidator
instanceKlass com/sun/org/apache/xerces/internal/impl/dv/dtd/IDREFDatatypeValidator
instanceKlass com/sun/org/apache/xerces/internal/impl/dv/dtd/IDDatatypeValidator
instanceKlass com/sun/org/apache/xerces/internal/impl/dv/dtd/StringDatatypeValidator
instanceKlass com/sun/org/apache/xerces/internal/impl/dv/DatatypeValidator
instanceKlass com/sun/org/apache/xerces/internal/impl/dv/DTDDVFactory
instanceKlass com/sun/org/apache/xerces/internal/impl/dtd/DTDGrammarBucket
instanceKlass com/sun/org/apache/xerces/internal/impl/dtd/XMLAttributeDecl
instanceKlass com/sun/org/apache/xerces/internal/impl/dtd/XMLSimpleType
instanceKlass com/sun/org/apache/xerces/internal/impl/dtd/XMLElementDecl
instanceKlass com/sun/org/apache/xerces/internal/impl/validation/ValidationState
instanceKlass com/sun/org/apache/xerces/internal/impl/dv/ValidationContext
instanceKlass com/sun/org/apache/xerces/internal/impl/dtd/XMLDTDValidator
instanceKlass com/sun/org/apache/xerces/internal/impl/RevalidationHandler
instanceKlass com/sun/org/apache/xerces/internal/impl/dtd/XMLDTDValidatorFilter
instanceKlass com/sun/org/apache/xerces/internal/xni/parser/XMLDocumentFilter
instanceKlass com/sun/org/apache/xerces/internal/impl/dtd/XMLEntityDecl
instanceKlass com/sun/org/apache/xerces/internal/impl/dtd/XMLDTDProcessor
instanceKlass com/sun/org/apache/xerces/internal/xni/parser/XMLDTDContentModelFilter
instanceKlass com/sun/org/apache/xerces/internal/xni/parser/XMLDTDFilter
instanceKlass com/sun/org/apache/xerces/internal/xni/parser/XMLDTDScanner
instanceKlass com/sun/org/apache/xerces/internal/xni/parser/XMLDTDContentModelSource
instanceKlass com/sun/org/apache/xerces/internal/xni/parser/XMLDTDSource
instanceKlass com/sun/org/apache/xerces/internal/xni/grammars/XMLDTDDescription
instanceKlass com/sun/org/apache/xerces/internal/xni/grammars/XMLGrammarDescription
instanceKlass com/sun/org/apache/xerces/internal/impl/XMLDocumentScannerImpl$TrailingMiscDriver
instanceKlass com/sun/org/apache/xerces/internal/impl/XMLDocumentScannerImpl$PrologDriver
instanceKlass com/sun/org/apache/xerces/internal/impl/XMLDocumentScannerImpl$XMLDeclDriver
instanceKlass com/sun/org/apache/xerces/internal/util/NamespaceSupport
instanceKlass com/sun/org/apache/xerces/internal/xni/NamespaceContext
instanceKlass com/sun/org/apache/xerces/internal/util/XMLAttributesImpl$Attribute
instanceKlass com/sun/org/apache/xerces/internal/util/XMLAttributesImpl
instanceKlass com/sun/org/apache/xerces/internal/xni/XMLAttributes
instanceKlass com/sun/org/apache/xerces/internal/impl/XMLDocumentFragmentScannerImpl$FragmentContentDriver
instanceKlass com/sun/org/apache/xerces/internal/impl/XMLDocumentFragmentScannerImpl$Driver
instanceKlass com/sun/org/apache/xerces/internal/impl/XMLDocumentFragmentScannerImpl$ElementStack2
instanceKlass com/sun/org/apache/xerces/internal/xni/QName
instanceKlass com/sun/org/apache/xerces/internal/impl/XMLDocumentFragmentScannerImpl$ElementStack
instanceKlass com/sun/org/apache/xerces/internal/xni/XMLString
instanceKlass com/sun/org/apache/xerces/internal/impl/XMLScanner
instanceKlass com/sun/xml/internal/stream/XMLBufferListener
instanceKlass com/sun/org/apache/xerces/internal/impl/XMLEntityHandler
instanceKlass com/sun/org/apache/xerces/internal/xni/parser/XMLDocumentScanner
instanceKlass com/sun/org/apache/xerces/internal/xni/parser/XMLDocumentSource
instanceKlass com/sun/org/apache/xerces/internal/impl/XMLErrorReporter
instanceKlass com/sun/org/apache/xerces/internal/impl/XMLEntityScanner
instanceKlass com/sun/org/apache/xerces/internal/xni/XMLLocator
instanceKlass com/sun/xml/internal/stream/XMLEntityStorage
instanceKlass com/sun/org/apache/xerces/internal/util/AugmentationsImpl$AugmentationsItemsContainer
instanceKlass com/sun/org/apache/xerces/internal/util/AugmentationsImpl
instanceKlass com/sun/org/apache/xerces/internal/xni/Augmentations
instanceKlass com/sun/org/apache/xerces/internal/util/XMLResourceIdentifierImpl
instanceKlass com/sun/org/apache/xerces/internal/xni/XMLResourceIdentifier
instanceKlass com/sun/org/apache/xerces/internal/impl/XMLEntityManager
instanceKlass com/sun/org/apache/xerces/internal/xni/parser/XMLEntityResolver
instanceKlass com/sun/org/apache/xerces/internal/xni/parser/XMLComponent
instanceKlass com/sun/org/apache/xerces/internal/util/SymbolTable$Entry
instanceKlass com/sun/org/apache/xerces/internal/util/SymbolTable
instanceKlass jdk/xml/internal/JdkConstants
instanceKlass com/sun/org/apache/xerces/internal/util/ParserConfigurationSettings
instanceKlass com/sun/org/apache/xerces/internal/parsers/XML11Configurable
instanceKlass com/sun/org/apache/xerces/internal/xni/parser/XMLPullParserConfiguration
instanceKlass com/sun/org/apache/xerces/internal/xni/parser/XMLParserConfiguration
instanceKlass com/sun/org/apache/xerces/internal/xni/parser/XMLComponentManager
instanceKlass com/sun/org/apache/xerces/internal/parsers/XMLParser
instanceKlass com/sun/org/apache/xerces/internal/xni/XMLDTDContentModelHandler
instanceKlass com/sun/org/apache/xerces/internal/xni/XMLDTDHandler
instanceKlass com/sun/org/apache/xerces/internal/xni/XMLDocumentHandler
instanceKlass org/xml/sax/XMLReader
instanceKlass org/xml/sax/Parser
instanceKlass javax/xml/parsers/SAXParser
instanceKlass com/sun/org/apache/xerces/internal/xs/PSVIProvider
instanceKlass com/sun/org/apache/xerces/internal/jaxp/JAXPConstants
instanceKlass javax/xml/catalog/CatalogResolver
instanceKlass org/w3c/dom/ls/LSResourceResolver
instanceKlass javax/xml/transform/URIResolver
instanceKlass javax/xml/stream/XMLResolver
instanceKlass org/xml/sax/EntityResolver
instanceKlass javax/xml/catalog/BaseEntry
instanceKlass javax/xml/catalog/Catalog
instanceKlass javax/xml/catalog/CatalogManager
instanceKlass  @bci javax/xml/catalog/CatalogFeatures setProperties (Ljavax/xml/catalog/CatalogFeatures$Builder;)V 5 <appendix> member <vmtarget> ; # javax/xml/catalog/CatalogFeatures$$Lambda+0x0000027a152ddcf0
instanceKlass javax/xml/catalog/CatalogMessages
instanceKlass javax/xml/catalog/Util
instanceKlass javax/xml/catalog/CatalogFeatures$Builder
instanceKlass javax/xml/catalog/CatalogFeatures
instanceKlass com/sun/org/apache/xerces/internal/utils/XMLSecurityPropertyManager
instanceKlass javax/xml/parsers/SAXParserFactory
instanceKlass jdk/xml/internal/JdkXmlUtils
instanceKlass jdk/xml/internal/JdkCatalog
instanceKlass java/util/Collections$UnmodifiableMap$UnmodifiableEntrySet$UnmodifiableEntry
instanceKlass  @bci java/util/stream/Collectors uniqKeysMapMerger ()Ljava/util/function/BinaryOperator; 0 <appendix> argL0 ; # java/util/stream/Collectors$$Lambda+0x0000027a152da828
instanceKlass  @bci java/util/stream/Collectors uniqKeysMapAccumulator (Ljava/util/function/Function;Ljava/util/function/Function;)Ljava/util/function/BiConsumer; 2 <appendix> member <vmtarget> ; # java/util/stream/Collectors$$Lambda+0x0000027a152da5e0
instanceKlass  @bci java/util/stream/Collectors toMap (Ljava/util/function/Function;Ljava/util/function/Function;)Ljava/util/stream/Collector; 4 <appendix> argL0 ; # java/util/stream/Collectors$$Lambda+0x0000027a152da3b0
instanceKlass  @bci jdk/xml/internal/XMLSecurityManager$StringMapper <init> (Ljava/util/Map;)V 30 <appendix> argL0 ; # jdk/xml/internal/XMLSecurityManager$StringMapper$$Lambda+0x0000027a152da160
instanceKlass  @bci jdk/xml/internal/XMLSecurityManager$StringMapper <init> (Ljava/util/Map;)V 25 <appendix> argL0 ; # jdk/xml/internal/XMLSecurityManager$StringMapper$$Lambda+0x0000027a152d9f10
instanceKlass jdk/xml/internal/XMLSecurityManager$ValueMapper
instanceKlass jdk/xml/internal/XMLSecurityManager
instanceKlass  @bci javax/xml/parsers/FactoryFinder find (Ljava/lang/Class;Ljava/lang/String;)Ljava/lang/Object; 93 <appendix> member <vmtarget> ; # javax/xml/parsers/FactoryFinder$$Lambda+0x0000027a152d9140
instanceKlass jdk/xml/internal/SecuritySupport
instanceKlass  @bci javax/xml/parsers/FactoryFinder find (Ljava/lang/Class;Ljava/lang/String;)Ljava/lang/Object; 6 <appendix> member <vmtarget> ; # javax/xml/parsers/FactoryFinder$$Lambda+0x0000027a152d8cf0
instanceKlass javax/xml/parsers/FactoryFinder
instanceKlass javax/xml/parsers/DocumentBuilderFactory
instanceKlass net/sf/jasperreports/engine/fonts/FontSet
instanceKlass net/sf/jasperreports/engine/fonts/FontSetFamily
instanceKlass net/sf/jasperreports/engine/fonts/FontExtensionsContainer
instanceKlass net/sf/jasperreports/engine/fonts/SimpleFontExtensionHelper
instanceKlass  @bci net/sf/jasperreports/extensions/DefaultExtensionsRegistry loadRegistries ()Ljava/util/List; 523 <appendix> argL0 ; # net/sf/jasperreports/extensions/DefaultExtensionsRegistry$$Lambda+0x0000027a153048c8
instanceKlass java/util/stream/SortedOps
instanceKlass java/util/Collections$ReverseComparator2
instanceKlass java/util/Collections$ReverseComparator
instanceKlass  @bci java/util/Comparator comparing (Ljava/util/function/Function;)Ljava/util/Comparator; 6 <appendix> member <vmtarget> ; # java/util/Comparator$$Lambda+0x0000027a152d71a8
instanceKlass java/lang/classfile/constantpool/IntegerEntry
instanceKlass sun/invoke/util/BytecodeDescriptor
instanceKlass java/lang/classfile/constantpool/StringEntry
instanceKlass java/lang/classfile/constantpool/ConstantValueEntry
instanceKlass java/lang/invoke/InnerClassLambdaMetafactory$4
instanceKlass java/lang/invoke/InnerClassLambdaMetafactory$SerializationSupport
instanceKlass  @cpi java/util/Comparator 259 form vmentry <vmtarget> ; # java/lang/invoke/LambdaForm$DMH+0x0000027a15308400
instanceKlass  @bci net/sf/jasperreports/extensions/DefaultExtensionsRegistry loadRegistries ()Ljava/util/List; 505 <appendix> argL0 ; # net/sf/jasperreports/extensions/DefaultExtensionsRegistry$$Lambda+0x0000027a15304678
instanceKlass java/lang/invoke/TypeConvertingMethodAdapter$BoxHolder
instanceKlass java/lang/invoke/TypeConvertingMethodAdapter$1
instanceKlass  @cpi net/sf/jasperreports/extensions/DefaultExtensionsRegistry 459 form vmentry <vmtarget> ; # java/lang/invoke/LambdaForm$DMH+0x0000027a15308000
instanceKlass net/sf/jasperreports/types/date/DateRange
instanceKlass net/sf/jasperreports/types/date/DateRangeBaseSQLEqualityClause
instanceKlass net/sf/jasperreports/types/date/DateRangeQueryClauseExtensions
instanceKlass net/sf/jasperreports/repo/DefaultRepositoryExtensionRegistry
instanceKlass net/sf/jasperreports/repo/DefaultRepositoryExtensionsRegistryFactory
instanceKlass net/sf/jasperreports/engine/xml/ReportWriter
instanceKlass net/sf/jasperreports/engine/xml/JacksonReportWriterFactory
instanceKlass net/sf/jasperreports/engine/xml/ReportWriterFactory
instanceKlass net/sf/jasperreports/engine/xml/JacksonReportLoader
instanceKlass net/sf/jasperreports/engine/xml/ReportLoader
instanceKlass net/sf/jasperreports/engine/util/MessageProvider
instanceKlass net/sf/jasperreports/engine/util/ResourceBundleMessageProviderFactory
instanceKlass net/sf/jasperreports/engine/util/MessageProviderFactory
instanceKlass net/sf/jasperreports/engine/scriptlets/DefaultScriptletFactory
instanceKlass net/sf/jasperreports/engine/query/QueryExecuterFactory
instanceKlass net/sf/jasperreports/engine/query/DefaultQueryExecuterFactoryBundle
instanceKlass net/sf/jasperreports/engine/query/JRQueryExecuterFactoryBundle
instanceKlass net/sf/jasperreports/extensions/DefaultExtensionsRegistryFactory$1
instanceKlass net/sf/jasperreports/extensions/DefaultExtensionsRegistryFactory
instanceKlass net/sf/jasperreports/components/iconlabel/IconLabelComponent
instanceKlass net/sf/jasperreports/engine/component/ContextAwareComponent
instanceKlass net/sf/jasperreports/components/iconlabel/IconLabelComponentFillFactory
instanceKlass net/sf/jasperreports/components/iconlabel/IconLabelComponentCompiler
instanceKlass net/sf/jasperreports/engine/convert/ElementConverter
instanceKlass net/sf/jasperreports/components/table/FillTableFactory
instanceKlass net/sf/jasperreports/components/table/TableCompiler$ColumnCellSelector
instanceKlass net/sf/jasperreports/components/table/TableCompiler
instanceKlass net/sf/jasperreports/components/table/TableDesignConverter
instanceKlass net/sf/jasperreports/components/list/ListComponent
instanceKlass net/sf/jasperreports/engine/component/FillComponent
instanceKlass net/sf/jasperreports/components/list/FillListFactory
instanceKlass net/sf/jasperreports/components/list/ListComponentCompiler
instanceKlass net/sf/jasperreports/engine/JRPrintElement
instanceKlass net/sf/jasperreports/components/list/ListDesignConverter
instanceKlass net/sf/jasperreports/engine/component/DefaultComponentManager
instanceKlass net/sf/jasperreports/engine/component/ComponentManager
instanceKlass net/sf/jasperreports/engine/component/DefaultComponentsBundle
instanceKlass net/sf/jasperreports/engine/component/ComponentsBundle
instanceKlass net/sf/jasperreports/engine/component/ComponentFillFactory
instanceKlass net/sf/jasperreports/engine/component/ComponentCompiler
instanceKlass net/sf/jasperreports/engine/component/ComponentDesignConverter
instanceKlass net/sf/jasperreports/components/ComponentsExtensionsRegistryFactory
instanceKlass net/sf/jasperreports/extensions/ListExtensionsRegistry
instanceKlass net/sf/jasperreports/engine/query/SQLBetweenBaseClause
instanceKlass net/sf/jasperreports/engine/query/ClauseFunctionParameterHandler
instanceKlass net/sf/jasperreports/engine/query/SQLLessOrGreaterBaseClause
instanceKlass net/sf/jasperreports/engine/query/JRSqlAbstractEqualClause
instanceKlass net/sf/jasperreports/engine/query/StandardParameterTypesClauseFunction
instanceKlass net/sf/jasperreports/engine/query/ParameterTypeSelectorClauseFunction
instanceKlass net/sf/jasperreports/engine/query/JRSqlAbstractInClause
instanceKlass net/sf/jasperreports/engine/query/StandardSingleQueryParameterTypesClauseFunctionBundle
instanceKlass net/sf/jasperreports/engine/query/ParameterTypesClauseFunctionBundle
instanceKlass net/sf/jasperreports/engine/query/StandardSingleQueryClauseFunctionBundle
instanceKlass net/sf/jasperreports/engine/query/QueryClauseFunctionBundle
instanceKlass net/sf/jasperreports/engine/query/ParameterTypesClauseFunction
instanceKlass net/sf/jasperreports/engine/query/JRClauseFunction
instanceKlass net/sf/jasperreports/engine/query/SQLQueryClauseFunctionsExtensions
instanceKlass net/sf/jasperreports/parts/subreport/SubreportPartComponent
instanceKlass net/sf/jasperreports/engine/part/PartFillComponent
instanceKlass net/sf/jasperreports/parts/subreport/FillSubreportPartFactory
instanceKlass net/sf/jasperreports/engine/part/PartComponent
instanceKlass net/sf/jasperreports/parts/subreport/SubreportPartComponentCompiler
instanceKlass net/sf/jasperreports/engine/part/DefaultPartComponentManager
instanceKlass net/sf/jasperreports/engine/part/PartComponentManager
instanceKlass net/sf/jasperreports/engine/part/DefaultPartComponentsBundle
instanceKlass net/sf/jasperreports/engine/part/PartComponentsBundle
instanceKlass net/sf/jasperreports/engine/part/PartComponentFillFactory
instanceKlass net/sf/jasperreports/engine/part/PartComponentCompiler
instanceKlass net/sf/jasperreports/parts/PartComponentsExtensionsRegistryFactory
instanceKlass net/sf/jasperreports/engine/fonts/FontExtensionsReceiver
instanceKlass net/sf/jasperreports/engine/fonts/FontExtensionsRegistry
instanceKlass net/sf/jasperreports/engine/fonts/SimpleFontExtensionsRegistryFactory
instanceKlass net/sf/jasperreports/web/util/ContentTypeMapping
instanceKlass net/sf/jasperreports/web/util/ContentTypeMappingExtensionsRegistryFactory
instanceKlass net/sf/jasperreports/governors/GovernorFactory
instanceKlass net/sf/jasperreports/engine/scriptlets/ScriptletFactory
instanceKlass net/sf/jasperreports/governors/GovernorExtensionsRegistryFactory
instanceKlass net/sf/jasperreports/extensions/ListExtensionRegistry
instanceKlass net/sf/jasperreports/engine/export/MatcherExportFilterMapping
instanceKlass net/sf/jasperreports/engine/export/MatcherExportFilterMappingExtensionsRegistryFactory
instanceKlass net/sf/jasperreports/engine/style/StyleProvider
instanceKlass net/sf/jasperreports/engine/style/PropertyStyleProviderFactory
instanceKlass net/sf/jasperreports/engine/style/StyleProviderFactory
instanceKlass net/sf/jasperreports/engine/style/PropertyStyleProviderExtensionFactory
instanceKlass net/sf/jasperreports/engine/util/ObjectUtils
instanceKlass net/sf/jasperreports/extensions/DefaultExtensionsRegistry$URLRegistries
instanceKlass net/sf/jasperreports/extensions/LoadedRegistry
instanceKlass net/sf/jasperreports/extensions/SingletonExtensionRegistry
instanceKlass net/sf/jasperreports/engine/export/GenericElementHandler
instanceKlass net/sf/jasperreports/pdf/PdfExtensionsRegistryFactory$1
instanceKlass net/sf/jasperreports/engine/export/GenericElementHandlerBundle
instanceKlass net/sf/jasperreports/pdf/PdfExtensionsRegistryFactory
instanceKlass net/sf/jasperreports/extensions/ExtensionsRegistryFactory
instanceKlass net/sf/jasperreports/engine/util/ClassLoaderResource
instanceKlass net/sf/jasperreports/engine/fonts/FontFamily
instanceKlass net/sf/jasperreports/extensions/DefaultExtensionsRegistry
instanceKlass net/sf/jasperreports/engine/util/ClassUtils
instanceKlass net/sf/jasperreports/extensions/ExtensionsRegistry
instanceKlass net/sf/jasperreports/extensions/ExtensionsEnvironment
instanceKlass org/w3c/dom/Node
instanceKlass net/sf/jasperreports/engine/util/StyledTextListWriter
instanceKlass net/sf/jasperreports/engine/util/JRStyledTextParser
instanceKlass org/xml/sax/ErrorHandler
instanceKlass net/sf/jasperreports/engine/fill/EvaluationBoundAction
instanceKlass net/sf/jasperreports/engine/PrintElementVisitor
instanceKlass net/sf/jasperreports/engine/fill/BoundActionExecutionContext
instanceKlass net/sf/jasperreports/engine/fill/ElementEvaluationsCollector
instanceKlass net/sf/jasperreports/engine/fill/DelayedFillActions
instanceKlass net/sf/jasperreports/engine/fill/VirtualizationListener
instanceKlass net/sf/jasperreports/engine/util/MD5Digest
instanceKlass sun/security/provider/ByteArrayAccess$LE
instanceKlass net/sf/jasperreports/engine/util/JRQueryParser
instanceKlass net/sf/jasperreports/engine/util/DigestUtils
instanceKlass net/sf/jasperreports/engine/fill/FillDatasetPosition
instanceKlass net/sf/jasperreports/engine/fill/JRFillDataset$1
instanceKlass net/sf/jasperreports/engine/fill/JRIncrementerFactory
instanceKlass net/sf/jasperreports/engine/fill/JRFillVariable
instanceKlass net/sf/jasperreports/engine/fill/JRCalculable
instanceKlass net/sf/jasperreports/engine/fill/JRFillField
instanceKlass net/sf/jasperreports/engine/fill/JRFillParameter
instanceKlass net/sf/jasperreports/engine/JRValueParameter
instanceKlass net/sf/jasperreports/engine/fill/JRFillSection
instanceKlass net/sf/jasperreports/engine/fill/JRFillElementContainer$1
instanceKlass net/sf/jasperreports/engine/ExpressionReturnValue
instanceKlass net/sf/jasperreports/engine/fill/JRFillCommonReturnValue
instanceKlass net/sf/jasperreports/engine/fill/FillReturnValues
instanceKlass net/sf/jasperreports/engine/fill/JRFillBand$1
instanceKlass net/sf/jasperreports/engine/fill/JRFillElement
instanceKlass net/sf/jasperreports/engine/fill/DynamicPropertiesHolder
instanceKlass net/sf/jasperreports/engine/JRPrintElementContainer
instanceKlass net/sf/jasperreports/engine/fill/FillReturnValues$SourceContext
instanceKlass net/sf/jasperreports/engine/fill/JRBaseFiller$DefaultStyleListener
instanceKlass net/sf/jasperreports/engine/fill/JRFillElementGroup
instanceKlass net/sf/jasperreports/engine/fill/JRFillCloneable
instanceKlass net/sf/jasperreports/engine/fill/FillContainerContext
instanceKlass net/sf/jasperreports/engine/fill/JROriginProvider
instanceKlass net/sf/jasperreports/engine/fill/JRFillObjectFactory$StylesList
instanceKlass net/sf/jasperreports/engine/VariableReturnValue
instanceKlass net/sf/jasperreports/engine/CommonReturnValue
instanceKlass net/sf/jasperreports/crosstabs/JRCrosstabDataset
instanceKlass net/sf/jasperreports/engine/fill/JRFillElementDataset
instanceKlass net/sf/jasperreports/engine/JRElementDataset
instanceKlass net/sf/jasperreports/engine/JasperPrint$DefaultStyleProvider
instanceKlass net/sf/jasperreports/engine/PrintPageFormat
instanceKlass net/sf/jasperreports/engine/PrintParts
instanceKlass net/sf/jasperreports/engine/JasperPrint
instanceKlass net/sf/jasperreports/engine/fill/JRCalculator
instanceKlass net/sf/jasperreports/engine/fill/JasperReportsContextAware
instanceKlass net/sf/jasperreports/compilers/InterpretedExpressionEvaluators
instanceKlass net/sf/jasperreports/compilers/CompositeDirectExpressionEvaluators
instanceKlass net/sf/jasperreports/compilers/UniformExpressionEvaluator
instanceKlass net/sf/jasperreports/engine/fill/ExpressionValues
instanceKlass net/sf/jasperreports/compilers/DirectExpressionEvaluator
instanceKlass net/sf/jasperreports/compilers/StandardExpressionEvaluators
instanceKlass net/sf/jasperreports/functions/FunctionContext
instanceKlass net/sf/jasperreports/engine/util/SingleProtectionDomainFactory
instanceKlass net/sf/jasperreports/engine/util/ProtectionDomainFactory
instanceKlass net/sf/jasperreports/engine/design/CompiledClasses
instanceKlass net/sf/jasperreports/compilers/JavaDirectExpressionValueFilter
instanceKlass net/sf/jasperreports/engine/util/JRStringUtil
instanceKlass net/sf/jasperreports/compilers/ReportClassFilter
instanceKlass net/sf/jasperreports/compilers/ReportExpressionsCompiler
instanceKlass net/sf/jasperreports/engine/util/ClassLoaderFilter
instanceKlass net/sf/jasperreports/compilers/DirectExpressionEvaluators
instanceKlass net/sf/jasperreports/engine/fill/JREvaluator
instanceKlass net/sf/jasperreports/engine/fill/DatasetExpressionEvaluator
instanceKlass net/sf/jasperreports/compilers/DirectExpressionValueFilter
instanceKlass net/sf/jasperreports/engine/design/JRAbstractCompiler
instanceKlass net/sf/jasperreports/engine/design/JRMultiClassCompiler
instanceKlass net/sf/jasperreports/engine/design/JRClassCompiler
instanceKlass net/sf/jasperreports/engine/design/JRCompiler
instanceKlass net/sf/jasperreports/engine/JasperCompileManager
instanceKlass net/sf/jasperreports/engine/JRDataSource
instanceKlass net/sf/jasperreports/engine/query/QueryExecutionContext
instanceKlass net/sf/jasperreports/engine/fill/JRFillDataset$CacheRecordIndexCallback
instanceKlass net/sf/jasperreports/engine/JRAbstractScriptlet
instanceKlass net/sf/jasperreports/engine/fill/JRFillDataset
instanceKlass net/sf/jasperreports/engine/fill/DatasetFillContext
instanceKlass net/sf/jasperreports/engine/JRPropertiesUtil$PropertySuffix
instanceKlass net/sf/jasperreports/engine/util/DeduplicableRegistry
instanceKlass java/lang/Math$RandomNumberGeneratorHolder
instanceKlass net/sf/jasperreports/renderers/AbstractRenderer
instanceKlass net/sf/jasperreports/renderers/DataRenderable
instanceKlass net/sf/jasperreports/renderers/util/RendererUtil
instanceKlass net/sf/jasperreports/renderers/Renderable
instanceKlass net/sf/jasperreports/renderers/RenderersCache
instanceKlass net/sf/jasperreports/engine/fonts/FontUtil
instanceKlass net/sf/jasperreports/engine/JRStyledTextAttributeSelector
instanceKlass net/sf/jasperreports/engine/util/JRStyledTextUtil$FamilyFonts
instanceKlass net/sf/jasperreports/engine/util/JRStyledTextUtil
instanceKlass org/apache/commons/collections4/map/AbstractHashedMap$HashEntry
instanceKlass org/apache/commons/collections4/KeyValue
instanceKlass org/apache/commons/collections4/MapIterator
instanceKlass org/apache/commons/collections4/IterableMap
instanceKlass org/apache/commons/collections4/IterableGet
instanceKlass org/apache/commons/collections4/Get
instanceKlass org/apache/commons/collections4/Put
instanceKlass net/sf/jasperreports/engine/util/MarkupProcessorFactory
instanceKlass net/sf/jasperreports/engine/util/JRSingletonCache
instanceKlass net/sf/jasperreports/engine/fill/JRFillContext
instanceKlass net/sf/jasperreports/repo/SimpleRepositoryContext
instanceKlass net/sf/jasperreports/engine/util/JRGraphEnvInitializer
instanceKlass net/sf/jasperreports/engine/fill/JRBaseFiller$1
instanceKlass net/sf/jasperreports/engine/fill/GroupFooterElementRange
instanceKlass net/sf/jasperreports/engine/fill/ElementRange
instanceKlass net/sf/jasperreports/engine/fill/PrintElementOriginator
instanceKlass net/sf/jasperreports/engine/fill/FillerPageAddedEvent
instanceKlass net/sf/jasperreports/engine/JRPrintPage
instanceKlass net/sf/jasperreports/engine/JRPrintElementListContainer
instanceKlass net/sf/jasperreports/engine/fill/FillerParent
instanceKlass net/sf/jasperreports/engine/fill/JRFillExpressionEvaluator
instanceKlass net/sf/jasperreports/engine/PrintPart
instanceKlass net/sf/jasperreports/repo/RepositoryContext
instanceKlass net/sf/jasperreports/engine/fill/JRFiller$1
instanceKlass net/sf/jasperreports/engine/fill/SimpleJasperReportSource
instanceKlass net/sf/jasperreports/engine/fill/BaseReportFiller
instanceKlass net/sf/jasperreports/engine/fill/ReportFiller
instanceKlass net/sf/jasperreports/engine/fill/JRFiller
instanceKlass net/sf/jasperreports/repo/RepositoryResourceContext
instanceKlass net/sf/jasperreports/engine/fill/JasperReportSource
instanceKlass net/sf/jasperreports/engine/JasperFillManager
instanceKlass net/sf/jasperreports/compilers/FieldEvaluation
instanceKlass net/sf/jasperreports/compilers/ConstantExpressionEvaluation
instanceKlass net/sf/jasperreports/compilers/ParameterEvaluation
instanceKlass net/sf/jasperreports/compilers/DirectExpressionEvaluation
instanceKlass net/sf/jasperreports/compilers/ReportExpressionEvaluationData
instanceKlass net/sf/jasperreports/crosstabs/JRCrosstab
instanceKlass net/sf/jasperreports/engine/design/JRReportCompileData
instanceKlass net/sf/jasperreports/engine/JRImage
instanceKlass net/sf/jasperreports/engine/JRCommonImage
instanceKlass net/sf/jasperreports/engine/JRImageAlignment
# instanceKlass java/lang/invoke/LambdaForm$DMH+0x0000027a152a8400
# instanceKlass java/lang/invoke/LambdaForm$DMH+0x0000027a152a8000
instanceKlass net/sf/jasperreports/engine/base/JRBaseDatasetParameter
instanceKlass net/sf/jasperreports/engine/JRDatasetParameter
instanceKlass net/sf/jasperreports/engine/base/JRBaseDatasetRun
instanceKlass net/sf/jasperreports/engine/util/ObjectUtils$HashCode
instanceKlass net/sf/jasperreports/engine/JRConditionalStyle
instanceKlass net/sf/jasperreports/engine/JRStyleSetter
instanceKlass net/sf/jasperreports/engine/base/JRBaseStyle
instanceKlass net/sf/jasperreports/components/table/ColumnFactory
instanceKlass net/sf/jasperreports/components/table/Cell
instanceKlass net/sf/jasperreports/components/table/GroupCell
instanceKlass net/sf/jasperreports/components/table/StandardBaseColumn
instanceKlass net/sf/jasperreports/components/table/Column
instanceKlass net/sf/jasperreports/components/table/BaseColumn
instanceKlass net/sf/jasperreports/components/table/BaseCell
instanceKlass net/sf/jasperreports/components/table/Row
instanceKlass net/sf/jasperreports/components/table/GroupRow
instanceKlass net/sf/jasperreports/components/table/ColumnVisitor
instanceKlass net/sf/jasperreports/engine/JRDatasetRun
instanceKlass net/sf/jasperreports/components/table/StandardTable
instanceKlass net/sf/jasperreports/components/table/TableComponent
instanceKlass net/sf/jasperreports/engine/DatasetRunHolder
instanceKlass net/sf/jasperreports/engine/component/Component
instanceKlass net/sf/jasperreports/engine/JRComponentElement
instanceKlass net/sf/jasperreports/engine/JRRectangle
instanceKlass net/sf/jasperreports/engine/JRCommonRectangle
instanceKlass net/sf/jasperreports/engine/JRGraphicElement
instanceKlass net/sf/jasperreports/engine/JRCommonGraphicElement
instanceKlass net/sf/jasperreports/engine/JRHyperlinkParameter
instanceKlass net/sf/jasperreports/engine/JRTextField
instanceKlass net/sf/jasperreports/engine/JRHyperlink
instanceKlass net/sf/jasperreports/engine/JRAnchor
instanceKlass net/sf/jasperreports/engine/JREvaluation
instanceKlass net/sf/jasperreports/engine/JRFrame
instanceKlass net/sf/jasperreports/engine/JRPart
instanceKlass net/sf/jasperreports/engine/base/JRBaseSection
instanceKlass net/sf/jasperreports/engine/util/CloneStore
instanceKlass net/sf/jasperreports/engine/base/JRBaseVariable
instanceKlass net/sf/jasperreports/engine/util/StoreCloneable
instanceKlass net/sf/jasperreports/engine/base/JRBaseQueryChunk
instanceKlass net/sf/jasperreports/engine/JRQueryChunk
instanceKlass net/sf/jasperreports/engine/base/JRBaseQuery
instanceKlass net/sf/jasperreports/engine/base/JRBaseExpressionChunk
instanceKlass net/sf/jasperreports/engine/JRExpressionChunk
instanceKlass net/sf/jasperreports/engine/base/JRBaseExpression
instanceKlass net/sf/jasperreports/engine/base/JRBaseParameter
instanceKlass net/sf/jasperreports/engine/base/JRBaseField
instanceKlass net/sf/jasperreports/engine/base/JRBaseDataset
instanceKlass net/sf/jasperreports/engine/TabStop
instanceKlass net/sf/jasperreports/engine/base/JRBaseParagraph
instanceKlass net/sf/jasperreports/engine/base/JRBasePen
instanceKlass net/sf/jasperreports/engine/base/JRBoxPen
instanceKlass net/sf/jasperreports/engine/JRPen
instanceKlass net/sf/jasperreports/engine/base/JRBaseLineBox
instanceKlass net/sf/jasperreports/engine/Deduplicable
instanceKlass java/util/HashMap$UnsafeHolder
# instanceKlass java/lang/invoke/LambdaForm$MH+0x0000027a15295400
# instanceKlass java/lang/invoke/LambdaForm$MH+0x0000027a15295000
# instanceKlass java/lang/invoke/LambdaForm$MH+0x0000027a15294c00
instanceKlass net/sf/jasperreports/engine/JRParagraph
instanceKlass net/sf/jasperreports/engine/JRLineBox
instanceKlass net/sf/jasperreports/engine/base/JRBaseElement
instanceKlass net/sf/jasperreports/engine/JRStaticText
instanceKlass net/sf/jasperreports/engine/JRTextElement
instanceKlass net/sf/jasperreports/engine/JRCommonText
instanceKlass net/sf/jasperreports/engine/JRFont
instanceKlass net/sf/jasperreports/engine/JRTextAlignment
instanceKlass java/io/ObjectStreamClass$ExceptionInfo
instanceKlass net/sf/jasperreports/engine/JRExpression
instanceKlass net/sf/jasperreports/engine/JRElement
instanceKlass net/sf/jasperreports/engine/JRCommonElement
instanceKlass net/sf/jasperreports/engine/base/JRBaseElementGroup
# instanceKlass java/lang/invoke/LambdaForm$MH+0x0000027a15294800
# instanceKlass java/lang/invoke/LambdaForm$MH+0x0000027a15294400
# instanceKlass java/lang/invoke/LambdaForm$MH+0x0000027a15294000
instanceKlass java/io/SerialCallbackContext
instanceKlass java/io/ObjectInputStream$GetField
instanceKlass java/io/ObjectStreamClass$ClassDataSlot
instanceKlass net/sf/jasperreports/engine/JRExpressionCollector
instanceKlass java/io/ObjectStreamClass$FieldReflector
instanceKlass java/io/ObjectStreamClass$FieldReflectorKey
instanceKlass net/sf/jasperreports/engine/DatasetPropertyExpression
instanceKlass net/sf/jasperreports/engine/JRPropertyExpression
instanceKlass net/sf/jasperreports/engine/JRAbstractObjectFactory
instanceKlass net/sf/jasperreports/engine/JRVisitor
instanceKlass net/sf/jasperreports/engine/JRVariable
instanceKlass net/sf/jasperreports/engine/JRSortField
instanceKlass net/sf/jasperreports/engine/JRScriptlet
instanceKlass net/sf/jasperreports/engine/JRPropertiesMap
instanceKlass net/sf/jasperreports/engine/JRGroup
instanceKlass java/util/UUID
instanceKlass net/sf/jasperreports/engine/JRQuery
instanceKlass net/sf/jasperreports/engine/JRParameter
instanceKlass net/sf/jasperreports/engine/JRField
instanceKlass java/io/ObjectOutput
instanceKlass  @bci jdk/internal/reflect/MethodHandleLongFieldAccessorImpl getLong (Ljava/lang/Object;)J 11 <adapter> ; # java/lang/invoke/LambdaForm$MH+0x0000027a15289800
# instanceKlass java/lang/invoke/LambdaForm$DMH+0x0000027a15289400
instanceKlass net/sf/jasperreports/engine/util/StyleResolver
instanceKlass net/sf/jasperreports/engine/JRStyle
instanceKlass net/sf/jasperreports/engine/JRParagraphContainer
instanceKlass net/sf/jasperreports/engine/JRPenContainer
instanceKlass net/sf/jasperreports/engine/JRBoxContainer
instanceKlass net/sf/jasperreports/engine/JRStyleContainer
instanceKlass net/sf/jasperreports/engine/JRReportTemplate
instanceKlass net/sf/jasperreports/engine/type/NamedEnum
instanceKlass net/sf/jasperreports/engine/JRSection
instanceKlass net/sf/jasperreports/engine/JRBand
instanceKlass net/sf/jasperreports/engine/JRElementGroup
instanceKlass net/sf/jasperreports/engine/JRChild
instanceKlass net/sf/jasperreports/engine/JRVisitable
instanceKlass net/sf/jasperreports/engine/JRDataset
instanceKlass net/sf/jasperreports/engine/JRCloneable
instanceKlass java/lang/reflect/Proxy
instanceKlass java/io/ClassCache
instanceKlass java/io/ObjectStreamClass$Caches
instanceKlass net/sf/jasperreports/engine/base/JRBaseReport
instanceKlass net/sf/jasperreports/engine/design/events/JRChangeEventsSupport
instanceKlass net/sf/jasperreports/engine/JRReport
instanceKlass net/sf/jasperreports/engine/JRIdentifiable
instanceKlass net/sf/jasperreports/engine/JRPropertiesHolder
instanceKlass net/sf/jasperreports/engine/JRDefaultStyleProvider
instanceKlass  @bci java/io/ObjectInputFilter$Config <clinit> ()V 356 <appendix> argL0 ; # java/io/ObjectInputFilter$Config$$Lambda+0x0000027a152cff28
instanceKlass jdk/internal/access/JavaObjectInputFilterAccess
instanceKlass java/io/ObjectInputFilter$Config$BuiltinFilterFactory
instanceKlass java/io/ObjectInputFilter
instanceKlass java/io/ObjectInputFilter$Config
instanceKlass java/io/ObjectInputStream$ValidationList
instanceKlass java/io/ObjectInputStream$HandleTable$HandleList
instanceKlass java/io/ObjectInputStream$HandleTable
instanceKlass  @bci java/io/ObjectInputStream <clinit> ()V 40 <appendix> argL0 ; # java/io/ObjectInputStream$$Lambda+0x0000027a152ce8d0
instanceKlass jdk/internal/access/JavaObjectInputStreamReadString
instanceKlass  @bci java/io/ObjectInputStream <clinit> ()V 32 <appendix> argL0 ; # java/io/ObjectInputStream$$Lambda+0x0000027a152ce6a0
instanceKlass  @cpi java/io/ObjectInputStream 1143 form vmentry <vmtarget> ; # java/lang/invoke/LambdaForm$DMH+0x0000027a15289000
instanceKlass jdk/internal/access/JavaObjectInputStreamAccess
instanceKlass net/sf/jasperreports/engine/JRPropertiesUtil
instanceKlass net/sf/jasperreports/engine/DefaultJasperReportsContext
instanceKlass java/util/logging/Logger$SystemLoggerHelper
instanceKlass jdk/internal/logger/BootstrapLogger$BootstrapExecutors
instanceKlass jdk/internal/logger/LoggerFinderLoader
instanceKlass  @bci java/util/logging/Level$KnownLevel findByName (Ljava/lang/String;Ljava/util/function/Function;)Ljava/util/Optional; 29 <appendix> argL0 ; # java/util/logging/Level$KnownLevel$$Lambda+0x800000024
instanceKlass  @bci java/util/logging/Level findLevel (Ljava/lang/String;)Ljava/util/logging/Level; 13 <appendix> argL0 ; # java/util/logging/Level$$Lambda+0x800000020
instanceKlass java/util/logging/LogManager$VisitedLoggers
instanceKlass java/util/logging/LogManager$LoggingProviderAccess
instanceKlass java/util/logging/LogManager$LogNode
instanceKlass java/util/logging/LogManager$LoggerContext
instanceKlass java/util/logging/LogManager
instanceKlass java/util/logging/Logger$ConfigurationData
instanceKlass java/util/logging/Logger$LoggerBundle
instanceKlass java/util/logging/Handler
instanceKlass java/util/logging/Logger
instanceKlass  @bci java/util/logging/Level$KnownLevel add (Ljava/util/logging/Level;)V 49 <appendix> argL0 ; # java/util/logging/Level$KnownLevel$$Lambda+0x800000023
instanceKlass  @bci java/util/logging/Level$KnownLevel add (Ljava/util/logging/Level;)V 19 <appendix> argL0 ; # java/util/logging/Level$KnownLevel$$Lambda+0x800000022
instanceKlass java/util/logging/Level
instanceKlass org/apache/commons/logging/impl/Jdk14Logger
instanceKlass org/apache/commons/logging/impl/Log4JLogger
instanceKlass org/apache/commons/logging/Log
instanceKlass org/apache/commons/logging/impl/LogFactoryImpl$1
instanceKlass org/apache/commons/logging/impl/LogFactoryImpl$2
instanceKlass org/apache/commons/logging/LogFactory$2
instanceKlass org/apache/commons/logging/LogFactory$3
instanceKlass org/apache/commons/logging/LogFactory$4
instanceKlass org/apache/commons/logging/impl/WeakHashtable$Referenced
instanceKlass org/apache/commons/logging/LogFactory$1
instanceKlass org/apache/commons/logging/LogFactory$6
instanceKlass org/apache/commons/logging/LogFactory
instanceKlass net/sf/jasperreports/engine/JasperReportsContext
instanceKlass java/io/ObjectStreamConstants
instanceKlass java/io/ObjectInput
instanceKlass net/sf/jasperreports/engine/util/JRLoader
instanceKlass Clases/Imprimir
instanceKlass java/awt/geom/EllipseIterator
instanceKlass javax/swing/plaf/synth/SynthGraphicsUtils$SynthIconWrapper
instanceKlass java/awt/WaitDispatchSupport$2
instanceKlass java/awt/WaitDispatchSupport$1
instanceKlass java/awt/WaitDispatchSupport$4
instanceKlass java/awt/WaitDispatchSupport
instanceKlass java/awt/SecondaryLoop
instanceKlass  @bci java/awt/Dialog show ()V 192 <appendix> argL0 ; # java/awt/Dialog$$Lambda+0x0000027a152cbf20
instanceKlass  @cpi java/awt/Dialog 812 form vmentry <vmtarget> ; # java/lang/invoke/LambdaForm$DMH+0x0000027a15288c00
instanceKlass java/awt/ModalEventFilter$1
instanceKlass java/awt/peer/FileDialogPeer
instanceKlass javax/swing/JOptionPane$1
instanceKlass java/awt/GridBagLayoutInfo
# instanceKlass java/lang/invoke/LambdaForm$MH+0x0000027a15288800
# instanceKlass java/lang/invoke/LambdaForm$MH+0x0000027a15288400
# instanceKlass java/lang/invoke/LambdaForm$MH+0x0000027a15288000
instanceKlass java/awt/peer/DialogPeer
instanceKlass javax/swing/plaf/basic/BasicOptionPaneUI$Handler
instanceKlass javax/swing/plaf/basic/BasicOptionPaneUI$2
instanceKlass javax/swing/plaf/basic/BasicOptionPaneUI$ButtonActionListener
instanceKlass javax/swing/plaf/basic/BasicOptionPaneUI$ButtonFactory
instanceKlass javax/swing/plaf/basic/BasicOptionPaneUI$ButtonAreaLayout
instanceKlass java/awt/GridBagConstraints
instanceKlass java/awt/GridBagLayout
instanceKlass java/util/Formatter$FormatSpecifier
instanceKlass java/util/Formatter$FormatString
instanceKlass java/util/Formatter$Flags
instanceKlass java/util/Formatter$FormatSpecifierParser
instanceKlass java/util/Formatter$Conversion
instanceKlass java/util/Formatter
instanceKlass  @bci Ventanas/Ventas eventotabla ()V 7 <appendix> member <vmtarget> ; # Ventanas/Ventas$$Lambda+0x0000027a152861a8
instanceKlass org/jfree/chart/axis/Axis
instanceKlass org/jfree/util/PublicCloneable
instanceKlass org/jfree/chart/renderer/xy/XYItemRenderer
instanceKlass org/jfree/data/xy/XYDataset
instanceKlass org/jfree/data/general/SeriesDataset
instanceKlass java/awt/print/Printable
instanceKlass org/jfree/chart/event/OverlayChangeListener
instanceKlass org/jfree/chart/event/ChartProgressListener
instanceKlass org/jfree/chart/event/ChartChangeListener
instanceKlass org/jfree/chart/renderer/category/CategoryItemRenderer
instanceKlass org/jfree/chart/LegendItemSource
instanceKlass org/jfree/data/category/CategoryDataset
instanceKlass org/jfree/data/general/Dataset
instanceKlass org/jfree/data/KeyedValues2D
instanceKlass org/jfree/data/Values2D
instanceKlass javax/swing/JTable$5
instanceKlass Ventanas/Ventas$20
instanceKlass Ventanas/Ventas$18
instanceKlass Ventanas/Ventas$16
instanceKlass Ventanas/Ventas$7
instanceKlass javax/swing/plaf/synth/SynthTextAreaUI$Handler
instanceKlass  @bci javax/swing/border/EtchedBorder paintBorder (Ljava/awt/Component;Ljava/awt/Graphics;IIII)V 10 <appendix> member <vmtarget> ; # javax/swing/border/EtchedBorder$$Lambda+0x0000027a1523d6f0
instanceKlass  @cpi javax/swing/border/LineBorder 153 form vmentry <vmtarget> ; # java/lang/invoke/LambdaForm$DMH+0x0000027a1522d000
instanceKlass com/sun/java/swing/SwingUtilities3$UnscaledBorderPainter
instanceKlass java/awt/geom/Line2D
instanceKlass java/io/RandomAccessFile$1
instanceKlass java/text/DigitList$1
instanceKlass Clases/Utilidad
instanceKlass java/time/LocalDate$1
instanceKlass  @bci java/time/temporal/TemporalAdjusters lastDayOfMonth ()Ljava/time/temporal/TemporalAdjuster; 0 <appendix> argL0 ; # java/time/temporal/TemporalAdjusters$$Lambda+0x0000027a1523c698
instanceKlass java/time/temporal/TemporalAdjusters
instanceKlass java/time/zone/Ser
instanceKlass java/time/zone/ZoneRulesProvider
instanceKlass java/time/Clock
instanceKlass java/time/InstantSource
instanceKlass com/mysql/cj/protocol/a/NumberValueEncoder$1
instanceKlass java/lang/SecurityManager
instanceKlass java/io/Console
instanceKlass  @bci java/util/regex/Pattern and (Ljava/util/regex/Pattern$CharPredicate;Ljava/util/regex/Pattern$CharPredicate;Z)Ljava/util/regex/Pattern$CharPredicate; 14 <appendix> member <vmtarget> ; # java/util/regex/Pattern$$Lambda+0x0000027a1523b7b0
instanceKlass  @bci java/util/regex/CharPredicates ctype (I)Ljava/util/regex/Pattern$CharPredicate; 1 <appendix> member <vmtarget> ; # java/util/regex/CharPredicates$$Lambda+0x0000027a1523b510
instanceKlass  @bci java/time/format/DateTimeFormatter <clinit> ()V 1075 <appendix> argL0 ; # java/time/format/DateTimeFormatter$$Lambda+0x80000001c
instanceKlass  @bci java/time/format/DateTimeFormatter <clinit> ()V 1067 <appendix> argL0 ; # java/time/format/DateTimeFormatter$$Lambda+0x80000001b
instanceKlass java/time/Period
instanceKlass java/time/chrono/ChronoPeriod
instanceKlass java/time/format/DateTimeFormatterBuilder$TextPrinterParser
instanceKlass java/time/format/DateTimeTextProvider$1
instanceKlass java/time/format/DateTimeTextProvider
instanceKlass java/time/format/DateTimeTextProvider$LocaleStore
instanceKlass java/time/format/DateTimeFormatterBuilder$InstantPrinterParser
instanceKlass java/time/format/DateTimeFormatterBuilder$StringLiteralPrinterParser
instanceKlass java/time/format/DateTimeFormatterBuilder$ZoneIdPrinterParser
instanceKlass java/time/format/DateTimeFormatterBuilder$OffsetIdPrinterParser
instanceKlass java/time/format/DecimalStyle
instanceKlass java/time/format/DateTimeFormatterBuilder$CompositePrinterParser
instanceKlass java/time/chrono/AbstractChronology
instanceKlass java/time/chrono/Chronology
instanceKlass java/time/format/DateTimeFormatterBuilder$CharLiteralPrinterParser
instanceKlass java/time/format/DateTimeFormatterBuilder$NumberPrinterParser
instanceKlass java/time/format/DateTimeFormatterBuilder$DateTimePrinterParser
instanceKlass java/time/temporal/JulianFields
instanceKlass java/time/temporal/IsoFields
instanceKlass  @bci java/time/format/DateTimeFormatterBuilder <clinit> ()V 0 <appendix> argL0 ; # java/time/format/DateTimeFormatterBuilder$$Lambda+0x80000001d
instanceKlass java/time/temporal/TemporalQuery
instanceKlass java/time/format/DateTimeFormatterBuilder
instanceKlass java/time/format/DateTimeFormatter
instanceKlass com/mysql/cj/util/TimeUtil
instanceKlass com/mysql/cj/protocol/a/SqlDateValueEncoder$1
instanceKlass Clases/Fechas
# instanceKlass java/lang/invoke/LambdaForm$DMH+0x0000027a1522cc00
# instanceKlass java/lang/invoke/LambdaForm$DMH+0x0000027a1522c800
instanceKlass Clases/FormatoPesos
instanceKlass java/awt/event/WindowAdapter
instanceKlass java/text/BreakIterator
instanceKlass  @bci javax/swing/text/html/MuxingAttributeSet getAttribute (Ljava/lang/Object;)Ljava/lang/Object; 77 <appendix> argL0 ; # javax/swing/text/html/MuxingAttributeSet$$Lambda+0x0000027a15239560
instanceKlass  @bci javax/swing/text/html/MuxingAttributeSet getAttribute (Ljava/lang/Object;)Ljava/lang/Object; 67 <appendix> argL0 ; # javax/swing/text/html/MuxingAttributeSet$$Lambda+0x0000027a15239300
instanceKlass  @bci javax/swing/text/html/MuxingAttributeSet getAttribute (Ljava/lang/Object;)Ljava/lang/Object; 57 <appendix> member <vmtarget> ; # javax/swing/text/html/MuxingAttributeSet$$Lambda+0x0000027a152390a8
instanceKlass javax/swing/text/GlyphView$GlyphPainter
instanceKlass javax/swing/SizeRequirements
instanceKlass javax/swing/text/TabableView
instanceKlass javax/swing/text/FlowView$FlowStrategy
instanceKlass javax/swing/text/html/CSSBorder$StrokePainter
instanceKlass javax/swing/text/html/CSSBorder$SolidPainter
instanceKlass javax/swing/text/html/CSSBorder$NullPainter
instanceKlass javax/swing/text/html/CSSBorder$BorderPainter
instanceKlass javax/swing/text/html/StyleSheet$BoxPainter
instanceKlass javax/swing/text/html/StyleSheet$SearchBuffer
instanceKlass javax/swing/text/html/MuxingAttributeSet
instanceKlass javax/swing/text/DefaultStyledDocument$ElementBuffer$ElemChanges
instanceKlass  @bci javax/swing/text/html/parser/Parser error (Ljava/lang/String;Ljava/lang/String;Ljava/lang/String;Ljava/lang/String;)V 10 <appendix> form vmentry <vmtarget> ; # java/lang/invoke/LambdaForm$MH+0x0000027a1522c400
instanceKlass javax/swing/text/DefaultStyledDocument$ElementSpec
instanceKlass javax/swing/text/html/parser/ContentModelState
instanceKlass javax/swing/text/html/parser/TagStack
instanceKlass javax/swing/text/html/parser/TagElement
instanceKlass  @bci java/io/Reader$2 read ([CII)I 71 <appendix> member <vmtarget> ; # java/io/Reader$2$$TypeSwitch+0x0000027a152316c8
instanceKlass javax/swing/text/html/parser/Parser
instanceKlass javax/swing/text/html/HTMLDocument$HTMLReader$TagAction
instanceKlass javax/swing/text/html/HTMLEditorKit$ParserCallback
instanceKlass javax/swing/text/html/parser/AttributeList
instanceKlass javax/swing/text/html/parser/ContentModel
instanceKlass javax/swing/text/html/parser/Entity
instanceKlass javax/swing/text/html/parser/Element
instanceKlass javax/swing/text/html/parser/DTD
instanceKlass javax/swing/text/html/parser/DTDConstants
instanceKlass javax/swing/text/html/HTMLEditorKit$Parser
instanceKlass javax/swing/text/DefaultStyledDocument$ElementBuffer
instanceKlass javax/swing/text/StyledDocument
instanceKlass javax/swing/text/html/CSS$ShorthandMarginParser
instanceKlass javax/swing/text/html/CSS$LengthUnit
instanceKlass javax/swing/text/html/CSSParser
instanceKlass javax/swing/text/html/StyleSheet$CssParser
instanceKlass javax/swing/text/html/CSSParser$CSSParserCallback
instanceKlass javax/swing/text/html/StyleSheet$SelectorMapping
instanceKlass javax/swing/text/html/CSS$CssValue
instanceKlass javax/swing/text/html/CSS$Value
instanceKlass javax/swing/text/html/CSS$Attribute
instanceKlass javax/swing/text/html/CSS
instanceKlass javax/swing/text/StyledEditorKit$AttributeTracker
instanceKlass javax/swing/text/html/HTML$Attribute
instanceKlass javax/swing/text/html/HTML
instanceKlass javax/swing/text/html/HTML$Tag
instanceKlass javax/swing/text/StyledEditorKit$StyledViewFactory
instanceKlass javax/swing/text/html/HTMLEditorKit$HTMLFactory
instanceKlass sun/awt/image/PNGImageDecoder$Chromaticities
instanceKlass Ventanas/Administrador$19
instanceKlass Ventanas/Administrador$17
instanceKlass Ventanas/Administrador$16
instanceKlass org/netbeans/lib/awtextra/AbsoluteConstraints
instanceKlass javax/swing/DebugGraphicsInfo
instanceKlass org/netbeans/lib/awtextra/AbsoluteLayout
instanceKlass  @bci Ventanas/Nomina eventotabla ()V 8 <appendix> member <vmtarget> ; # Ventanas/Nomina$$Lambda+0x0000027a15226240
instanceKlass javax/swing/JTable$4
instanceKlass javax/swing/JTable$2
instanceKlass javax/swing/JTable$Resizable3
instanceKlass javax/swing/JTable$Resizable2
instanceKlass javax/swing/plaf/basic/BasicGraphicsUtils
instanceKlass javax/swing/KeyboardManager$ComponentKeyStrokePair
instanceKlass Ventanas/Nomina$16
instanceKlass Ventanas/Nomina$15
instanceKlass Ventanas/Nomina$14
instanceKlass Ventanas/Nomina$13
instanceKlass javax/swing/table/TableColumn
instanceKlass javax/accessibility/AccessibleRelationSet
instanceKlass javax/accessibility/AccessibleContext$1
instanceKlass sun/awt/AWTAccessor$AccessibleContextAccessor
instanceKlass javax/accessibility/AccessibleContext
instanceKlass javax/accessibility/AccessibleValue
instanceKlass javax/accessibility/AccessibleComponent
instanceKlass Ventanas/Nomina$2
instanceKlass com/toedter/calendar/JDateChooser$3
instanceKlass sun/awt/image/GifFrame
instanceKlass com/toedter/calendar/JCalendar$2
instanceKlass com/toedter/calendar/JCalendar$1
# instanceKlass java/lang/invoke/LambdaForm$MH+0x0000027a15224000
instanceKlass java/lang/invoke/MethodHandle$1
instanceKlass java/awt/GridLayout
instanceKlass com/toedter/calendar/MinMaxDateEvaluator
instanceKlass com/toedter/calendar/IDateEvaluator
instanceKlass javax/swing/plaf/basic/BasicComboBoxUI$DefaultKeySelectionManager
instanceKlass javax/swing/JComboBox$KeySelectionManager
instanceKlass javax/swing/plaf/basic/BasicComboBoxUI$Handler
instanceKlass javax/swing/plaf/synth/SynthComboBoxUI$DlcrEnabledHandler
instanceKlass javax/swing/plaf/synth/SynthComboBoxUI$EditorFocusHandler
instanceKlass javax/swing/plaf/basic/BasicComboBoxEditor
instanceKlass javax/swing/ComboBoxEditor
instanceKlass java/awt/event/ComponentAdapter
instanceKlass javax/swing/plaf/basic/BasicComboPopup$Handler
instanceKlass javax/swing/plaf/basic/BasicListUI$Handler
instanceKlass javax/swing/ListCellRenderer
instanceKlass java/awt/event/FocusAdapter
instanceKlass javax/swing/plaf/basic/BasicPopupMenuUI$MenuKeyboardHelper
instanceKlass javax/swing/MenuSelectionManager
instanceKlass javax/swing/plaf/basic/BasicPopupMenuUI$MouseGrabber
instanceKlass javax/swing/plaf/basic/BasicPopupMenuUI$BasicMenuKeyListener
instanceKlass javax/swing/plaf/basic/BasicPopupMenuUI$BasicPopupMenuListener
instanceKlass javax/swing/BoxLayout
instanceKlass javax/swing/plaf/basic/BasicLookAndFeel$1
instanceKlass javax/swing/plaf/basic/BasicLookAndFeel$AWTEventHelper
instanceKlass javax/swing/plaf/basic/BasicComboPopup$EmptyListModelClass
instanceKlass javax/swing/plaf/basic/ComboPopup
instanceKlass javax/swing/event/PopupMenuListener
instanceKlass javax/swing/AncestorNotifier
instanceKlass javax/swing/JComboBox$1
instanceKlass javax/swing/AbstractListModel
instanceKlass javax/swing/MutableComboBoxModel
instanceKlass javax/swing/plaf/basic/BasicSpinnerUI$Handler
instanceKlass javax/swing/plaf/synth/SynthSpinnerUI$SpinnerLayout
instanceKlass javax/swing/plaf/synth/SynthSpinnerUI$EditorFocusHandler
instanceKlass javax/swing/JSpinner$ModelListener
instanceKlass java/text/FieldPosition$Delegate
instanceKlass  @bci java/text/DecimalFormat format (Ljava/lang/Object;Ljava/text/Format$StringBuf;Ljava/text/FieldPosition;)Ljava/text/Format$StringBuf; 10 <appendix> member <vmtarget> ; # java/text/DecimalFormat$$TypeSwitch+0x0000027a1525a8e0
instanceKlass javax/swing/text/NavigationFilter$FilterBypass
instanceKlass javax/swing/text/NavigationFilter
instanceKlass javax/swing/text/DocumentFilter
instanceKlass javax/swing/JFormattedTextField$AbstractFormatterFactory
instanceKlass sun/util/resources/provider/NonBaseLocaleDataMetaInfo
instanceKlass sun/util/locale/provider/BaseLocaleDataMetaInfo
instanceKlass java/util/Currency$CurrencyNameGetter
instanceKlass java/util/Currency$OtherCurrencyEntry
instanceKlass java/util/Currency$SpecialCaseEntry
instanceKlass java/util/Currency
instanceKlass javax/swing/JFormattedTextField$AbstractFormatter
instanceKlass javax/swing/AbstractSpinnerModel
instanceKlass javax/swing/SpinnerModel
instanceKlass sun/util/calendar/Era
instanceKlass com/toedter/calendar/DateUtil
instanceKlass java/util/ArrayList$SubList$1
instanceKlass sun/util/resources/LocaleData$LocaleDataResourceBundleProvider
instanceKlass java/util/spi/ResourceBundleProvider
instanceKlass javax/swing/JFormattedTextField$DocumentHandler
instanceKlass javax/swing/event/CaretListener
instanceKlass com/toedter/calendar/IDateEditor
instanceKlass javax/swing/plaf/basic/BasicTableUI$Handler
instanceKlass javax/swing/plaf/basic/BasicButtonUI$KeyHandler
instanceKlass javax/swing/AbstractCellEditor
instanceKlass javax/swing/tree/TreeCellEditor
instanceKlass javax/swing/table/TableCellEditor
instanceKlass javax/swing/CellEditor
instanceKlass javax/swing/plaf/basic/BasicTableHeaderUI$MouseInputHandler
instanceKlass javax/swing/plaf/basic/BasicTableHeaderUI$1
instanceKlass sun/swing/table/DefaultTableCellHeaderRenderer$EmptyIcon
instanceKlass javax/swing/event/MenuKeyListener
instanceKlass javax/swing/ToolTipManager$stillInsideTimerAction
instanceKlass javax/swing/ToolTipManager$outsideTimerAction
instanceKlass javax/swing/ToolTipManager$insideTimerAction
instanceKlass  @bci javax/swing/JTable createDefaultEditors ()V 53 <appendix> argL0 ; # javax/swing/JTable$$Lambda+0x0000027a15242a30
instanceKlass  @bci javax/swing/JTable createDefaultEditors ()V 37 <appendix> argL0 ; # javax/swing/JTable$$Lambda+0x0000027a15242800
instanceKlass  @bci javax/swing/JTable createDefaultEditors ()V 22 <appendix> argL0 ; # javax/swing/JTable$$Lambda+0x0000027a152425d0
instanceKlass  @bci javax/swing/JTable createDefaultRenderers ()V 134 <appendix> argL0 ; # javax/swing/JTable$$Lambda+0x0000027a152423a0
instanceKlass  @bci javax/swing/JTable createDefaultRenderers ()V 118 <appendix> argL0 ; # javax/swing/JTable$$Lambda+0x0000027a15242170
instanceKlass  @bci javax/swing/JTable createDefaultRenderers ()V 102 <appendix> argL0 ; # javax/swing/JTable$$Lambda+0x0000027a15241f40
instanceKlass  @bci javax/swing/JTable createDefaultRenderers ()V 86 <appendix> argL0 ; # javax/swing/JTable$$Lambda+0x0000027a15241d10
instanceKlass  @bci javax/swing/JTable createDefaultRenderers ()V 70 <appendix> argL0 ; # javax/swing/JTable$$Lambda+0x0000027a15241ae0
instanceKlass  @bci javax/swing/JTable createDefaultRenderers ()V 54 <appendix> argL0 ; # javax/swing/JTable$$Lambda+0x0000027a152418b0
instanceKlass  @bci javax/swing/JTable createDefaultRenderers ()V 38 <appendix> argL0 ; # javax/swing/JTable$$Lambda+0x0000027a151fc000
instanceKlass  @bci javax/swing/JTable createDefaultRenderers ()V 23 <appendix> argL0 ; # javax/swing/JTable$$Lambda+0x0000027a151f6d20
instanceKlass javax/swing/table/AbstractTableModel
instanceKlass javax/swing/DefaultListSelectionModel
instanceKlass javax/swing/ListSelectionModel
instanceKlass javax/swing/table/DefaultTableColumnModel
instanceKlass javax/swing/table/TableColumnModel
instanceKlass javax/swing/plaf/synth/SynthScrollPaneUI$ViewportViewFocusHandler
instanceKlass javax/swing/plaf/basic/BasicScrollPaneUI$Handler
instanceKlass javax/swing/plaf/basic/BasicScrollBarUI$ScrollListener
instanceKlass javax/swing/plaf/basic/BasicScrollBarUI$Handler
instanceKlass javax/swing/plaf/basic/BasicScrollBarUI$ModelListener
instanceKlass javax/swing/JScrollBar$ModelListener
instanceKlass javax/swing/ViewportLayout
instanceKlass javax/swing/ScrollPaneLayout
instanceKlass javax/swing/plaf/synth/SynthTabbedPaneUI$1
instanceKlass javax/swing/plaf/basic/BasicTabbedPaneUI$Handler
instanceKlass javax/swing/plaf/basic/BasicTabbedPaneUI$TabbedPaneLayout
instanceKlass javax/swing/JTabbedPane$ModelListener
instanceKlass javax/swing/DefaultSingleSelectionModel
instanceKlass javax/swing/SingleSelectionModel
instanceKlass javax/swing/table/TableModel
instanceKlass javax/swing/table/TableCellRenderer
instanceKlass java/lang/StackTraceElement$HashedModules
instanceKlass sun/security/ssl/Alert$AlertConsumer
instanceKlass Clases/comprobarCant
instanceKlass javax/swing/ComboBoxModel
instanceKlass javax/swing/ListModel
instanceKlass com/mysql/cj/result/DefaultValueFactory
instanceKlass com/mysql/cj/protocol/a/StringValueEncoder$1
instanceKlass  @bci com/mysql/cj/jdbc/ClientPreparedStatement initializeFromQueryInfo ()V 52 <appendix> argL0 ; # com/mysql/cj/jdbc/ClientPreparedStatement$$Lambda+0x0000027a15205000
instanceKlass com/mysql/cj/NativeQueryBindValue
instanceKlass com/mysql/cj/BindValue
instanceKlass com/mysql/cj/NativeQueryBindings
instanceKlass com/mysql/cj/QueryInfo
instanceKlass com/mysql/cj/NativeQueryAttributesBindings
instanceKlass com/mysql/cj/CancelQueryTask
instanceKlass java/util/TimerTask
instanceKlass com/mysql/cj/QueryAttributesBindings
instanceKlass com/mysql/cj/AbstractQuery
instanceKlass com/mysql/cj/PreparedQuery
instanceKlass com/mysql/cj/QueryBindings
instanceKlass com/mysql/cj/jdbc/ParameterBindings
instanceKlass java/sql/ParameterMetaData
instanceKlass com/mysql/cj/jdbc/EscapeProcessor
instanceKlass  @bci Clases/Hash hash24 (Ljava/lang/String;)Ljava/lang/String; 94 <adapter> ; # java/lang/invoke/LambdaForm$MH+0x0000027a15204c00
instanceKlass  @bci Clases/Hash hash24 (Ljava/lang/String;)Ljava/lang/String; 94 <appendix> form vmentry <vmtarget> ; # java/lang/invoke/LambdaForm$MH+0x0000027a15204800
instanceKlass  @bci Clases/Hash hash24 (Ljava/lang/String;)Ljava/lang/String; 94 <appendix> form names 6 function resolvedHandle form vmentry <vmtarget> ; # java/lang/invoke/LambdaForm$DMH+0x0000027a15204400
instanceKlass Clases/Hash
instanceKlass java/awt/image/FilteredImageSource
instanceKlass java/awt/image/ImageFilter
instanceKlass Ventanas/Login$3
instanceKlass javax/swing/plaf/basic/BasicProgressBarUI$Handler
instanceKlass javax/swing/JProgressBar$ModelListener
instanceKlass sun/awt/SunToolkit$1
instanceKlass java/awt/Window$1DisposeAction
instanceKlass java/io/FileOutputStream$1
instanceKlass com/mysql/cj/protocol/NetworkResources
instanceKlass  @bci com/mysql/cj/jdbc/ConnectionImpl unSafeQueryInterceptors ()V 10 <appendix> argL0 ; # com/mysql/cj/jdbc/ConnectionImpl$$Lambda+0x0000027a151cf178
instanceKlass java/sql/ResultSetMetaData
instanceKlass com/mysql/cj/LicenseConfiguration
instanceKlass com/mysql/cj/protocol/InternalDate
instanceKlass com/mysql/cj/result/StringValueFactory
instanceKlass com/mysql/cj/protocol/a/result/AbstractResultsetRows
instanceKlass com/mysql/cj/protocol/result/AbstractResultsetRow
instanceKlass com/mysql/cj/result/DefaultColumnDefinition$1
instanceKlass com/mysql/cj/protocol/a/MysqlTextValueDecoder
instanceKlass com/mysql/cj/protocol/ValueDecoder
instanceKlass com/mysql/cj/protocol/a/AbstractRowFactory
instanceKlass com/mysql/cj/result/DefaultColumnDefinition
instanceKlass com/mysql/cj/result/Field$1
instanceKlass com/mysql/cj/protocol/a/ColumnDefinitionReader$1
instanceKlass java/sql/SQLType
instanceKlass com/mysql/cj/util/LazyString
instanceKlass com/mysql/cj/result/Field
instanceKlass com/mysql/cj/protocol/a/ColumnDefinitionFactory
instanceKlass com/mysql/cj/protocol/a/ResultsetFactory
instanceKlass com/mysql/cj/protocol/a/NativeMessageBuilder
instanceKlass com/mysql/cj/protocol/a/MultiPacketReader
instanceKlass com/mysql/cj/protocol/a/TimeTrackingPacketReader
instanceKlass com/mysql/cj/protocol/a/TimeTrackingPacketSender
instanceKlass com/mysql/cj/protocol/a/NativeServerSessionStateController$NativeServerSessionStateChanges
instanceKlass com/mysql/cj/protocol/a/result/OkPacket
instanceKlass  @bci sun/security/util/MemoryCache put (Ljava/lang/Object;Ljava/lang/Object;Z)V 126 <appendix> member <vmtarget> ; # sun/security/util/MemoryCache$$TypeSwitch+0x0000027a151d0a28
instanceKlass java/lang/classfile/MethodModel
instanceKlass java/lang/classfile/FieldModel
instanceKlass  @bci jdk/internal/classfile/impl/ClassFileImpl attributeMapper ()Ljava/util/function/Function; 7 <appendix> argL0 ; # jdk/internal/classfile/impl/ClassFileImpl$$Lambda+0x80000004f
instanceKlass java/lang/classfile/ClassModel
instanceKlass java/lang/classfile/AttributedElement
instanceKlass java/lang/classfile/CompoundElement
instanceKlass java/lang/classfile/instruction/SwitchCase
instanceKlass  @bci java/lang/runtime/SwitchBootstraps generateTypeSwitchSkeleton (Ljava/lang/Class;[Ljava/lang/Object;Ljava/util/List;Ljava/util/List;)Ljava/util/function/Consumer; 24 <appendix> member <vmtarget> ; # java/lang/runtime/SwitchBootstraps$$Lambda+0x800000017
instanceKlass java/lang/classfile/AccessFlags
instanceKlass  @bci java/lang/runtime/SwitchBootstraps generateTypeSwitch (Ljava/lang/invoke/MethodHandles$Lookup;Ljava/lang/Class;[Ljava/lang/Object;)Ljava/lang/invoke/MethodHandle; 60 <appendix> member <vmtarget> ; # java/lang/runtime/SwitchBootstraps$$Lambda+0x800000019
instanceKlass java/util/function/BiPredicate
# instanceKlass java/lang/invoke/LambdaForm$MH+0x0000027a151cdc00
# instanceKlass java/lang/invoke/LambdaForm$MH+0x0000027a151cd800
# instanceKlass java/lang/invoke/LambdaForm$MH+0x0000027a151cd400
# instanceKlass java/lang/invoke/LambdaForm$DMH+0x0000027a151cd000
# instanceKlass java/lang/invoke/LambdaForm$DMH+0x0000027a151ccc00
instanceKlass java/lang/ClassValue$Version
instanceKlass java/lang/ClassValue$Identity
instanceKlass java/lang/ClassValue
instanceKlass java/lang/invoke/MethodHandleImpl$ArrayAccessor
# instanceKlass java/lang/invoke/LambdaForm$MH+0x0000027a151cc800
# instanceKlass java/lang/invoke/LambdaForm$DMH+0x0000027a151cc400
instanceKlass  @bci java/lang/invoke/BootstrapMethodInvoker invoke (Ljava/lang/Class;Ljava/lang/invoke/MethodHandle;Ljava/lang/String;Ljava/lang/Object;Ljava/lang/Object;Ljava/lang/Class;)Ljava/lang/Object; 211 <adapter> ; # java/lang/invoke/LambdaForm$MH+0x0000027a151cc000
instanceKlass sun/security/util/MemoryCache$QueueCacheEntry
instanceKlass java/lang/runtime/SwitchBootstraps
instanceKlass com/mysql/cj/protocol/Security
instanceKlass com/mysql/cj/protocol/a/authentication/AuthenticationFidoClient
instanceKlass com/mysql/cj/protocol/a/authentication/AuthenticationOciClient
instanceKlass  @bci com/mysql/cj/protocol/a/authentication/AuthenticationKerberosClient <init> ()V 43 <appendix> member <vmtarget> ; # com/mysql/cj/protocol/a/authentication/AuthenticationKerberosClient$$Lambda+0x0000027a151c1800
instanceKlass com/mysql/cj/protocol/a/authentication/AuthenticationKerberosClient
instanceKlass  @bci com/mysql/cj/protocol/a/authentication/AuthenticationLdapSaslClientPlugin <init> ()V 46 <appendix> member <vmtarget> ; # com/mysql/cj/protocol/a/authentication/AuthenticationLdapSaslClientPlugin$$Lambda+0x0000027a151c36f8
instanceKlass javax/security/auth/callback/Callback
instanceKlass javax/security/auth/login/Configuration
instanceKlass com/mysql/cj/protocol/a/authentication/AuthenticationLdapSaslClientPlugin
instanceKlass com/mysql/cj/protocol/a/authentication/MysqlOldPasswordPlugin
instanceKlass com/mysql/cj/protocol/a/authentication/Sha256PasswordPlugin
instanceKlass com/mysql/cj/protocol/a/authentication/MysqlClearPasswordPlugin
instanceKlass com/mysql/cj/protocol/a/authentication/MysqlNativePasswordPlugin
instanceKlass com/mysql/cj/protocol/AuthenticationPlugin
instanceKlass sun/security/ssl/X509Authentication$X509Possession
instanceKlass com/sun/crypto/provider/GaloisCounterMode$EncryptOp
instanceKlass sun/security/ssl/SSLAuthentication
instanceKlass  @bci sun/security/ssl/CertificateMessage$T13CertificateProducer choosePossession (Lsun/security/ssl/HandshakeContext;Lsun/security/ssl/ClientHello$ClientHelloMessage;)Lsun/security/ssl/SSLPossession; 89 <appendix> argL0 ; # sun/security/ssl/CertificateMessage$T13CertificateProducer$$Lambda+0x0000027a151fab58
instanceKlass  @bci sun/security/ssl/CertificateMessage$T13CertificateProducer choosePossession (Lsun/security/ssl/HandshakeContext;Lsun/security/ssl/ClientHello$ClientHelloMessage;)Lsun/security/ssl/SSLPossession; 79 <appendix> argL0 ; # sun/security/ssl/CertificateMessage$T13CertificateProducer$$Lambda+0x0000027a151fa8f8
instanceKlass  @bci sun/security/ssl/CertificateMessage$T13CertificateProducer choosePossession (Lsun/security/ssl/HandshakeContext;Lsun/security/ssl/ClientHello$ClientHelloMessage;)Lsun/security/ssl/SSLPossession; 69 <appendix> member <vmtarget> ; # sun/security/ssl/CertificateMessage$T13CertificateProducer$$Lambda+0x0000027a151fa690
instanceKlass  @bci sun/security/ssl/CertificateMessage$T13CertificateProducer choosePossession (Lsun/security/ssl/HandshakeContext;Lsun/security/ssl/ClientHello$ClientHelloMessage;)Lsun/security/ssl/SSLPossession; 53 <appendix> argL0 ; # sun/security/ssl/CertificateMessage$T13CertificateProducer$$Lambda+0x0000027a151fa440
instanceKlass sun/security/ssl/SSLBasicKeyDerivation$SecretSizeSpec
instanceKlass sun/security/ssl/SSLBasicKeyDerivation
instanceKlass sun/security/ssl/Finished$1
instanceKlass sun/security/ssl/Finished$T13VerifyDataGenerator
instanceKlass sun/security/ssl/Finished$T12VerifyDataGenerator
instanceKlass sun/security/ssl/Finished$T10VerifyDataGenerator
instanceKlass sun/security/ssl/Finished$S30VerifyDataGenerator
instanceKlass sun/security/ssl/Finished$VerifyDataGenerator
instanceKlass sun/security/rsa/MGF1
instanceKlass sun/security/rsa/RSACore
instanceKlass java/security/interfaces/RSAPrivateKey
instanceKlass sun/security/util/SignatureUtil
instanceKlass sun/security/ssl/X509Authentication$X509Credentials
instanceKlass java/security/interfaces/DSAPublicKey
instanceKlass java/security/interfaces/DSAKey
instanceKlass sun/security/provider/certpath/PKIX
instanceKlass java/security/cert/PKIXCertPathChecker
instanceKlass java/security/cert/CertPathChecker
instanceKlass sun/security/ssl/SSLAlgorithmConstraints$SupportedSignatureAlgorithmConstraints
instanceKlass sun/security/ssl/SSLConfiguration$1
instanceKlass javax/net/ssl/SSLParameters
instanceKlass javax/net/ssl/SSLEngine
instanceKlass jdk/internal/event/EventHelper$ThreadTrackHolder
instanceKlass java/util/jar/JarFile$ThreadTrackHolder
instanceKlass jdk/internal/event/EventHelper
instanceKlass sun/security/util/MemoryCache$CacheEntry
# instanceKlass java/lang/invoke/LambdaForm$MH+0x0000027a151c1000
instanceKlass sun/security/x509/OIDMap$OIDInfo
instanceKlass sun/security/x509/PKIXExtensions
instanceKlass sun/security/x509/OIDMap
instanceKlass sun/security/x509/Extension
instanceKlass java/security/cert/Extension
instanceKlass sun/security/x509/CertificateExtensions
instanceKlass sun/security/rsa/RSAUtil
instanceKlass java/security/interfaces/RSAPublicKey
instanceKlass java/security/spec/RSAPrivateKeySpec
instanceKlass java/security/spec/RSAPublicKeySpec
instanceKlass  @bci java/security/spec/EncodedKeySpec <clinit> ()V 0 <appendix> argL0 ; # java/security/spec/EncodedKeySpec$$Lambda+0x0000027a151f4278
instanceKlass jdk/internal/access/JavaSecuritySpecAccess
instanceKlass sun/security/x509/CertificateX509Key
instanceKlass sun/security/x509/CertificateValidity
instanceKlass sun/security/x509/AVA
instanceKlass sun/security/x509/RDN
instanceKlass sun/security/x509/X500Name
instanceKlass sun/security/x509/GeneralNameInterface
instanceKlass sun/security/x509/CertificateAlgorithmId
instanceKlass sun/security/x509/SerialNumber
instanceKlass sun/security/x509/CertificateSerialNumber
instanceKlass sun/security/x509/CertificateVersion
instanceKlass sun/security/x509/X509CertInfo
instanceKlass sun/security/util/Cache$EqualByteArray
instanceKlass java/security/cert/CertificateFactorySpi
instanceKlass java/security/cert/CertificateFactory
instanceKlass java/security/cert/X509Extension
instanceKlass sun/security/ssl/CertificateMessage$CertificateEntry
instanceKlass com/sun/crypto/provider/GaloisCounterMode$DecryptOp
instanceKlass com/sun/crypto/provider/GaloisCounterMode$GCMOperation
instanceKlass com/sun/crypto/provider/GHASH
instanceKlass com/sun/crypto/provider/GCM
instanceKlass com/sun/crypto/provider/GaloisCounterMode$GCMEngine
instanceKlass javax/crypto/spec/GCMParameterSpec
instanceKlass sun/security/ssl/ChangeCipherSpec$T13ChangeCipherSpecConsumer
instanceKlass sun/security/ssl/ChangeCipherSpec$T10ChangeCipherSpecProducer
instanceKlass sun/security/ssl/ChangeCipherSpec$T10ChangeCipherSpecConsumer
instanceKlass sun/security/ssl/ChangeCipherSpec
instanceKlass javax/crypto/spec/IvParameterSpec
instanceKlass sun/security/ssl/SSLTrafficKeyDerivation$T13TrafficKeyDerivation
instanceKlass sun/security/ssl/SSLTrafficKeyDerivation$1
instanceKlass sun/security/ssl/SSLTrafficKeyDerivation$T13TrafficKeyDerivationGenerator
instanceKlass sun/security/ssl/SSLTrafficKeyDerivation$T12TrafficKeyDerivationGenerator
instanceKlass sun/security/ssl/SSLTrafficKeyDerivation$T10TrafficKeyDerivationGenerator
instanceKlass sun/security/ssl/SSLTrafficKeyDerivation$S30TrafficKeyDerivationGenerator
instanceKlass sun/security/ssl/SSLKeyDerivationGenerator
instanceKlass sun/security/ssl/SSLSecretDerivation
instanceKlass javax/crypto/MacSpi
instanceKlass javax/crypto/Mac
instanceKlass sun/security/ssl/HKDF
instanceKlass  @bci javax/crypto/spec/SecretKeySpec <clinit> ()V 0 <appendix> argL0 ; # javax/crypto/spec/SecretKeySpec$$Lambda+0x0000027a151ebc38
instanceKlass jdk/internal/access/JavaxCryptoSpecAccess
instanceKlass javax/crypto/spec/SecretKeySpec
instanceKlass javax/crypto/KeyAgreementSpi
instanceKlass sun/security/ssl/KAKeyDerivation
instanceKlass java/security/interfaces/RSAKey
instanceKlass javax/crypto/SecretKey
instanceKlass sun/security/util/Length
instanceKlass java/security/spec/EncodedKeySpec
instanceKlass java/security/spec/ECPublicKeySpec
instanceKlass sun/security/ssl/ECDHKeyExchange$ECDHECredentials
instanceKlass sun/security/ssl/NamedGroupCredentials
instanceKlass sun/security/ssl/KeyShareExtension$SHKeyShareSpec
instanceKlass sun/security/ssl/HandshakeHash$CloneableHash
instanceKlass sun/security/ssl/HandshakeHash$T13HandshakeHash
instanceKlass sun/security/ssl/SupportedVersionsExtension$SHSupportedVersionsSpec
instanceKlass sun/security/ssl/TransportContext$1
instanceKlass sun/security/ssl/Plaintext
instanceKlass sun/security/ssl/OutputRecord$T13PaddingHolder
instanceKlass sun/security/ssl/RenegoInfoExtension$RenegotiationInfoSpec
instanceKlass sun/security/ssl/KeyShareExtension$CHKeyShareSpec
instanceKlass java/security/interfaces/ECPublicKey
instanceKlass sun/security/util/math/IntegerModuloP$MultiplicativeInverser$Secp256R1
instanceKlass sun/security/ec/point/MutablePoint
instanceKlass sun/security/ec/ECOperations$DefaultMultiplier
instanceKlass sun/security/ec/ECOperations$Secp256R1GeneratorMontgomeryMultiplier
instanceKlass sun/security/ec/ECOperations$PointMultiplier
instanceKlass  @bci sun/security/ec/ECPrivateKeyImpl calculatePublicKey ()Ljava/security/PublicKey; 9 <appendix> argL0 ; # sun/security/ec/ECPrivateKeyImpl$$Lambda+0x0000027a151e72a8
instanceKlass sun/security/util/ArrayUtil
instanceKlass java/security/interfaces/ECPrivateKey
instanceKlass java/security/interfaces/ECKey
instanceKlass sun/security/ec/ECOperations
instanceKlass sun/security/ssl/ECDHKeyExchange$ECDHEPossession
instanceKlass sun/security/ssl/KeyShareExtension$KeyShareEntry
instanceKlass sun/security/ssl/XDHKeyExchange$1
instanceKlass sun/security/util/DerInputStream
instanceKlass sun/security/util/DerValue
instanceKlass sun/security/pkcs/PKCS8Key
instanceKlass sun/security/util/InternalPrivateKey
instanceKlass java/security/interfaces/XECPrivateKey
instanceKlass sun/security/util/BitArray
instanceKlass sun/security/x509/X509Key
instanceKlass java/security/interfaces/XECPublicKey
instanceKlass java/security/PublicKey
instanceKlass java/security/interfaces/XECKey
instanceKlass java/security/KeyPair
instanceKlass java/math/MutableBigInteger
instanceKlass sun/security/util/math/IntegerModuloP$MultiplicativeInverser$Default
instanceKlass sun/security/util/math/IntegerModuloP$MultiplicativeInverser
instanceKlass sun/security/util/math/MutableIntegerModuloP
instanceKlass sun/security/jca/JCAUtil$CachedSecureRandomHolder
instanceKlass sun/security/jca/JCAUtil
instanceKlass sun/security/ec/XECOperations
instanceKlass sun/security/ec/XECParameters
instanceKlass  @bci sun/security/ec/XDHKeyPairGenerator initialize (Ljava/security/spec/AlgorithmParameterSpec;Ljava/security/SecureRandom;)V 0 <appendix> argL0 ; # sun/security/ec/XDHKeyPairGenerator$$Lambda+0x0000027a151e1bc8
instanceKlass sun/security/ssl/XDHKeyExchange$XDHEPossession
instanceKlass sun/security/ssl/ECDHKeyExchange$ECDHEXDHKAGenerator
instanceKlass sun/security/ssl/ECDHKeyExchange$ECDHEKAGenerator
instanceKlass sun/security/ssl/ECDHKeyExchange$ECDHKAGenerator
instanceKlass sun/security/ssl/ECDHKeyExchange$ECDHEPossessionGenerator
instanceKlass sun/security/ssl/ECDHKeyExchange
instanceKlass sun/security/ssl/DHKeyExchange$DHEKAGenerator
instanceKlass sun/security/ssl/DHKeyExchange$DHEPossessionGenerator
instanceKlass sun/security/ssl/DHKeyExchange
instanceKlass sun/security/ssl/RSAKeyExchange$RSAKAGenerator
instanceKlass sun/security/ssl/RSAKeyExchange$EphemeralRSAPossessionGenerator
instanceKlass sun/security/ssl/RSAKeyExchange
instanceKlass sun/security/ssl/SSLKeyExchange$T13KeyAgreement
instanceKlass sun/security/ssl/SSLKeyAgreement
instanceKlass sun/security/ssl/SSLPossessionGenerator
instanceKlass sun/security/ssl/SSLKeyExchange
instanceKlass sun/security/ssl/SSLHandshakeBinding
instanceKlass sun/security/ssl/SSLKeyAgreementGenerator
instanceKlass sun/security/ssl/PskKeyExchangeModesExtension$PskKeyExchangeModesSpec
instanceKlass sun/security/ssl/SupportedVersionsExtension$CHSupportedVersionsSpec
instanceKlass sun/security/ssl/SignatureAlgorithmsExtension$SignatureSchemesSpec
instanceKlass sun/security/ssl/ExtendedMasterSecretExtension$ExtendedMasterSecretSpec
instanceKlass sun/security/ssl/CertStatusExtension$CertStatusRequestV2Spec
instanceKlass sun/security/ssl/ECPointFormatsExtension$ECPointFormatsSpec
instanceKlass sun/security/ssl/SupportedGroupsExtension$SupportedGroupsSpec
instanceKlass sun/security/ssl/CertStatusExtension$CertStatusRequest
instanceKlass sun/security/ssl/CertStatusExtension$CertStatusRequestSpec
instanceKlass sun/security/ssl/SSLExtension$SSLExtensionSpec
instanceKlass sun/security/ssl/SSLExtension$ClientExtensions
instanceKlass sun/security/ssl/PreSharedKeyExtension$SHPreSharedKeyStringizer
instanceKlass sun/security/ssl/PreSharedKeyExtension$SHPreSharedKeyAbsence
instanceKlass sun/security/ssl/PreSharedKeyExtension$SHPreSharedKeyConsumer
instanceKlass sun/security/ssl/PreSharedKeyExtension$SHPreSharedKeyProducer
instanceKlass sun/security/ssl/PreSharedKeyExtension$CHPreSharedKeyStringizer
instanceKlass sun/security/ssl/PreSharedKeyExtension$CHPreSharedKeyOnTradeAbsence
instanceKlass sun/security/ssl/PreSharedKeyExtension$CHPreSharedKeyUpdate
instanceKlass sun/security/ssl/PreSharedKeyExtension$CHPreSharedKeyOnLoadAbsence
instanceKlass sun/security/ssl/PreSharedKeyExtension$CHPreSharedKeyConsumer
instanceKlass sun/security/ssl/PreSharedKeyExtension$CHPreSharedKeyProducer
instanceKlass sun/security/ssl/PreSharedKeyExtension
instanceKlass sun/security/ssl/RenegoInfoExtension$RenegotiationInfoStringizer
instanceKlass sun/security/ssl/RenegoInfoExtension$SHRenegotiationInfoAbsence
instanceKlass sun/security/ssl/RenegoInfoExtension$SHRenegotiationInfoConsumer
instanceKlass sun/security/ssl/RenegoInfoExtension$SHRenegotiationInfoProducer
instanceKlass sun/security/ssl/RenegoInfoExtension$CHRenegotiationInfoAbsence
instanceKlass sun/security/ssl/RenegoInfoExtension$CHRenegotiationInfoConsumer
instanceKlass sun/security/ssl/RenegoInfoExtension$CHRenegotiationInfoProducer
instanceKlass sun/security/ssl/RenegoInfoExtension
instanceKlass sun/security/ssl/KeyShareExtension$HRRKeyShareStringizer
instanceKlass sun/security/ssl/KeyShareExtension$HRRKeyShareReproducer
instanceKlass sun/security/ssl/KeyShareExtension$HRRKeyShareConsumer
instanceKlass sun/security/ssl/KeyShareExtension$HRRKeyShareProducer
instanceKlass sun/security/ssl/KeyShareExtension$SHKeyShareStringizer
instanceKlass sun/security/ssl/KeyShareExtension$SHKeyShareAbsence
instanceKlass sun/security/ssl/KeyShareExtension$SHKeyShareConsumer
instanceKlass sun/security/ssl/KeyShareExtension$SHKeyShareProducer
instanceKlass sun/security/ssl/KeyShareExtension$CHKeyShareStringizer
instanceKlass sun/security/ssl/KeyShareExtension$CHKeyShareOnTradeAbsence
instanceKlass sun/security/ssl/KeyShareExtension$CHKeyShareConsumer
instanceKlass sun/security/ssl/KeyShareExtension$CHKeyShareProducer
instanceKlass sun/security/ssl/KeyShareExtension
instanceKlass sun/security/ssl/CertSignAlgsExtension$CertSignatureSchemesStringizer
instanceKlass sun/security/ssl/CertSignAlgsExtension$CRCertSignatureSchemesUpdate
instanceKlass sun/security/ssl/CertSignAlgsExtension$CRCertSignatureSchemesConsumer
instanceKlass sun/security/ssl/CertSignAlgsExtension$CRCertSignatureSchemesProducer
instanceKlass sun/security/ssl/CertSignAlgsExtension$CHCertSignatureSchemesUpdate
instanceKlass sun/security/ssl/CertSignAlgsExtension$CHCertSignatureSchemesConsumer
instanceKlass sun/security/ssl/CertSignAlgsExtension$CHCertSignatureSchemesProducer
instanceKlass sun/security/ssl/CertSignAlgsExtension
instanceKlass sun/security/ssl/CertificateAuthoritiesExtension$CertificateAuthoritiesStringizer
instanceKlass sun/security/ssl/CertificateAuthoritiesExtension$CRCertificateAuthoritiesConsumer
instanceKlass sun/security/ssl/CertificateAuthoritiesExtension$CRCertificateAuthoritiesProducer
instanceKlass sun/security/ssl/CertificateAuthoritiesExtension$CHCertificateAuthoritiesConsumer
instanceKlass sun/security/ssl/CertificateAuthoritiesExtension$CHCertificateAuthoritiesProducer
instanceKlass sun/security/ssl/CertificateAuthoritiesExtension
instanceKlass sun/security/ssl/PskKeyExchangeModesExtension$PskKeyExchangeModesStringizer
instanceKlass sun/security/ssl/PskKeyExchangeModesExtension$PskKeyExchangeModesOnTradeAbsence
instanceKlass sun/security/ssl/PskKeyExchangeModesExtension$PskKeyExchangeModesOnLoadAbsence
instanceKlass sun/security/ssl/PskKeyExchangeModesExtension$PskKeyExchangeModesConsumer
instanceKlass sun/security/ssl/PskKeyExchangeModesExtension$PskKeyExchangeModesProducer
instanceKlass sun/security/ssl/PskKeyExchangeModesExtension
instanceKlass sun/security/ssl/CookieExtension$CookieStringizer
instanceKlass sun/security/ssl/CookieExtension$HRRCookieReproducer
instanceKlass sun/security/ssl/CookieExtension$HRRCookieConsumer
instanceKlass sun/security/ssl/CookieExtension$HRRCookieProducer
instanceKlass sun/security/ssl/CookieExtension$CHCookieUpdate
instanceKlass sun/security/ssl/CookieExtension$CHCookieConsumer
instanceKlass sun/security/ssl/CookieExtension$CHCookieProducer
instanceKlass sun/security/ssl/CookieExtension
instanceKlass sun/security/ssl/SupportedVersionsExtension$HRRSupportedVersionsReproducer
instanceKlass sun/security/ssl/SupportedVersionsExtension$HRRSupportedVersionsConsumer
instanceKlass sun/security/ssl/SupportedVersionsExtension$HRRSupportedVersionsProducer
instanceKlass sun/security/ssl/SupportedVersionsExtension$SHSupportedVersionsStringizer
instanceKlass sun/security/ssl/SupportedVersionsExtension$SHSupportedVersionsConsumer
instanceKlass sun/security/ssl/SupportedVersionsExtension$SHSupportedVersionsProducer
instanceKlass sun/security/ssl/SupportedVersionsExtension$CHSupportedVersionsStringizer
instanceKlass sun/security/ssl/SupportedVersionsExtension$CHSupportedVersionsConsumer
instanceKlass sun/security/ssl/SupportedVersionsExtension$CHSupportedVersionsProducer
instanceKlass sun/security/ssl/SupportedVersionsExtension
instanceKlass sun/security/ssl/SignatureAlgorithmsExtension$SignatureSchemesStringizer
instanceKlass sun/security/ssl/SignatureAlgorithmsExtension$CRSignatureSchemesUpdate
instanceKlass sun/security/ssl/SignatureAlgorithmsExtension$CRSignatureSchemesAbsence
instanceKlass sun/security/ssl/SignatureAlgorithmsExtension$CRSignatureSchemesConsumer
instanceKlass sun/security/ssl/SignatureAlgorithmsExtension$CRSignatureSchemesProducer
instanceKlass sun/security/ssl/SignatureAlgorithmsExtension$CHSignatureSchemesOnTradeAbsence
instanceKlass sun/security/ssl/SignatureAlgorithmsExtension$CHSignatureSchemesUpdate
instanceKlass sun/security/ssl/SignatureAlgorithmsExtension$CHSignatureSchemesOnLoadAbsence
instanceKlass sun/security/ssl/SignatureAlgorithmsExtension$CHSignatureSchemesConsumer
instanceKlass sun/security/ssl/SignatureAlgorithmsExtension$CHSignatureSchemesProducer
instanceKlass sun/security/ssl/SignatureAlgorithmsExtension
instanceKlass sun/security/ssl/SessionTicketExtension$SessionTicketStringizer
instanceKlass sun/security/ssl/SessionTicketExtension$T12SHSessionTicketConsumer
instanceKlass sun/security/ssl/SessionTicketExtension$T12SHSessionTicketProducer
instanceKlass sun/security/ssl/SessionTicketExtension$T12CHSessionTicketConsumer
instanceKlass sun/security/ssl/SessionTicketExtension$T12CHSessionTicketProducer
instanceKlass sun/security/ssl/SessionTicketExtension
instanceKlass sun/security/ssl/ExtendedMasterSecretExtension$ExtendedMasterSecretStringizer
instanceKlass sun/security/ssl/ExtendedMasterSecretExtension$SHExtendedMasterSecretAbsence
instanceKlass sun/security/ssl/ExtendedMasterSecretExtension$SHExtendedMasterSecretConsumer
instanceKlass sun/security/ssl/ExtendedMasterSecretExtension$SHExtendedMasterSecretProducer
instanceKlass sun/security/ssl/ExtendedMasterSecretExtension$CHExtendedMasterSecretAbsence
instanceKlass sun/security/ssl/ExtendedMasterSecretExtension$CHExtendedMasterSecretConsumer
instanceKlass sun/security/ssl/ExtendedMasterSecretExtension$CHExtendedMasterSecretProducer
instanceKlass sun/security/ssl/ExtendedMasterSecretExtension
instanceKlass sun/security/ssl/AlpnExtension$AlpnStringizer
instanceKlass sun/security/ssl/AlpnExtension$SHAlpnAbsence
instanceKlass sun/security/ssl/AlpnExtension$SHAlpnConsumer
instanceKlass sun/security/ssl/AlpnExtension$SHAlpnProducer
instanceKlass sun/security/ssl/AlpnExtension$CHAlpnAbsence
instanceKlass sun/security/ssl/AlpnExtension$CHAlpnConsumer
instanceKlass sun/security/ssl/AlpnExtension$CHAlpnProducer
instanceKlass sun/security/ssl/AlpnExtension
instanceKlass sun/security/ssl/ECPointFormatsExtension$ECPointFormatsStringizer
instanceKlass sun/security/ssl/ECPointFormatsExtension$SHECPointFormatsConsumer
instanceKlass sun/security/ssl/ECPointFormatsExtension$CHECPointFormatsConsumer
instanceKlass sun/security/ssl/ECPointFormatsExtension$CHECPointFormatsProducer
instanceKlass sun/security/ssl/ECPointFormatsExtension
instanceKlass sun/security/ssl/SupportedGroupsExtension$EESupportedGroupsConsumer
instanceKlass sun/security/ssl/SupportedGroupsExtension$EESupportedGroupsProducer
instanceKlass sun/security/ssl/SupportedGroupsExtension$SupportedGroupsStringizer
instanceKlass sun/security/ssl/SupportedGroupsExtension$CHSupportedGroupsOnTradeAbsence
instanceKlass sun/security/ssl/SupportedGroupsExtension$CHSupportedGroupsConsumer
instanceKlass sun/security/ssl/SupportedGroupsExtension$CHSupportedGroupsProducer
instanceKlass sun/security/ssl/SupportedGroupsExtension
instanceKlass sun/security/ssl/CertStatusExtension$CertStatusRespStringizer
instanceKlass sun/security/ssl/CertStatusExtension$CertStatusRequestsStringizer
instanceKlass sun/security/ssl/CertStatusExtension$SHCertStatusReqV2Consumer
instanceKlass sun/security/ssl/CertStatusExtension$SHCertStatusReqV2Producer
instanceKlass sun/security/ssl/CertStatusExtension$CHCertStatusReqV2Consumer
instanceKlass sun/security/ssl/CertStatusExtension$CHCertStatusReqV2Producer
instanceKlass sun/security/ssl/CertStatusExtension$CertStatusRequestStringizer
instanceKlass sun/security/ssl/CertStatusExtension$CTCertStatusResponseConsumer
instanceKlass sun/security/ssl/CertStatusExtension$CTCertStatusResponseProducer
instanceKlass sun/security/ssl/CertStatusExtension$SHCertStatusReqConsumer
instanceKlass sun/security/ssl/CertStatusExtension$SHCertStatusReqProducer
instanceKlass sun/security/ssl/CertStatusExtension$CHCertStatusReqConsumer
instanceKlass sun/security/ssl/CertStatusExtension$CHCertStatusReqProducer
instanceKlass sun/security/ssl/CertStatusExtension
instanceKlass sun/security/ssl/MaxFragExtension$MaxFragLenStringizer
instanceKlass sun/security/ssl/MaxFragExtension$EEMaxFragmentLengthUpdate
instanceKlass sun/security/ssl/MaxFragExtension$EEMaxFragmentLengthConsumer
instanceKlass sun/security/ssl/MaxFragExtension$EEMaxFragmentLengthProducer
instanceKlass sun/security/ssl/MaxFragExtension$SHMaxFragmentLengthUpdate
instanceKlass sun/security/ssl/MaxFragExtension$SHMaxFragmentLengthConsumer
instanceKlass sun/security/ssl/MaxFragExtension$SHMaxFragmentLengthProducer
instanceKlass sun/security/ssl/MaxFragExtension$CHMaxFragmentLengthConsumer
instanceKlass sun/security/ssl/MaxFragExtension$CHMaxFragmentLengthProducer
instanceKlass sun/security/ssl/MaxFragExtension
instanceKlass sun/security/ssl/ServerNameExtension$EEServerNameConsumer
instanceKlass sun/security/ssl/ServerNameExtension$EEServerNameProducer
instanceKlass sun/security/ssl/ServerNameExtension$SHServerNamesStringizer
instanceKlass sun/security/ssl/ServerNameExtension$SHServerNameConsumer
instanceKlass sun/security/ssl/ServerNameExtension$SHServerNameProducer
instanceKlass sun/security/ssl/ServerNameExtension$CHServerNamesStringizer
instanceKlass sun/security/ssl/ServerNameExtension$CHServerNameConsumer
instanceKlass sun/security/ssl/SSLExtension$ExtensionConsumer
instanceKlass sun/security/ssl/ServerNameExtension$CHServerNameProducer
instanceKlass sun/security/ssl/ServerNameExtension
instanceKlass sun/security/ssl/SSLStringizer
instanceKlass sun/security/ssl/SSLExtensions
instanceKlass sun/security/ssl/SSLHandshake$HandshakeMessage
instanceKlass sun/security/ssl/RandomCookie
instanceKlass sun/security/util/KeyUtil
instanceKlass sun/security/ssl/SSLKeyDerivation
instanceKlass sun/security/ssl/SSLCredentials
instanceKlass sun/security/ssl/NamedGroupPossession
instanceKlass sun/security/ssl/SSLPossession
instanceKlass sun/security/ssl/HandshakeContext
instanceKlass  @bci com/mysql/cj/protocol/ExportControlled lambda$getAllowedCiphers$5 (Ljava/lang/String;)Z 9 <appendix> member <vmtarget> ; # com/mysql/cj/protocol/ExportControlled$$Lambda+0x0000027a15177690
instanceKlass  @bci com/mysql/cj/protocol/ExportControlled getAllowedCiphers (Lcom/mysql/cj/conf/PropertySet;Ljava/util/List;)[Ljava/lang/String; 79 <appendix> argL0 ; # com/mysql/cj/protocol/ExportControlled$$Lambda+0x0000027a15177430
instanceKlass  @bci com/mysql/cj/protocol/ExportControlled getAllowedCiphers (Lcom/mysql/cj/conf/PropertySet;Ljava/util/List;)[Ljava/lang/String; 69 <appendix> member <vmtarget> ; # com/mysql/cj/protocol/ExportControlled$$Lambda+0x0000027a151771c8
instanceKlass sun/security/ssl/DTLSRecord
instanceKlass sun/security/ssl/SessionId
instanceKlass sun/security/x509/AlgorithmId
instanceKlass java/security/spec/MGF1ParameterSpec
instanceKlass java/security/spec/PSSParameterSpec
instanceKlass sun/security/ec/ParametersMap$1
instanceKlass  @bci sun/security/ec/ed/EdDSAParameters <clinit> ()V 268 <appendix> argL0 ; # sun/security/ec/ed/EdDSAParameters$$Lambda+0x0000027a151a4528
instanceKlass sun/security/ec/ed/EdDSAParameters$SHAKE256DigesterFactory
instanceKlass sun/security/ec/point/ProjectivePoint
instanceKlass  @bci sun/security/ec/ed/EdDSAParameters <clinit> ()V 117 <appendix> argL0 ; # sun/security/ec/ed/EdDSAParameters$$Lambda+0x0000027a151a3458
instanceKlass sun/security/ec/ed/EdDSAParameters$SHA512DigesterFactory
instanceKlass sun/security/ec/ed/EdDSAParameters$DigesterFactory
instanceKlass sun/security/util/math/IntegerMontgomeryFieldModuloP
instanceKlass sun/security/ec/point/ExtendedHomogeneousPoint
instanceKlass sun/security/ec/point/ImmutablePoint
instanceKlass sun/security/ec/point/Point
instanceKlass sun/security/ec/point/AffinePoint
instanceKlass sun/security/util/math/intpoly/IntegerPolynomial$Limb
instanceKlass sun/security/util/math/SmallValue
instanceKlass sun/security/ec/ed/EdECOperations
instanceKlass sun/security/util/math/intpoly/IntegerPolynomial$Element
instanceKlass sun/security/util/math/ImmutableIntegerModuloP
instanceKlass sun/security/util/math/IntegerModuloP
instanceKlass sun/security/util/math/intpoly/IntegerPolynomial
instanceKlass sun/security/util/math/IntegerFieldModuloP
instanceKlass sun/security/ec/ParametersMap
instanceKlass sun/security/ec/ed/EdDSAParameters
instanceKlass  @bci sun/security/ec/ed/EdDSASignature <init> (Ljava/security/spec/NamedParameterSpec;)V 27 <appendix> argL0 ; # sun/security/ec/ed/EdDSASignature$$Lambda+0x0000027a151a1668
instanceKlass java/security/spec/EdDSAParameterSpec
instanceKlass javax/net/ssl/ExtendedSSLSession
instanceKlass javax/net/ssl/SSLSession
instanceKlass javax/crypto/spec/DHParameterSpec
instanceKlass  @bci java/util/regex/Pattern Range (II)Ljava/util/regex/Pattern$CharPredicate; 23 <appendix> member <vmtarget> ; # java/util/regex/Pattern$$Lambda+0x80000002c
instanceKlass sun/security/ssl/PredefinedDHParameterSpecs
instanceKlass sun/security/smartcardio/SunPCSC$1
instanceKlass  @bci sun/security/pkcs11/SunPKCS11 register (Lsun/security/pkcs11/SunPKCS11$Descriptor;)V 27 <appendix> argL0 ; # sun/security/pkcs11/SunPKCS11$$Lambda+0x0000027a15173130
instanceKlass sun/security/pkcs11/SunPKCS11$Descriptor
instanceKlass javax/security/auth/callback/CallbackHandler
instanceKlass javax/security/auth/Subject
instanceKlass org/jcp/xml/dsig/internal/dom/XMLDSigRI$2
instanceKlass org/jcp/xml/dsig/internal/dom/XMLDSigRI$1
instanceKlass sun/security/jca/ProviderConfig$ProviderLoader
instanceKlass sun/security/ssl/NamedGroup$SupportedGroups
instanceKlass sun/security/ssl/SSLConfiguration$CustomizedClientSignatureSchemes
instanceKlass javax/crypto/KeyGeneratorSpi
instanceKlass javax/crypto/KeyGenerator
instanceKlass sun/security/ssl/SSLConfiguration
instanceKlass sun/security/ssl/SSLCipher$SSLWriteCipher
instanceKlass sun/security/ssl/KeyUpdate$KeyUpdateProducer
instanceKlass sun/security/ssl/KeyUpdate$KeyUpdateConsumer
instanceKlass sun/security/ssl/KeyUpdate$KeyUpdateKickstartProducer
instanceKlass sun/security/ssl/KeyUpdate
instanceKlass sun/security/ssl/CertificateStatus$CertificateStatusAbsence
instanceKlass sun/security/ssl/HandshakeAbsence
instanceKlass sun/security/ssl/CertificateStatus$CertificateStatusProducer
instanceKlass sun/security/ssl/CertificateStatus$CertificateStatusConsumer
instanceKlass sun/security/ssl/CertificateStatus
instanceKlass sun/security/ssl/Finished$T13FinishedProducer
instanceKlass sun/security/ssl/Finished$T13FinishedConsumer
instanceKlass sun/security/ssl/Finished$T12FinishedProducer
instanceKlass sun/security/ssl/Finished$T12FinishedConsumer
instanceKlass sun/security/ssl/Finished
instanceKlass sun/security/ssl/ClientKeyExchange$ClientKeyExchangeProducer
instanceKlass sun/security/ssl/ClientKeyExchange$ClientKeyExchangeConsumer
instanceKlass sun/security/ssl/ClientKeyExchange
instanceKlass sun/security/ssl/CertificateVerify$T13CertificateVerifyProducer
instanceKlass sun/security/ssl/CertificateVerify$T13CertificateVerifyConsumer
instanceKlass sun/security/ssl/CertificateVerify$T12CertificateVerifyProducer
instanceKlass sun/security/ssl/CertificateVerify$T12CertificateVerifyConsumer
instanceKlass sun/security/ssl/CertificateVerify$T10CertificateVerifyProducer
instanceKlass sun/security/ssl/CertificateVerify$T10CertificateVerifyConsumer
instanceKlass sun/security/ssl/CertificateVerify$S30CertificateVerifyProducer
instanceKlass sun/security/ssl/CertificateVerify$S30CertificateVerifyConsumer
instanceKlass sun/security/ssl/CertificateVerify
instanceKlass sun/security/ssl/ServerHelloDone$ServerHelloDoneProducer
instanceKlass sun/security/ssl/ServerHelloDone$ServerHelloDoneConsumer
instanceKlass sun/security/ssl/ServerHelloDone
instanceKlass sun/security/ssl/CertificateRequest$T13CertificateRequestProducer
instanceKlass sun/security/ssl/CertificateRequest$T13CertificateRequestConsumer
instanceKlass sun/security/ssl/CertificateRequest$T12CertificateRequestProducer
instanceKlass sun/security/ssl/CertificateRequest$T12CertificateRequestConsumer
instanceKlass sun/security/ssl/CertificateRequest$T10CertificateRequestProducer
instanceKlass sun/security/ssl/CertificateRequest$T10CertificateRequestConsumer
instanceKlass sun/security/ssl/CertificateRequest
instanceKlass sun/security/ssl/ServerKeyExchange$ServerKeyExchangeProducer
instanceKlass sun/security/ssl/ServerKeyExchange$ServerKeyExchangeConsumer
instanceKlass sun/security/ssl/ServerKeyExchange
instanceKlass sun/security/ssl/CertificateMessage$T13CertificateProducer
instanceKlass sun/security/ssl/CertificateMessage$T13CertificateConsumer
instanceKlass sun/security/ssl/CertificateMessage$T12CertificateProducer
instanceKlass sun/security/ssl/CertificateMessage$T12CertificateConsumer
instanceKlass sun/security/ssl/CertificateMessage
instanceKlass sun/security/ssl/EncryptedExtensions$EncryptedExtensionsConsumer
instanceKlass sun/security/ssl/EncryptedExtensions$EncryptedExtensionsProducer
instanceKlass sun/security/ssl/EncryptedExtensions
instanceKlass sun/security/ssl/NewSessionTicket$T12NewSessionTicketProducer
instanceKlass sun/security/ssl/NewSessionTicket$T13NewSessionTicketProducer
instanceKlass sun/security/ssl/NewSessionTicket$T12NewSessionTicketConsumer
instanceKlass sun/security/ssl/NewSessionTicket$T13NewSessionTicketConsumer
instanceKlass sun/security/ssl/NewSessionTicket
instanceKlass sun/security/ssl/HelloVerifyRequest$HelloVerifyRequestProducer
instanceKlass sun/security/ssl/HelloVerifyRequest$HelloVerifyRequestConsumer
instanceKlass sun/security/ssl/HelloVerifyRequest
instanceKlass sun/security/ssl/ServerHello$T13HelloRetryRequestConsumer
instanceKlass sun/security/ssl/ServerHello$T13ServerHelloConsumer
instanceKlass sun/security/ssl/ServerHello$T12ServerHelloConsumer
instanceKlass sun/security/ssl/ServerHello$T13HelloRetryRequestReproducer
instanceKlass sun/security/ssl/ServerHello$T13HelloRetryRequestProducer
instanceKlass sun/security/ssl/ServerHello$T13ServerHelloProducer
instanceKlass sun/security/ssl/ServerHello$T12ServerHelloProducer
instanceKlass sun/security/ssl/ServerHello$ServerHelloConsumer
instanceKlass sun/security/ssl/ServerHello
instanceKlass sun/security/ssl/ClientHello$D13ClientHelloConsumer
instanceKlass sun/security/ssl/ClientHello$D12ClientHelloConsumer
instanceKlass sun/security/ssl/ClientHello$T13ClientHelloConsumer
instanceKlass sun/security/ssl/ClientHello$T12ClientHelloConsumer
instanceKlass sun/security/ssl/HandshakeConsumer
instanceKlass sun/security/ssl/ClientHello$ClientHelloProducer
instanceKlass sun/security/ssl/ClientHello$ClientHelloConsumer
instanceKlass sun/security/ssl/ClientHello$ClientHelloKickstartProducer
instanceKlass sun/security/ssl/ClientHello
instanceKlass sun/security/ssl/HelloRequest$HelloRequestProducer
instanceKlass sun/security/ssl/HelloRequest$HelloRequestConsumer
instanceKlass sun/security/ssl/HelloRequest$HelloRequestKickstartProducer
instanceKlass sun/security/ssl/SSLProducer
instanceKlass sun/security/ssl/HelloRequest
instanceKlass sun/security/ssl/HandshakeProducer
instanceKlass sun/security/ssl/SSLConsumer
instanceKlass sun/security/ssl/Authenticator$MacImpl
instanceKlass sun/security/ssl/Authenticator$MAC
instanceKlass sun/security/ssl/Authenticator
instanceKlass sun/security/ssl/SSLCipher$SSLReadCipher
instanceKlass sun/security/ssl/InputRecord
instanceKlass sun/security/ssl/SSLRecord
instanceKlass sun/security/ssl/Record
instanceKlass sun/security/ssl/TransportContext
instanceKlass sun/security/ssl/ConnectionContext
instanceKlass sun/security/ssl/HandshakeHash$CacheOnlyHash
instanceKlass sun/security/ssl/HandshakeHash$TranscriptHash
instanceKlass sun/security/ssl/HandshakeHash
instanceKlass sun/security/ssl/SSLTransport
instanceKlass javax/net/SocketFactory
instanceKlass sun/security/provider/AbstractDrbg$NonceProvider
instanceKlass  @bci sun/security/provider/AbstractDrbg$SeederHolder <clinit> ()V 42 <appendix> member <vmtarget> ; # sun/security/provider/AbstractDrbg$SeederHolder$$Lambda+0x0000027a1518ddf0
instanceKlass  @cpi sun/security/provider/AbstractDrbg$SeederHolder 91 form vmentry <vmtarget> ; # java/lang/invoke/LambdaForm$DMH+0x0000027a151c0c00
# instanceKlass java/lang/invoke/LambdaForm$DMH+0x0000027a151c0800
instanceKlass java/net/NetworkInterface$1
instanceKlass java/net/DefaultInterface
instanceKlass java/net/InterfaceAddress
instanceKlass sun/security/provider/ByteArrayAccess$BE
instanceKlass sun/security/provider/ByteArrayAccess
instanceKlass sun/security/provider/SeedGenerator
instanceKlass sun/security/provider/AbstractDrbg$SeederHolder
instanceKlass java/security/DrbgParameters$NextBytes
instanceKlass  @bci sun/security/provider/AbstractDrbg <clinit> ()V 12 <appendix> argL0 ; # sun/security/provider/AbstractDrbg$$Lambda+0x0000027a1518cac0
instanceKlass  @cpi sun/security/provider/AbstractDrbg 383 form vmentry <vmtarget> ; # java/lang/invoke/LambdaForm$DMH+0x0000027a151c0400
# instanceKlass java/lang/invoke/LambdaForm$DMH+0x0000027a151c0000
instanceKlass sun/security/provider/EntropySource
instanceKlass sun/security/provider/AbstractDrbg
instanceKlass java/security/DrbgParameters$Instantiation
instanceKlass java/security/DrbgParameters
instanceKlass sun/security/provider/MoreDrbgParameters
instanceKlass java/security/SecureRandomSpi
instanceKlass java/util/AbstractList$Itr
instanceKlass  @bci sun/security/ssl/SSLContextImpl engineInit ([Ljavax/net/ssl/KeyManager;[Ljavax/net/ssl/TrustManager;Ljava/security/SecureRandom;)V 57 <appendix> argL0 ; # sun/security/ssl/SSLContextImpl$$Lambda+0x0000027a1518b6b8
instanceKlass javax/net/ssl/X509ExtendedTrustManager
instanceKlass javax/net/ssl/X509ExtendedKeyManager
instanceKlass javax/net/ssl/X509KeyManager
instanceKlass javax/net/ssl/KeyManager
instanceKlass sun/security/util/Cache
instanceKlass sun/security/ssl/SSLSessionContextImpl
instanceKlass javax/net/ssl/SSLSessionContext
instanceKlass sun/security/ssl/EphemeralKeyManager$EphemeralKeyPair
instanceKlass sun/security/ssl/EphemeralKeyManager
instanceKlass sun/security/ssl/SSLContextImpl$CustomizedSSLProtocols
instanceKlass java/security/spec/NamedParameterSpec
instanceKlass sun/security/util/ECKeySizeParameterSpec
instanceKlass java/security/AlgorithmParametersSpi
instanceKlass java/security/AlgorithmParameters
instanceKlass sun/security/util/ECUtil
instanceKlass java/security/KeyPairGeneratorSpi
instanceKlass java/security/KeyFactorySpi
instanceKlass java/security/KeyFactory
instanceKlass javax/crypto/KeyAgreement
instanceKlass sun/security/util/MessageDigestSpi2
instanceKlass java/security/MessageDigestSpi
instanceKlass java/security/Signature$1
instanceKlass jdk/internal/access/JavaSecuritySignatureAccess
instanceKlass java/security/SignatureSpi
instanceKlass sun/security/ssl/JsseJce$EcAvailability
instanceKlass sun/security/ssl/SSLAlgorithmDecomposer$1
instanceKlass sun/security/ssl/Utilities
instanceKlass sun/security/ssl/JsseJce
instanceKlass sun/security/ssl/NamedGroup$XDHScheme
instanceKlass sun/security/ssl/NamedGroup$FFDHEScheme
instanceKlass sun/security/ssl/NamedGroup$ECDHEScheme
instanceKlass sun/security/ssl/NamedGroup$NamedGroupScheme
instanceKlass sun/security/ssl/SSLCipher$T13CC20P1305WriteCipherGenerator
instanceKlass sun/security/ssl/SSLCipher$T12CC20P1305WriteCipherGenerator
instanceKlass sun/security/ssl/SSLCipher$T13CC20P1305ReadCipherGenerator
instanceKlass sun/security/ssl/SSLCipher$T12CC20P1305ReadCipherGenerator
instanceKlass sun/security/ssl/SSLCipher$T13GcmWriteCipherGenerator
instanceKlass sun/security/ssl/SSLCipher$T13GcmReadCipherGenerator
instanceKlass sun/security/ssl/SSLCipher$T12GcmWriteCipherGenerator
instanceKlass sun/security/ssl/SSLCipher$T12GcmReadCipherGenerator
instanceKlass com/sun/crypto/provider/AESConstants
instanceKlass javax/crypto/JceSecurityManager
instanceKlass sun/security/ssl/SSLCipher$T11BlockWriteCipherGenerator
instanceKlass sun/security/ssl/SSLCipher$T11BlockReadCipherGenerator
instanceKlass com/sun/crypto/provider/PKCS5Padding
instanceKlass com/sun/crypto/provider/Padding
instanceKlass com/sun/crypto/provider/FeedbackCipher
instanceKlass com/sun/crypto/provider/SymmetricCipher
instanceKlass com/sun/crypto/provider/DESConstants
instanceKlass com/sun/crypto/provider/CipherCore
instanceKlass sun/security/ssl/SSLCipher$T10BlockWriteCipherGenerator
instanceKlass sun/security/ssl/SSLCipher$T10BlockReadCipherGenerator
instanceKlass javax/crypto/CipherSpi
instanceKlass javax/crypto/ProviderVerifier
instanceKlass java/lang/Class$Holder
instanceKlass javax/crypto/JceSecurity$1
instanceKlass java/net/spi/URLStreamHandlerProvider
instanceKlass jdk/internal/misc/ThreadTracker
instanceKlass java/net/URL$ThreadTrackHolder
instanceKlass java/util/Vector$Itr
instanceKlass javax/crypto/CryptoPolicyParser$CryptoPermissionEntry
instanceKlass javax/crypto/CryptoPolicyParser$GrantEntry
instanceKlass java/io/StreamTokenizer
instanceKlass javax/crypto/CryptoPolicyParser
instanceKlass java/nio/file/Files$1
instanceKlass sun/nio/fs/WindowsFileSystem$1
instanceKlass java/nio/file/PathMatcher
instanceKlass sun/nio/fs/Globs
instanceKlass sun/nio/fs/WindowsFileSystemProvider$1
instanceKlass javax/crypto/JceSecurity
instanceKlass sun/security/jca/ProviderList$ServiceIterator
instanceKlass sun/security/jca/ServiceId
instanceKlass java/util/Collections$1
instanceKlass javax/crypto/Cipher$Transform
instanceKlass javax/crypto/Cipher
instanceKlass sun/security/ssl/SSLCipher$StreamWriteCipherGenerator
instanceKlass sun/security/ssl/SSLCipher$StreamReadCipherGenerator
instanceKlass sun/security/ssl/SSLCipher$NullWriteCipherGenerator
instanceKlass sun/security/ssl/SSLCipher$WriteCipherGenerator
instanceKlass sun/security/ssl/SSLCipher$NullReadCipherGenerator
instanceKlass sun/security/ssl/SSLCipher$ReadCipherGenerator
instanceKlass java/util/AbstractMap$SimpleImmutableEntry
instanceKlass  @bci sun/security/util/DisabledAlgorithmConstraints checkDisabledPatterns (Ljava/lang/String;)Z 17 <appendix> member <vmtarget> ; # sun/security/util/DisabledAlgorithmConstraints$$Lambda+0x0000027a1517b8f0
instanceKlass java/time/zone/ZoneOffsetTransition
instanceKlass java/time/temporal/ValueRange
instanceKlass java/time/temporal/TemporalUnit
instanceKlass java/time/temporal/TemporalField
instanceKlass java/time/zone/ZoneOffsetTransitionRule
instanceKlass java/time/zone/ZoneRules
instanceKlass  @bci java/time/ZoneOffset ofTotalSeconds (I)Ljava/time/ZoneOffset; 37 <appendix> argL0 ; # java/time/ZoneOffset$$Lambda+0x80000001a
instanceKlass  @bci java/util/regex/CharPredicates ASCII_DIGIT ()Ljava/util/regex/Pattern$BmpCharPredicate; 0 <appendix> argL0 ; # java/util/regex/CharPredicates$$Lambda+0x800000026
instanceKlass sun/security/util/DisabledAlgorithmConstraints$Constraints$Holder
instanceKlass sun/security/util/DisabledAlgorithmConstraints$Constraint
instanceKlass sun/security/util/DisabledAlgorithmConstraints$Constraints
instanceKlass java/util/TreeMap$PrivateEntryIterator
instanceKlass java/util/Arrays$ArrayItr
instanceKlass sun/security/util/AlgorithmDecomposer
instanceKlass sun/security/util/AbstractAlgorithmConstraints
instanceKlass sun/security/ssl/SSLAlgorithmConstraints
instanceKlass java/security/AlgorithmConstraints
instanceKlass sun/security/ssl/SSLLogger
instanceKlass javax/net/ssl/SSLContextSpi
instanceKlass javax/net/ssl/SSLContext
instanceKlass java/security/cert/CertPathParameters
instanceKlass com/mysql/cj/protocol/ExportControlled$X509TrustManagerWrapper
instanceKlass javax/net/ssl/X509TrustManager
instanceKlass javax/net/ssl/KeyManagerFactorySpi
instanceKlass javax/net/ssl/KeyManagerFactory
instanceKlass sun/security/jca/GetInstance$Instance
instanceKlass java/security/spec/ECFieldF2m
instanceKlass sun/security/util/ObjectIdentifier
instanceKlass sun/security/util/ByteArrayTagOrder
instanceKlass sun/security/util/ByteArrayLexOrder
instanceKlass sun/security/util/DerEncoder
instanceKlass java/security/spec/ECParameterSpec
instanceKlass java/security/spec/AlgorithmParameterSpec
instanceKlass java/security/spec/ECPoint
instanceKlass java/security/spec/EllipticCurve
instanceKlass java/security/spec/ECFieldFp
instanceKlass java/security/spec/ECField
instanceKlass sun/security/util/CurveDB
instanceKlass sun/security/rsa/SunRsaSignEntries
instanceKlass sun/security/util/SecurityProviderConstants
instanceKlass java/security/Provider$UString
instanceKlass java/security/Provider$Service
instanceKlass sun/security/provider/NativePRNG$NonBlocking
instanceKlass sun/security/provider/NativePRNG$Blocking
instanceKlass sun/security/provider/NativePRNG
instanceKlass sun/security/provider/SunEntries
instanceKlass sun/security/util/SecurityConstants
instanceKlass jdk/internal/math/FloatingDecimal$ASCIIToBinaryBuffer
instanceKlass jdk/internal/math/FloatingDecimal$PreparedASCIIToBinaryBuffer
instanceKlass jdk/internal/math/FloatingDecimal$ASCIIToBinaryConverter
instanceKlass jdk/internal/math/FloatingDecimal$BinaryToASCIIBuffer
instanceKlass jdk/internal/math/FloatingDecimal$ExceptionalBinaryToASCIIBuffer
instanceKlass jdk/internal/math/FloatingDecimal$BinaryToASCIIConverter
instanceKlass jdk/internal/math/FloatingDecimal
instanceKlass javax/security/auth/login/Configuration$Parameters
instanceKlass java/security/Policy$Parameters
instanceKlass javax/crypto/KDFParameters
instanceKlass java/security/cert/CertStoreParameters
instanceKlass java/security/SecureRandomParameters
instanceKlass java/security/Provider$EngineDescription
instanceKlass  @bci java/security/Provider <clinit> ()V 28 <appendix> argL0 ; # java/security/Provider$$Lambda+0x0000027a15133e48
instanceKlass java/security/Provider$ServiceKey
instanceKlass sun/security/jca/ProviderConfig
instanceKlass sun/security/jca/ProviderList
instanceKlass sun/security/jca/Providers
instanceKlass sun/security/jca/GetInstance
instanceKlass javax/net/ssl/TrustManagerFactorySpi
instanceKlass javax/net/ssl/TrustManagerFactory
instanceKlass com/mysql/cj/protocol/ExportControlled$KeyStoreConf
instanceKlass com/mysql/cj/protocol/a/NativeUtils
instanceKlass com/mysql/cj/protocol/a/PacketSplitter
instanceKlass  @bci com/mysql/cj/protocol/ExportControlled <clinit> ()V 169 <appendix> argL0 ; # com/mysql/cj/protocol/ExportControlled$$Lambda+0x0000027a151766c0
instanceKlass  @bci com/mysql/cj/protocol/ExportControlled <clinit> ()V 145 <appendix> argL0 ; # com/mysql/cj/protocol/ExportControlled$$Lambda+0x0000027a15176480
instanceKlass  @bci com/mysql/cj/protocol/ExportControlled <clinit> ()V 121 <appendix> argL0 ; # com/mysql/cj/protocol/ExportControlled$$Lambda+0x0000027a15176240
instanceKlass  @bci com/mysql/cj/protocol/ExportControlled <clinit> ()V 97 <appendix> argL0 ; # com/mysql/cj/protocol/ExportControlled$$Lambda+0x0000027a15176000
instanceKlass  @cpi com/mysql/cj/protocol/ExportControlled 695 form vmentry <vmtarget> ; # java/lang/invoke/LambdaForm$DMH+0x0000027a15174000
instanceKlass javax/net/ssl/TrustManager
instanceKlass java/security/spec/KeySpec
instanceKlass java/security/PrivateKey
instanceKlass javax/security/auth/Destroyable
instanceKlass java/security/AsymmetricKey
instanceKlass java/security/Key
instanceKlass com/mysql/cj/protocol/ExportControlled
instanceKlass com/mysql/cj/protocol/a/NativePacketPayload$1
instanceKlass com/mysql/cj/protocol/a/NativeCapabilities
instanceKlass jdk/internal/event/Event
instanceKlass com/mysql/cj/protocol/a/NativePacketHeader
instanceKlass com/mysql/cj/Collation
instanceKlass sun/nio/cs/DelegatableDecoder
instanceKlass java/nio/charset/Charset$ExtendedProviderHolder
instanceKlass  @bci com/mysql/cj/MysqlCharset <init> (Ljava/lang/String;II[Ljava/lang/String;Lcom/mysql/cj/ServerVersion;)V 81 <appendix> member <vmtarget> ; # com/mysql/cj/MysqlCharset$$Lambda+0x0000027a1516dc20
instanceKlass com/mysql/cj/ServerVersion
instanceKlass com/mysql/cj/MysqlCharset
instanceKlass com/mysql/cj/CharsetMapping
instanceKlass com/mysql/cj/protocol/a/NativeServerSessionStateController
instanceKlass com/mysql/cj/protocol/ServerSessionStateController
instanceKlass com/mysql/cj/protocol/a/NativeServerSession
instanceKlass com/mysql/cj/protocol/a/BinaryResultsetReader
instanceKlass com/mysql/cj/protocol/a/TextResultsetReader
instanceKlass com/mysql/cj/protocol/a/ResultsetRowReader
instanceKlass com/mysql/cj/protocol/ResultsetRow
instanceKlass com/mysql/cj/protocol/a/ColumnDefinitionReader
instanceKlass com/mysql/cj/protocol/ProtocolEntityReader
instanceKlass  @bci com/mysql/cj/protocol/a/NativeAuthenticationProvider <init> ()V 26 <appendix> member <vmtarget> ; # com/mysql/cj/protocol/a/NativeAuthenticationProvider$$Lambda+0x0000027a1516bcf0
instanceKlass com/mysql/cj/callback/MysqlCallback
instanceKlass com/mysql/cj/callback/MysqlCallbackHandler
instanceKlass com/mysql/cj/protocol/a/NativeAuthenticationProvider
instanceKlass com/mysql/cj/protocol/a/SimplePacketReader
instanceKlass com/mysql/cj/protocol/a/SimplePacketSender
instanceKlass com/mysql/cj/protocol/a/NativePacketPayload
instanceKlass com/mysql/cj/log/BaseMetricsHolder
instanceKlass com/mysql/cj/protocol/AbstractProtocol$2
instanceKlass com/mysql/cj/protocol/AbstractProtocol$1
instanceKlass  @bci com/mysql/cj/protocol/a/NativeProtocol <clinit> ()V 504 <appendix> argL0 ; # com/mysql/cj/protocol/a/NativeProtocol$$Lambda+0x0000027a1516a8e8
instanceKlass java/time/ZonedDateTime
instanceKlass java/time/chrono/ChronoZonedDateTime
instanceKlass  @bci com/mysql/cj/protocol/a/NativeProtocol <clinit> ()V 487 <appendix> argL0 ; # com/mysql/cj/protocol/a/NativeProtocol$$Lambda+0x0000027a1516a3b0
instanceKlass  @bci com/mysql/cj/protocol/a/NativeProtocol <clinit> ()V 470 <appendix> argL0 ; # com/mysql/cj/protocol/a/NativeProtocol$$Lambda+0x0000027a15169e78
instanceKlass  @bci com/mysql/cj/protocol/a/NativeProtocol <clinit> ()V 453 <appendix> argL0 ; # com/mysql/cj/protocol/a/NativeProtocol$$Lambda+0x0000027a15169940
instanceKlass  @bci com/mysql/cj/protocol/a/NativeProtocol <clinit> ()V 436 <appendix> argL0 ; # com/mysql/cj/protocol/a/NativeProtocol$$Lambda+0x0000027a15169408
instanceKlass  @bci com/mysql/cj/protocol/a/NativeProtocol <clinit> ()V 419 <appendix> argL0 ; # com/mysql/cj/protocol/a/NativeProtocol$$Lambda+0x0000027a151691d8
instanceKlass  @bci com/mysql/cj/protocol/a/NativeProtocol <clinit> ()V 402 <appendix> argL0 ; # com/mysql/cj/protocol/a/NativeProtocol$$Lambda+0x0000027a15168fa8
instanceKlass java/time/OffsetTime
instanceKlass  @bci com/mysql/cj/protocol/a/NativeProtocol <clinit> ()V 385 <appendix> argL0 ; # com/mysql/cj/protocol/a/NativeProtocol$$Lambda+0x0000027a15168a70
instanceKlass java/time/OffsetDateTime
instanceKlass  @bci com/mysql/cj/protocol/a/NativeProtocol <clinit> ()V 368 <appendix> argL0 ; # com/mysql/cj/protocol/a/NativeProtocol$$Lambda+0x0000027a15168538
instanceKlass  @bci com/mysql/cj/protocol/a/NativeProtocol <clinit> ()V 351 <appendix> argL0 ; # com/mysql/cj/protocol/a/NativeProtocol$$Lambda+0x0000027a15168308
instanceKlass java/time/LocalTime
instanceKlass  @bci com/mysql/cj/protocol/a/NativeProtocol <clinit> ()V 334 <appendix> argL0 ; # com/mysql/cj/protocol/a/NativeProtocol$$Lambda+0x0000027a15167b70
instanceKlass java/time/LocalDateTime
instanceKlass java/time/chrono/ChronoLocalDateTime
instanceKlass  @bci com/mysql/cj/protocol/a/NativeProtocol <clinit> ()V 317 <appendix> argL0 ; # com/mysql/cj/protocol/a/NativeProtocol$$Lambda+0x0000027a15167638
instanceKlass java/time/LocalDate
instanceKlass java/time/chrono/ChronoLocalDate
instanceKlass  @bci com/mysql/cj/protocol/a/NativeProtocol <clinit> ()V 300 <appendix> argL0 ; # com/mysql/cj/protocol/a/NativeProtocol$$Lambda+0x0000027a15167100
instanceKlass  @bci com/mysql/cj/protocol/a/NativeProtocol <clinit> ()V 284 <appendix> argL0 ; # com/mysql/cj/protocol/a/NativeProtocol$$Lambda+0x0000027a15166ed0
instanceKlass java/time/Instant
instanceKlass java/time/temporal/TemporalAdjuster
instanceKlass java/time/temporal/Temporal
instanceKlass java/time/temporal/TemporalAccessor
instanceKlass  @bci com/mysql/cj/protocol/a/NativeProtocol <clinit> ()V 267 <appendix> argL0 ; # com/mysql/cj/protocol/a/NativeProtocol$$Lambda+0x0000027a15166998
instanceKlass  @bci com/mysql/cj/protocol/a/NativeProtocol <clinit> ()V 250 <appendix> argL0 ; # com/mysql/cj/protocol/a/NativeProtocol$$Lambda+0x0000027a15166768
instanceKlass  @bci com/mysql/cj/protocol/a/NativeProtocol <clinit> ()V 233 <appendix> argL0 ; # com/mysql/cj/protocol/a/NativeProtocol$$Lambda+0x0000027a15166538
instanceKlass java/time/Duration
instanceKlass java/time/temporal/TemporalAmount
instanceKlass  @bci com/mysql/cj/protocol/a/NativeProtocol <clinit> ()V 216 <appendix> argL0 ; # com/mysql/cj/protocol/a/NativeProtocol$$Lambda+0x0000027a15166000
instanceKlass  @bci com/mysql/cj/protocol/a/NativeProtocol <clinit> ()V 199 <appendix> argL0 ; # com/mysql/cj/protocol/a/NativeProtocol$$Lambda+0x0000027a15163d48
instanceKlass  @bci com/mysql/cj/protocol/a/NativeProtocol <clinit> ()V 182 <appendix> argL0 ; # com/mysql/cj/protocol/a/NativeProtocol$$Lambda+0x0000027a15163810
instanceKlass  @bci com/mysql/cj/protocol/a/NativeProtocol <clinit> ()V 165 <appendix> argL0 ; # com/mysql/cj/protocol/a/NativeProtocol$$Lambda+0x0000027a151632d8
instanceKlass  @bci com/mysql/cj/protocol/a/NativeProtocol <clinit> ()V 148 <appendix> argL0 ; # com/mysql/cj/protocol/a/NativeProtocol$$Lambda+0x0000027a15162a88
instanceKlass  @bci com/mysql/cj/protocol/a/NativeProtocol <clinit> ()V 131 <appendix> argL0 ; # com/mysql/cj/protocol/a/NativeProtocol$$Lambda+0x0000027a15162550
instanceKlass  @bci com/mysql/cj/protocol/a/NativeProtocol <clinit> ()V 114 <appendix> argL0 ; # com/mysql/cj/protocol/a/NativeProtocol$$Lambda+0x0000027a15162018
instanceKlass  @bci com/mysql/cj/protocol/a/NativeProtocol <clinit> ()V 97 <appendix> argL0 ; # com/mysql/cj/protocol/a/NativeProtocol$$Lambda+0x0000027a15161de8
instanceKlass  @bci com/mysql/cj/protocol/a/NativeProtocol <clinit> ()V 81 <appendix> argL0 ; # com/mysql/cj/protocol/a/NativeProtocol$$Lambda+0x0000027a151618b0
instanceKlass  @bci com/mysql/cj/protocol/a/NativeProtocol <clinit> ()V 64 <appendix> argL0 ; # com/mysql/cj/protocol/a/NativeProtocol$$Lambda+0x0000027a15161060
instanceKlass  @bci com/mysql/cj/protocol/a/NativeProtocol <clinit> ()V 47 <appendix> argL0 ; # com/mysql/cj/protocol/a/NativeProtocol$$Lambda+0x0000027a15160e30
instanceKlass com/mysql/cj/protocol/a/AbstractValueEncoder
instanceKlass com/mysql/cj/protocol/ValueEncoder
instanceKlass com/mysql/cj/MessageBuilder
instanceKlass com/mysql/cj/protocol/MessageHeader
instanceKlass com/mysql/cj/protocol/ServerCapabilities
instanceKlass com/mysql/cj/CharsetSettings
instanceKlass com/mysql/cj/protocol/ServerSessionStateController$ServerSessionStateChanges
instanceKlass com/mysql/cj/protocol/AuthenticationProvider
instanceKlass com/mysql/cj/protocol/ServerSession
instanceKlass com/mysql/cj/protocol/MessageReader
instanceKlass com/mysql/cj/protocol/MessageSender
instanceKlass com/mysql/cj/protocol/PacketReceivedTimeHolder
instanceKlass com/mysql/cj/protocol/AbstractProtocol
instanceKlass com/mysql/cj/protocol/Protocol$ProtocolEventHandler
instanceKlass com/mysql/cj/conf/RuntimeProperty$RuntimePropertyListener
instanceKlass sun/net/NetHooks
instanceKlass sun/net/spi/DefaultProxySelector$NonProxyInfo
instanceKlass sun/net/NetProperties
instanceKlass java/net/Proxy
instanceKlass java/net/ProxySelector
instanceKlass java/net/InetSocketAddress$InetSocketAddressHolder
instanceKlass sun/nio/ch/ExtendedSocketOption$1
instanceKlass sun/nio/ch/ExtendedSocketOption
instanceKlass sun/nio/ch/OptionKey
instanceKlass sun/nio/ch/SocketOptionRegistry$LazyInitialization
instanceKlass sun/nio/ch/SocketOptionRegistry$RegistryKey
instanceKlass sun/nio/ch/SocketOptionRegistry
instanceKlass java/net/NetworkInterface
instanceKlass java/net/StandardSocketOptions$StdSocketOption
instanceKlass java/net/StandardSocketOptions
instanceKlass  @bci sun/nio/ch/NioSocketImpl closerFor (Ljava/io/FileDescriptor;Z)Ljava/lang/Runnable; 5 <appendix> member <vmtarget> ; # sun/nio/ch/NioSocketImpl$$Lambda+0x0000027a151279c0
instanceKlass jdk/net/ExtendedSocketOptions$2
instanceKlass jdk/net/ExtendedSocketOptions$PlatformSocketOptions
instanceKlass jdk/net/ExtendedSocketOptions$ExtSocketOption
instanceKlass java/net/SocketOption
instanceKlass jdk/net/ExtendedSocketOptions
instanceKlass sun/net/ext/ExtendedSocketOptions
instanceKlass sun/nio/ch/Net$1
instanceKlass java/net/ProtocolFamily
instanceKlass sun/nio/ch/Net
instanceKlass java/net/SocksConsts
instanceKlass sun/net/PlatformSocketImpl
instanceKlass java/net/SocketImpl
instanceKlass java/net/SocketOptions
instanceKlass java/net/Socket
instanceKlass jdk/internal/util/random/RandomSupport
instanceKlass java/net/InetAddress$CachedLookup
instanceKlass java/security/Security$2
instanceKlass jdk/internal/access/JavaSecurityPropertiesAccess
instanceKlass java/nio/channels/NetworkChannel
instanceKlass sun/nio/ch/SelChImpl
instanceKlass sun/nio/ch/Streams
instanceKlass java/nio/channels/Channels
instanceKlass sun/nio/ch/FileChannelImpl$Closer
instanceKlass sun/nio/fs/WindowsLinkSupport
instanceKlass java/security/Security$SecPropLoader
instanceKlass java/security/Security
instanceKlass sun/net/InetAddressCachePolicy
instanceKlass  @bci java/net/InetAddress getAddressesFromNameService (Ljava/lang/String;)[Ljava/net/InetAddress; 94 <appendix> argL0 ; # java/net/InetAddress$$Lambda+0x0000027a15122a38
instanceKlass java/net/Inet6Address$Inet6AddressHolder
instanceKlass  @bci java/net/InetAddress loadResolver ()Ljava/net/spi/InetAddressResolver; 8 <appendix> argL0 ; # java/net/InetAddress$$Lambda+0x0000027a151225e0
instanceKlass java/net/spi/InetAddressResolverProvider
instanceKlass java/net/InetAddress$NameServiceAddresses
instanceKlass java/net/InetAddress$Addresses
instanceKlass java/util/concurrent/ConcurrentSkipListMap$Iter
instanceKlass java/net/InetAddress$PlatformResolver
instanceKlass java/net/spi/InetAddressResolver
instanceKlass java/net/spi/InetAddressResolver$LookupPolicy
instanceKlass java/net/Inet4AddressImpl
instanceKlass java/net/Inet6AddressImpl
instanceKlass java/net/InetAddressImpl
instanceKlass java/util/concurrent/ConcurrentSkipListMap$Node
instanceKlass java/util/concurrent/ConcurrentSkipListMap$Index
instanceKlass java/util/concurrent/ConcurrentNavigableMap
instanceKlass java/util/NavigableSet
instanceKlass java/util/SortedSet
instanceKlass java/net/InetAddress$InetAddressHolder
instanceKlass java/net/InetAddress$1
instanceKlass jdk/internal/access/JavaNetInetAddressAccess
instanceKlass java/net/InetAddress
instanceKlass java/net/SocketAddress
instanceKlass com/mysql/cj/protocol/StandardSocketFactory
instanceKlass com/mysql/cj/protocol/PacketSentTimeHolder
instanceKlass com/mysql/cj/protocol/SocketFactory
instanceKlass com/mysql/cj/protocol/SocketMetadata
instanceKlass com/mysql/cj/protocol/AbstractSocketConnection
instanceKlass  @bci java/util/stream/Collectors toList ()Ljava/util/stream/Collector; 14 <appendix> argL0 ; # java/util/stream/Collectors$$Lambda+0x0000027a15121020
instanceKlass  @bci java/util/stream/Collectors toList ()Ljava/util/stream/Collector; 9 <appendix> argL0 ; # java/util/stream/Collectors$$Lambda+0x0000027a15120de0
instanceKlass  @bci java/util/stream/Collectors toList ()Ljava/util/stream/Collector; 4 <appendix> argL0 ; # java/util/stream/Collectors$$Lambda+0x0000027a15120bb0
instanceKlass  @bci com/mysql/cj/jdbc/ConnectionImpl initializeSafeQueryInterceptors ()V 33 <appendix> member <vmtarget> ; # com/mysql/cj/jdbc/ConnectionImpl$$Lambda+0x0000027a1515f610
instanceKlass com/mysql/cj/NoSubInterceptorWrapper
instanceKlass com/mysql/cj/interceptors/QueryInterceptor
instanceKlass java/util/LinkedList$LLSpliterator
instanceKlass com/mysql/cj/jdbc/DatabaseMetaData$IteratorWithCleanup
instanceKlass com/mysql/cj/result/Row
instanceKlass com/mysql/cj/protocol/ResultsetRows
instanceKlass com/mysql/cj/result/RowList
instanceKlass com/mysql/cj/jdbc/DatabaseMetaData
# instanceKlass java/lang/invoke/LambdaForm$MH+0x0000027a1515c000
instanceKlass com/mysql/cj/log/LogFactory
instanceKlass com/mysql/cj/log/NullLogger
instanceKlass com/mysql/cj/protocol/Protocol
instanceKlass com/mysql/cj/protocol/SocketConnection
instanceKlass com/mysql/cj/result/ValueFactory
instanceKlass com/mysql/cj/protocol/Message
instanceKlass com/mysql/cj/DataStoreMetadata
instanceKlass com/mysql/cj/CoreSession
instanceKlass com/mysql/cj/protocol/a/result/NativeResultset
instanceKlass com/mysql/cj/WarningListener
instanceKlass com/mysql/cj/jdbc/result/ResultSetInternalMethods
instanceKlass com/mysql/cj/protocol/Resultset
instanceKlass com/mysql/cj/protocol/ResultsetRowsOwner
instanceKlass java/sql/ResultSet
instanceKlass com/mysql/cj/jdbc/result/ResultSetFactory
instanceKlass com/mysql/cj/conf/AbstractRuntimeProperty
instanceKlass com/mysql/cj/PerConnectionLRUFactory
instanceKlass com/mysql/cj/util/PerVmServerConfigCacheFactory
instanceKlass com/mysql/cj/CacheAdapterFactory
instanceKlass com/mysql/cj/conf/AbstractPropertyDefinition
instanceKlass com/mysql/cj/conf/PropertyDefinitions
instanceKlass com/mysql/cj/conf/RuntimeProperty
instanceKlass com/mysql/cj/conf/PropertyDefinition
instanceKlass com/mysql/cj/conf/DefaultPropertySet
instanceKlass  @bci com/mysql/cj/conf/HostInfo exposeAsProperties ()Ljava/util/Properties; 23 <appendix> member <vmtarget> ; # com/mysql/cj/conf/HostInfo$$Lambda+0x0000027a151498d0
instanceKlass java/util/Random
instanceKlass java/util/random/RandomGenerator
instanceKlass com/mysql/cj/log/StandardLogger
instanceKlass com/mysql/cj/log/Log
instanceKlass com/mysql/cj/jdbc/result/CachedResultSetMetaData
instanceKlass com/mysql/cj/protocol/ColumnDefinition
instanceKlass com/mysql/cj/protocol/ProtocolEntity
instanceKlass java/sql/Blob
instanceKlass java/sql/Savepoint
instanceKlass java/sql/NClob
instanceKlass java/sql/Clob
instanceKlass java/sql/DatabaseMetaData
instanceKlass java/sql/SQLXML
instanceKlass java/sql/CallableStatement
instanceKlass com/mysql/cj/jdbc/StatementImpl
instanceKlass com/mysql/cj/jdbc/JdbcPreparedStatement
instanceKlass com/mysql/cj/jdbc/JdbcStatement
instanceKlass com/mysql/cj/Query
instanceKlass java/sql/PreparedStatement
instanceKlass java/sql/Statement
instanceKlass com/mysql/cj/Session
instanceKlass java/lang/reflect/InvocationHandler
instanceKlass com/mysql/cj/protocol/ProtocolEntityFactory
instanceKlass com/mysql/cj/jdbc/IterateBlock
instanceKlass com/mysql/cj/exceptions/ExceptionInterceptor
instanceKlass com/mysql/cj/jdbc/ConnectionImpl
instanceKlass com/mysql/cj/Session$SessionEventListener
instanceKlass com/mysql/cj/jdbc/JdbcConnection
instanceKlass com/mysql/cj/TransactionEventHandler
instanceKlass com/mysql/cj/MysqlConnection
instanceKlass com/mysql/cj/jdbc/NonRegisteringDriver$1
instanceKlass  @bci com/mysql/cj/conf/ConnectionUrl fixHostInfo (Lcom/mysql/cj/conf/HostInfo;)Lcom/mysql/cj/conf/HostInfo; 33 <appendix> member <vmtarget> ; # com/mysql/cj/conf/ConnectionUrl$$Lambda+0x0000027a15147c08
instanceKlass  @bci com/mysql/cj/conf/ConnectionUrl collectHostsInfo (Lcom/mysql/cj/conf/ConnectionUrlParser;)V 29 <appendix> member <vmtarget> ; # com/mysql/cj/conf/ConnectionUrl$$Lambda+0x0000027a151479c0
instanceKlass  @bci com/mysql/cj/conf/ConnectionUrl collectHostsInfo (Lcom/mysql/cj/conf/ConnectionUrlParser;)V 10 <appendix> member <vmtarget> ; # com/mysql/cj/conf/ConnectionUrl$$Lambda+0x0000027a15147768
instanceKlass  @cpi com/mysql/cj/conf/ConnectionUrl 502 form vmentry <vmtarget> ; # java/lang/invoke/LambdaForm$DMH+0x0000027a15148400
instanceKlass java/util/ArrayList$ArrayListSpliterator
instanceKlass  @bci com/mysql/cj/conf/ConnectionUrl collectProperties (Lcom/mysql/cj/conf/ConnectionUrlParser;Ljava/util/Properties;)V 40 <appendix> member <vmtarget> ; # com/mysql/cj/conf/ConnectionUrl$$Lambda+0x0000027a15147520
instanceKlass  @bci java/util/Collections$UnmodifiableMap$UnmodifiableEntrySet entryConsumer (Ljava/util/function/Consumer;)Ljava/util/function/Consumer; 1 <appendix> member <vmtarget> ; # java/util/Collections$UnmodifiableMap$UnmodifiableEntrySet$$Lambda+0x0000027a15120240
instanceKlass  @cpi net/sf/jasperreports/engine/fill/OffsetElementsUtil 117 form vmentry <vmtarget> ; # java/lang/invoke/LambdaForm$DMH+0x0000027a15148000
instanceKlass  @bci com/mysql/cj/conf/ConnectionUrl collectProperties (Lcom/mysql/cj/conf/ConnectionUrlParser;Ljava/util/Properties;)V 15 <appendix> member <vmtarget> ; # com/mysql/cj/conf/ConnectionUrl$$Lambda+0x0000027a151472d8
instanceKlass java/util/Collections$UnmodifiableMap$UnmodifiableEntrySet$UnmodifiableEntrySetSpliterator
# instanceKlass java/lang/invoke/LambdaForm$MH+0x0000027a15145c00
# instanceKlass java/lang/invoke/LambdaForm$MH+0x0000027a15145800
instanceKlass java/math/MathContext
instanceKlass jdk/internal/math/MathUtils
instanceKlass jdk/internal/math/ToDecimal
instanceKlass java/util/concurrent/ForkJoinTask$Aux
instanceKlass  @bci java/util/ResourceBundle$ResourceBundleControlProviderHolder <clinit> ()V 11 <appendix> argL0 ; # java/util/ResourceBundle$ResourceBundleControlProviderHolder$$Lambda+0x0000027a1511cdc0
instanceKlass  @cpi jdk/internal/foreign/abi/UpcallLinker 546 form vmentry <vmtarget> ; # java/lang/invoke/LambdaForm$DMH+0x0000027a15145400
instanceKlass java/util/ServiceLoader$ProviderSpliterator
instanceKlass java/util/spi/ResourceBundleControlProvider
instanceKlass java/util/ResourceBundle$ResourceBundleControlProviderHolder
instanceKlass com/mysql/cj/Messages
instanceKlass com/mysql/cj/Constants
instanceKlass com/mysql/cj/util/Util
instanceKlass com/mysql/cj/conf/HostInfo
instanceKlass com/mysql/cj/conf/ConnectionUrlParser$Pair
instanceKlass com/mysql/cj/util/StringInspector
instanceKlass  @bci com/mysql/cj/conf/ConnectionUrl buildConnectionStringCacheKey (Ljava/lang/String;Ljava/util/Properties;)Ljava/lang/String; 35 <appendix> member <vmtarget> ; # com/mysql/cj/conf/ConnectionUrl$$Lambda+0x0000027a150c79f8
instanceKlass java/util/TreeMap$Entry
instanceKlass java/util/NavigableMap
instanceKlass java/util/SortedMap
instanceKlass java/net/URLDecoder
instanceKlass com/mysql/cj/util/StringUtils
instanceKlass  @bci java/util/regex/Pattern DOT ()Ljava/util/regex/Pattern$CharPredicate; 0 <appendix> argL0 ; # java/util/regex/Pattern$$Lambda+0x0000027a1511b9e8
instanceKlass  @bci java/util/regex/Pattern negate (Ljava/util/regex/Pattern$CharPredicate;)Ljava/util/regex/Pattern$CharPredicate; 1 <appendix> member <vmtarget> ; # java/util/regex/Pattern$$Lambda+0x800000033
instanceKlass  @bci java/util/regex/CharPredicates ASCII_SPACE ()Ljava/util/regex/Pattern$BmpCharPredicate; 0 <appendix> argL0 ; # java/util/regex/CharPredicates$$Lambda+0x800000027
instanceKlass  @bci java/util/regex/Pattern union (Ljava/util/regex/Pattern$CharPredicate;Ljava/util/regex/Pattern$CharPredicate;Z)Ljava/util/regex/Pattern$CharPredicate; 6 <appendix> member <vmtarget> ; # java/util/regex/Pattern$$Lambda+0x800000034
instanceKlass  @bci java/util/regex/CharPredicates ASCII_WORD ()Ljava/util/regex/Pattern$BmpCharPredicate; 0 <appendix> argL0 ; # java/util/regex/CharPredicates$$Lambda+0x0000027a1511b518
instanceKlass java/util/regex/CharPredicates
instanceKlass com/mysql/cj/conf/ConnectionUrlParser
instanceKlass com/mysql/cj/conf/ConnectionUrl
instanceKlass com/mysql/cj/conf/DatabaseUrlContainer
instanceKlass java/sql/DriverInfo
instanceKlass  @bci java/util/concurrent/Executors$AutoShutdownDelegatedExecutorService <init> (Ljava/util/concurrent/ExecutorService;)V 6 <appendix> member <vmtarget> ; # java/util/concurrent/Executors$AutoShutdownDelegatedExecutorService$$Lambda+0x0000027a1511a8c0
instanceKlass  @cpi sun/nio/ch/NioSocketImpl 902 form vmentry <vmtarget> ; # java/lang/invoke/LambdaForm$DMH+0x0000027a15145000
instanceKlass java/util/concurrent/LinkedBlockingQueue$Node
instanceKlass java/util/concurrent/ThreadPoolExecutor$AbortPolicy
instanceKlass java/util/concurrent/RejectedExecutionHandler
instanceKlass java/util/concurrent/Executors$DelegatedExecutorService
instanceKlass java/util/concurrent/Executors
instanceKlass  @bci com/mysql/cj/jdbc/AbandonedConnectionCleanupThread <clinit> ()V 51 <appendix> argL0 ; # com/mysql/cj/jdbc/AbandonedConnectionCleanupThread$$Lambda+0x0000027a150c5678
instanceKlass com/mysql/cj/jdbc/AbandonedConnectionCleanupThread
instanceKlass com/mysql/cj/jdbc/JdbcPropertySet
instanceKlass com/mysql/cj/conf/PropertySet
instanceKlass java/sql/Connection
instanceKlass java/sql/Wrapper
instanceKlass com/mysql/cj/jdbc/NonRegisteringDriver
instanceKlass sun/net/www/protocol/jar/JarFileFactory
instanceKlass sun/net/www/protocol/jar/URLJarFile$URLJarFileCloseController
instanceKlass java/sql/Driver
instanceKlass java/sql/DriverManager
instanceKlass Clases/Conexion
instanceKlass javax/swing/text/GapContent$UndoPosRef
instanceKlass javax/swing/JComponent$ActionStandin
instanceKlass sun/awt/ModalExclude
instanceKlass javax/swing/KeyboardManager
instanceKlass javax/swing/JComponent$IntVector
instanceKlass javax/swing/JComponent$KeyboardState
instanceKlass Clases/Validaciones
instanceKlass sun/awt/DebugSettings
instanceKlass javax/swing/Autoscroller
instanceKlass javax/swing/TimerQueue$DelayedTimer
instanceKlass java/util/concurrent/Delayed
instanceKlass java/text/AttributedString$AttributedStringIterator
instanceKlass java/text/AttributedCharacterIterator
instanceKlass java/text/AttributedString
instanceKlass sun/awt/im/CompositionAreaHandler
instanceKlass javax/swing/text/JTextComponent$InputMethodRequestsHandler
instanceKlass sun/awt/im/InputMethodAdapter
instanceKlass java/awt/im/spi/InputMethod
instanceKlass java/awt/im/spi/InputMethodContext
instanceKlass java/awt/im/InputMethodRequests
instanceKlass java/awt/im/InputContext
instanceKlass java/awt/Toolkit$SelectiveAWTEventListener
instanceKlass java/awt/Container$MouseEventTargetFilter
instanceKlass java/awt/Container$EventTargetFilter
instanceKlass java/awt/KeyboardFocusManager$LightweightFocusRequest
instanceKlass java/awt/DefaultKeyboardFocusManager$TypeAheadMarker
instanceKlass java/awt/KeyboardFocusManager$HeavyweightFocusRequest
instanceKlass sun/awt/KeyboardFocusManagerPeerImpl$KfmAccessor
instanceKlass  @bci jdk/internal/foreign/AbstractMemorySegmentImpl toArray (Ljava/lang/foreign/ValueLayout$OfByte;)[B 9 <appendix> argL0 ; # jdk/internal/foreign/AbstractMemorySegmentImpl$$Lambda+0x0000027a1510e8c0
instanceKlass  @bci jdk/internal/foreign/AbstractMemorySegmentImpl toArray (Ljava/lang/foreign/ValueLayout$OfByte;)[B 4 <appendix> argL0 ; # jdk/internal/foreign/AbstractMemorySegmentImpl$$Lambda+0x0000027a1510e690
instanceKlass java/lang/invoke/DirectMethodHandle$1
# instanceKlass java/lang/invoke/LambdaForm$MH+0x0000027a15143800
# instanceKlass java/lang/invoke/LambdaForm$DMH+0x0000027a15143400
# instanceKlass java/lang/invoke/LambdaForm$MH+0x0000027a15143000
# instanceKlass java/lang/invoke/LambdaForm$DMH+0x0000027a15142c00
# instanceKlass java/lang/invoke/LambdaForm$MH+0x0000027a15142800
# instanceKlass java/lang/invoke/LambdaForm$MH+0x0000027a15142400
# instanceKlass java/lang/invoke/LambdaForm$BMH+0x0000027a15142000
# instanceKlass java/lang/invoke/LambdaForm$DMH+0x0000027a15141c00
instanceKlass java/lang/invoke/VarHandles$1
# instanceKlass java/lang/invoke/LambdaForm$DMH+0x0000027a15141800
instanceKlass sun/java2d/pipe/SpanClipRenderer$SCRcontext
# instanceKlass java/lang/invoke/LambdaForm$MH+0x0000027a15141400
# instanceKlass java/lang/invoke/LambdaForm$MH+0x0000027a15141000
# instanceKlass java/lang/invoke/LambdaForm$MH+0x0000027a15140c00
# instanceKlass java/lang/invoke/LambdaForm$BMH+0x0000027a15140800
# instanceKlass java/lang/invoke/LambdaForm$DMH+0x0000027a15140400
# instanceKlass java/lang/invoke/LambdaForm$DMH+0x0000027a15140000
instanceKlass java/awt/ColorPaintContext
instanceKlass java/awt/geom/QuadCurve2D
instanceKlass sun/java2d/pipe/RegionClipSpanIterator
instanceKlass java/lang/FdLibm$Cbrt
instanceKlass sun/java2d/pipe/RegionSpanIterator
instanceKlass java/awt/GradientPaintContext
instanceKlass java/awt/geom/AreaIterator
instanceKlass java/lang/FdLibm
instanceKlass java/lang/FdLibm$Acos
instanceKlass sun/awt/geom/Edge
instanceKlass java/util/Vector$1
instanceKlass sun/awt/geom/ChainEnd
instanceKlass sun/awt/geom/CurveLink
instanceKlass sun/awt/geom/AreaOp$1
instanceKlass sun/awt/geom/AreaOp
instanceKlass java/awt/geom/RectIterator
instanceKlass java/awt/geom/Area
instanceKlass sun/awt/geom/Curve
instanceKlass java/awt/geom/Path2D$Iterator
instanceKlass javax/swing/plaf/nimbus/ImageScalingHelper
instanceKlass sun/java2d/pipe/AlphaPaintPipe$TileContext
instanceKlass java/awt/MultipleGradientPaintContext
instanceKlass java/awt/PaintContext
instanceKlass java/awt/GradientPaint
instanceKlass java/awt/MultipleGradientPaint
instanceKlass sun/java2d/marlin/ArrayCacheConst
instanceKlass sun/java2d/marlin/Helpers
instanceKlass sun/java2d/marlin/DPQSSorterContext
instanceKlass sun/java2d/marlin/MarlinUtils
instanceKlass sun/java2d/marlin/MergeSort
instanceKlass sun/java2d/marlin/Dasher$LengthIterator
instanceKlass sun/java2d/marlin/Dasher
instanceKlass sun/java2d/marlin/Stroker
instanceKlass sun/java2d/marlin/MarlinTileGenerator
instanceKlass sun/java2d/pipe/AATileGenerator
instanceKlass sun/java2d/marlin/Renderer
instanceKlass sun/java2d/marlin/ArrayCacheIntClean$Reference
instanceKlass  @bci sun/java2d/marlin/OffHeapArray <init> (Ljava/lang/Object;J)V 52 <appendix> member <vmtarget> ; # sun/java2d/marlin/OffHeapArray$$Lambda+0x0000027a15105e68
instanceKlass sun/java2d/marlin/OffHeapArray
instanceKlass sun/java2d/marlin/MarlinCache
instanceKlass sun/java2d/marlin/ArrayCacheInt$Reference
instanceKlass sun/java2d/marlin/Helpers$IndexStack
instanceKlass sun/java2d/marlin/TransformingPathConsumer2D$PathClipFilter
instanceKlass sun/java2d/marlin/TransformingPathConsumer2D$StartFlagPathConsumer2D
instanceKlass sun/java2d/marlin/ArrayCacheByte$Reference
instanceKlass sun/java2d/marlin/ArrayCacheDouble$Reference
instanceKlass sun/java2d/marlin/Helpers$PolyStack
instanceKlass sun/java2d/marlin/TransformingPathConsumer2D$ClosedPathDetector
instanceKlass sun/java2d/marlin/TransformingPathConsumer2D$PathTracer
instanceKlass sun/java2d/marlin/TransformingPathConsumer2D$DeltaTransformFilter
instanceKlass sun/java2d/marlin/TransformingPathConsumer2D$DeltaScaleFilter
instanceKlass sun/java2d/marlin/TransformingPathConsumer2D$Path2DWrapper
instanceKlass sun/java2d/marlin/TransformingPathConsumer2D
instanceKlass sun/java2d/marlin/TransformingPathConsumer2D$CurveClipSplitter
instanceKlass sun/java2d/marlin/TransformingPathConsumer2D$CurveBasicMonotonizer
instanceKlass sun/java2d/marlin/DMarlinRenderingEngine$NormalizingPathIterator
instanceKlass sun/java2d/marlin/RendererContext$PathConsumer2DAdapter
instanceKlass sun/java2d/marlin/ArrayCacheByte
instanceKlass sun/java2d/marlin/ArrayCacheDouble
instanceKlass sun/java2d/marlin/ArrayCacheInt
instanceKlass sun/java2d/marlin/ArrayCacheIntClean
instanceKlass sun/java2d/marlin/PathSimplifier
instanceKlass sun/java2d/marlin/CollinearSimplifier
instanceKlass sun/java2d/marlin/DPathConsumer2D
instanceKlass sun/java2d/marlin/Curve
instanceKlass sun/java2d/ReentrantContext
instanceKlass javax/swing/plaf/nimbus/ImageCache
instanceKlass sun/java2d/loops/FontInfo
instanceKlass java/awt/PrintGraphics
instanceKlass java/awt/print/PrinterGraphics
instanceKlass javax/swing/tree/TreeCellRenderer
instanceKlass sun/awt/image/ImageDecoder
instanceKlass java/text/DontCareFieldPosition$1
instanceKlass java/text/Format$FieldDelegate
instanceKlass java/text/StringBufFactory$StringBuilderImpl
instanceKlass java/text/Format$StringBuf
instanceKlass java/text/StringBufFactory
instanceKlass java/text/DigitList
instanceKlass java/text/FieldPosition
instanceKlass java/text/DecimalFormatSymbols
instanceKlass java/text/DateFormatSymbols
instanceKlass sun/util/calendar/CalendarUtils
instanceKlass sun/util/calendar/CalendarDate
instanceKlass sun/util/resources/Bundles$CacheKeyReference
instanceKlass  @bci sun/util/cldr/CLDRLocaleProviderAdapter applyAliases (Ljava/util/Locale;)Ljava/util/Locale; 4 <appendix> argL0 ; # sun/util/cldr/CLDRLocaleProviderAdapter$$Lambda+0x80000005f
instanceKlass sun/util/resources/Bundles$CacheKey
instanceKlass sun/util/resources/Bundles
instanceKlass sun/util/resources/LocaleData$LocaleDataStrategy
instanceKlass sun/util/resources/Bundles$Strategy
instanceKlass sun/util/resources/LocaleData
instanceKlass java/util/regex/Pattern$BitClass
instanceKlass java/util/regex/ASCII
instanceKlass sun/util/locale/provider/LocaleResources
instanceKlass java/util/stream/AbstractSpinedBuffer
instanceKlass  @bci sun/util/locale/provider/LocaleProviderAdapter toLocaleArray (Ljava/util/Set;)[Ljava/util/Locale; 21 <appendix> argL0 ; # sun/util/locale/provider/LocaleProviderAdapter$$Lambda+0x800000062
instanceKlass java/util/stream/DistinctOps
instanceKlass  @bci sun/util/locale/provider/LocaleProviderAdapter toLocaleArray (Ljava/util/Set;)[Ljava/util/Locale; 6 <appendix> argL0 ; # sun/util/locale/provider/LocaleProviderAdapter$$Lambda+0x800000060
instanceKlass sun/util/locale/provider/CalendarDataUtility$CalendarWeekParameterGetter
instanceKlass sun/util/locale/provider/LocaleServiceProviderPool$LocalizedObjectGetter
instanceKlass sun/util/locale/provider/LocaleServiceProviderPool
instanceKlass java/util/Locale$Builder
instanceKlass sun/util/locale/provider/CalendarDataUtility
instanceKlass java/util/Calendar$Builder
instanceKlass java/util/regex/IntHashSet
instanceKlass java/util/regex/Matcher
instanceKlass java/util/regex/MatchResult
instanceKlass java/util/regex/Pattern$TreeInfo
instanceKlass  @bci java/util/regex/Pattern Single (I)Ljava/util/regex/Pattern$BmpCharPredicate; 1 <appendix> member <vmtarget> ; # java/util/regex/Pattern$$Lambda+0x80000002b
instanceKlass java/util/regex/Pattern$BmpCharPredicate
instanceKlass java/util/regex/Pattern$CharPredicate
instanceKlass java/util/regex/Pattern$Node
instanceKlass java/util/regex/Pattern
instanceKlass sun/util/locale/provider/AvailableLanguageTags
instanceKlass sun/util/resources/cldr/provider/CLDRLocaleDataMetaInfo
instanceKlass jdk/internal/module/ModulePatcher$PatchedModuleReader
instanceKlass sun/util/locale/InternalLocaleBuilder$CaseInsensitiveChar
instanceKlass sun/util/locale/InternalLocaleBuilder
instanceKlass sun/util/locale/StringTokenIterator
instanceKlass sun/util/locale/ParseStatus
instanceKlass sun/util/locale/LanguageTag
instanceKlass sun/util/cldr/CLDRBaseLocaleDataMetaInfo
instanceKlass sun/util/locale/provider/LocaleDataMetaInfo
instanceKlass sun/util/locale/provider/ResourceBundleBasedAdapter
instanceKlass sun/util/locale/provider/LocaleProviderAdapter
instanceKlass java/util/spi/LocaleServiceProvider
instanceKlass java/util/zip/Checksum$1
instanceKlass java/util/zip/CRC32
instanceKlass java/util/zip/Checksum
instanceKlass sun/util/calendar/ZoneInfoFile$ZoneOffsetTransitionRule
instanceKlass java/time/ZoneId
instanceKlass jdk/internal/util/ByteArray
instanceKlass sun/util/calendar/ZoneInfoFile
instanceKlass java/util/TimeZone
instanceKlass java/util/Calendar
instanceKlass java/text/Format
instanceKlass sun/util/calendar/CalendarSystem$GregorianHolder
instanceKlass sun/util/calendar/CalendarSystem
instanceKlass java/util/Date
instanceKlass sun/net/www/MimeEntry
instanceKlass java/util/concurrent/ConcurrentHashMap$MapEntry
instanceKlass java/util/Properties$EntrySet
instanceKlass java/util/Properties$LineReader
instanceKlass sun/net/www/MimeTable$DefaultInstanceHolder
instanceKlass sun/net/www/MimeTable
instanceKlass java/net/URLConnection$1
instanceKlass java/net/FileNameMap
instanceKlass sun/net/www/MessageHeader
instanceKlass java/net/URLConnection
instanceKlass sun/awt/image/FetcherInfo
instanceKlass sun/awt/image/ImageConsumerQueue
instanceKlass sun/awt/image/ImageWatched$Link
instanceKlass sun/awt/image/ImageWatched
instanceKlass java/awt/image/ImageConsumer
instanceKlass java/awt/image/MultiResolutionImage
instanceKlass java/awt/MediaEntry
instanceKlass sun/awt/image/InputStreamImageSource
instanceKlass sun/awt/image/ImageFetchable
instanceKlass java/awt/image/ImageProducer
instanceKlass java/awt/MediaTracker
instanceKlass javax/swing/ImageIcon
instanceKlass sun/awt/image/BufImgSurfaceData$ICMColorData
instanceKlass java/awt/image/WritableRenderedImage
instanceKlass java/awt/image/RenderedImage
instanceKlass sun/awt/image/NativeLibLoader
instanceKlass java/awt/image/SampleModel
instanceKlass java/awt/image/DataBuffer$1
instanceKlass sun/awt/image/SunWritableRaster$DataStealer
instanceKlass java/awt/image/DataBuffer
instanceKlass java/awt/image/Raster
instanceKlass sun/java2d/opengl/OGLGraphicsConfig
instanceKlass sun/awt/SunGraphicsCallback
instanceKlass sun/java2d/pipe/hw/AccelSurface
instanceKlass java/awt/Cursor$CursorDisposer
instanceKlass java/awt/event/MouseEvent$1
instanceKlass sun/awt/AWTAccessor$MouseEventAccessor
instanceKlass java/awt/MenuComponent
instanceKlass sun/awt/GlobalCursorManager$NativeUpdater
instanceKlass sun/awt/GlobalCursorManager
instanceKlass java/awt/SplashScreen
instanceKlass jdk/internal/vm/ThreadContainers
instanceKlass java/util/concurrent/ForkJoinPool$DefaultForkJoinWorkerThreadFactory
instanceKlass java/util/concurrent/ForkJoinPool$1
instanceKlass jdk/internal/access/JavaUtilConcurrentFJPAccess
instanceKlass java/util/concurrent/RunnableFuture
instanceKlass java/util/concurrent/ForkJoinTask
instanceKlass java/util/concurrent/Future
instanceKlass java/util/concurrent/ForkJoinPool$WorkQueue
instanceKlass jdk/internal/vm/StackableScope
instanceKlass java/util/concurrent/CountDownLatch
instanceKlass java/security/Permission
instanceKlass java/security/Guard
instanceKlass java/util/concurrent/ForkJoinPool$ForkJoinWorkerThreadFactory
instanceKlass java/util/concurrent/AbstractExecutorService
instanceKlass java/util/concurrent/ExecutorService
instanceKlass java/util/concurrent/Executor
instanceKlass javax/swing/event/UndoableEditListener
instanceKlass java/util/concurrent/ForkJoinPool$ManagedBlocker
instanceKlass sun/swing/text/UndoableEditLockSupport
instanceKlass java/util/concurrent/locks/AbstractQueuedSynchronizer$Node
instanceKlass javax/swing/text/DefaultCaret$1
instanceKlass java/util/concurrent/BlockingQueue
instanceKlass javax/swing/TimerQueue
instanceKlass javax/swing/text/AbstractDocument$UndoRedoDocumentEvent
instanceKlass javax/swing/event/DocumentEvent$ElementChange
instanceKlass javax/swing/event/DocumentEvent$EventType
instanceKlass javax/swing/event/DocumentEvent
instanceKlass javax/swing/undo/AbstractUndoableEdit
instanceKlass javax/swing/undo/UndoableEdit
instanceKlass sun/java2d/pipe/ShapeSpanIterator
instanceKlass sun/awt/geom/PathConsumer2D
instanceKlass sun/java2d/pipe/SpanIterator
instanceKlass java/awt/geom/RoundRectIterator
instanceKlass java/awt/geom/PathIterator
instanceKlass sun/awt/windows/WComponentPeer$2
instanceKlass java/awt/SequencedEvent$1
instanceKlass sun/awt/AWTAccessor$SequencedEventAccessor
instanceKlass  @bci sun/awt/windows/WWindowPeer displayChanged ()V 5 <appendix> member <vmtarget> ; # sun/awt/windows/WWindowPeer$$Lambda+0x0000027a150fc3e8
instanceKlass  @cpi javax/crypto/spec/SecretKeySpec 169 form vmentry <vmtarget> ; # java/lang/invoke/LambdaForm$DMH+0x0000027a150ca800
instanceKlass javax/swing/GroupLayout$1
instanceKlass sun/font/SunFontManager$FamilyDescription
instanceKlass javax/swing/LayoutStyle
instanceKlass javax/swing/GroupLayout$SpringDelta
instanceKlass javax/swing/text/Utilities
instanceKlass javax/swing/text/Segment
instanceKlass java/text/CharacterIterator
instanceKlass javax/swing/text/SegmentCache
# instanceKlass java/lang/invoke/LambdaForm$MH+0x0000027a150ca400
# instanceKlass java/lang/invoke/LambdaForm$MH+0x0000027a150ca000
# instanceKlass java/lang/invoke/LambdaForm$MH+0x0000027a150c9c00
# instanceKlass java/lang/invoke/LambdaForm$BMH+0x0000027a150c9800
# instanceKlass java/lang/invoke/LambdaForm$DMH+0x0000027a150c9400
# instanceKlass java/lang/invoke/LambdaForm$DMH+0x0000027a150c9000
# instanceKlass java/lang/invoke/LambdaForm$MH+0x0000027a150c8c00
# instanceKlass java/lang/invoke/LambdaForm$DMH+0x0000027a150c8800
# instanceKlass java/lang/invoke/LambdaForm$MH+0x0000027a150c8400
# instanceKlass java/lang/invoke/LambdaForm$DMH+0x0000027a150c8000
# instanceKlass java/lang/invoke/LambdaForm$MH+0x0000027a150c3c00
# instanceKlass java/lang/invoke/LambdaForm$BMH+0x0000027a150c3800
# instanceKlass java/lang/invoke/LambdaForm$DMH+0x0000027a150c3400
# instanceKlass java/lang/invoke/LambdaForm$DMH+0x0000027a150c3000
instanceKlass java/lang/invoke/VarHandle$AccessDescriptor
instanceKlass sun/font/CMap
instanceKlass sun/font/FontScaler
instanceKlass sun/font/TrueTypeFont$DirectoryEntry
instanceKlass sun/nio/ch/Util$BufferCache
instanceKlass sun/nio/ch/Util
instanceKlass jdk/internal/misc/Blocker
instanceKlass sun/nio/ch/IOStatus
instanceKlass sun/nio/ch/NativeThread
instanceKlass sun/nio/ch/NativeThreadSet
instanceKlass java/nio/channels/spi/AbstractInterruptibleChannel$1
instanceKlass sun/nio/ch/Interruptible
instanceKlass sun/nio/ch/IOUtil
instanceKlass sun/nio/ch/NativeDispatcher
instanceKlass java/nio/channels/spi/AbstractInterruptibleChannel
instanceKlass java/nio/channels/InterruptibleChannel
instanceKlass java/nio/channels/ScatteringByteChannel
instanceKlass java/nio/channels/GatheringByteChannel
instanceKlass java/nio/channels/SeekableByteChannel
instanceKlass java/nio/channels/ByteChannel
instanceKlass java/nio/channels/WritableByteChannel
instanceKlass java/nio/channels/ReadableByteChannel
instanceKlass java/nio/channels/Channel
instanceKlass sun/font/TrueTypeFont$TTDisposerRecord
instanceKlass sun/font/StrikeCache$DisposableStrike
instanceKlass sun/font/FontStrikeDisposer
instanceKlass sun/java2d/Disposer$PollDisposable
instanceKlass sun/font/FontStrikeDesc
instanceKlass sun/font/FontDesignMetrics$MetricsKey
instanceKlass java/awt/FontMetrics
instanceKlass sun/swing/SwingUtilities2$KeyPair
instanceKlass javax/swing/GroupLayout$AutoPreferredGapMatch
instanceKlass sun/awt/NullComponentPeer
instanceKlass sun/awt/LightweightPeerHolder
instanceKlass java/awt/peer/LightweightPeer
instanceKlass sun/awt/im/InputMethodLocator
instanceKlass sun/awt/windows/WInputMethodDescriptor
instanceKlass java/awt/im/spi/InputMethodDescriptor
instanceKlass sun/awt/im/InputMethodManager
instanceKlass  @bci sun/awt/windows/WToolkit getFontPeer (Ljava/lang/String;I)Ljava/awt/peer/FontPeer; 94 <appendix> form vmentry <vmtarget> ; # java/lang/invoke/LambdaForm$MH+0x0000027a150c2c00
instanceKlass sun/awt/NativeLibLoader
instanceKlass sun/awt/PlatformFont
instanceKlass java/awt/peer/FontPeer
instanceKlass  @bci java/awt/SystemColor <clinit> ()V 643 <appendix> argL0 ; # java/awt/SystemColor$$Lambda+0x0000027a150f1048
instanceKlass  @cpi java/awt/SystemColor 241 form vmentry <vmtarget> ; # java/lang/invoke/LambdaForm$DMH+0x0000027a150c2400
instanceKlass sun/awt/AWTAccessor$SystemColorAccessor
instanceKlass sun/java2d/StateTracker$2
instanceKlass sun/java2d/StateTracker$1
instanceKlass sun/java2d/StateTracker
instanceKlass sun/java2d/SurfaceDataProxy
instanceKlass sun/awt/image/SurfaceManager$FlushableCacheData
instanceKlass sun/java2d/DefaultDisposerRecord
instanceKlass sun/java2d/loops/GraphicsPrimitiveMgr$PrimitiveSpec
instanceKlass sun/java2d/loops/RenderLoops
instanceKlass sun/java2d/windows/GDIRenderer
instanceKlass sun/java2d/loops/GraphicsPrimitiveMgr$2
instanceKlass sun/java2d/loops/GraphicsPrimitiveMgr$1
instanceKlass sun/java2d/loops/GeneralRenderer
instanceKlass sun/java2d/loops/CustomComponent
instanceKlass sun/java2d/pipe/ValidatePipe
instanceKlass java/awt/BasicStroke
instanceKlass java/awt/Stroke
instanceKlass java/awt/AlphaComposite
instanceKlass sun/awt/ConstrainableGraphics
instanceKlass sun/java2d/loops/GraphicsPrimitiveMgr
instanceKlass sun/java2d/loops/CompositeType
instanceKlass sun/java2d/loops/GraphicsPrimitiveMgr$GeneralPrimitives
instanceKlass sun/java2d/loops/GraphicsPrimitive
instanceKlass sun/java2d/loops/XORComposite
instanceKlass java/awt/Composite
instanceKlass sun/java2d/pipe/hw/AccelGraphicsConfig
instanceKlass sun/java2d/pipe/hw/BufferedContextProvider
instanceKlass  @bci sun/java2d/d3d/D3DScreenUpdateManager <init> ()V 21 <appendix> member <vmtarget> ; # sun/java2d/d3d/D3DScreenUpdateManager$$Lambda+0x0000027a150e90c0
instanceKlass sun/java2d/ScreenUpdateManager
instanceKlass sun/awt/im/InputMethodWindow
instanceKlass sun/awt/ExtendedKeyCodes
instanceKlass sun/awt/RepaintArea
instanceKlass sun/awt/windows/WWindowPeer$GuiDisposedListener
instanceKlass sun/awt/windows/WWindowPeer$ActiveWindowListener
instanceKlass java/awt/peer/CanvasPeer
instanceKlass java/awt/peer/PanelPeer
instanceKlass java/awt/peer/FramePeer
instanceKlass java/awt/peer/WindowPeer
instanceKlass java/awt/peer/ContainerPeer
instanceKlass javax/swing/GroupLayout$ComponentInfo
instanceKlass javax/swing/GroupLayout
instanceKlass java/awt/event/KeyAdapter
instanceKlass Ventanas/ConexionBaseDatos$3
instanceKlass java/awt/event/MouseMotionAdapter
instanceKlass java/beans/VetoableChangeListener
instanceKlass javax/swing/event/AncestorListener
instanceKlass javax/swing/plaf/basic/BasicButtonListener
instanceKlass javax/swing/AbstractButton$Handler
instanceKlass javax/swing/DefaultButtonModel
instanceKlass javax/swing/ButtonModel
instanceKlass javax/swing/JTextField$ScrollRepainter
instanceKlass javax/swing/DefaultBoundedRangeModel
instanceKlass javax/swing/BoundedRangeModel
instanceKlass javax/swing/text/JTextComponent$DefaultKeymap
instanceKlass javax/swing/text/Keymap
instanceKlass javax/swing/text/PlainView$FPMethodItem
instanceKlass javax/swing/text/TabExpander
instanceKlass javax/swing/text/StyleContext$KeyEnumeration
instanceKlass javax/swing/text/GapContent$StickyPosition
instanceKlass javax/swing/text/Position
instanceKlass javax/swing/text/AbstractDocument$AbstractElement
instanceKlass javax/swing/tree/TreeNode
instanceKlass javax/swing/text/Element
instanceKlass java/util/LinkedHashMap$LinkedHashIterator
instanceKlass java/util/Collections$3
instanceKlass javax/swing/text/StyleContext$SmallAttributeSet
instanceKlass javax/swing/text/StyleContext$NamedStyle
instanceKlass javax/swing/text/Style
instanceKlass javax/swing/text/SimpleAttributeSet$EmptyAttributeSet
instanceKlass javax/swing/text/SimpleAttributeSet
instanceKlass javax/swing/text/MutableAttributeSet
instanceKlass javax/swing/text/AttributeSet
instanceKlass javax/swing/text/StyleContext$FontKey
instanceKlass javax/swing/text/AttributeSet$ParagraphAttribute
instanceKlass javax/swing/text/AttributeSet$ColorAttribute
instanceKlass javax/swing/text/AttributeSet$FontAttribute
instanceKlass javax/swing/text/AttributeSet$CharacterAttribute
instanceKlass javax/swing/text/StyleConstants
instanceKlass javax/swing/text/StyleContext
instanceKlass javax/swing/text/AbstractDocument$AttributeContext
instanceKlass javax/swing/text/GapVector
instanceKlass javax/swing/text/AbstractDocument$Content
instanceKlass javax/swing/text/AbstractDocument
instanceKlass javax/swing/TransferHandler$TransferSupport
instanceKlass javax/swing/TransferHandler$DropHandler
instanceKlass java/awt/datatransfer/SystemFlavorMap$SoftCache
instanceKlass  @bci java/awt/datatransfer/SystemFlavorMap getDefaultFlavorMap ()Ljava/awt/datatransfer/FlavorMap; 3 <appendix> argL0 ; # java/awt/datatransfer/SystemFlavorMap$$Lambda+0x0000027a150b9eb0
instanceKlass java/awt/datatransfer/DataFlavor
instanceKlass java/io/Externalizable
instanceKlass sun/awt/datatransfer/DesktopDatatransferServiceImpl
instanceKlass sun/datatransfer/DataFlavorUtil$DefaultDesktopDatatransferService
instanceKlass sun/datatransfer/DesktopDatatransferService
instanceKlass sun/datatransfer/DataFlavorUtil
instanceKlass java/awt/datatransfer/SystemFlavorMap
instanceKlass java/awt/datatransfer/FlavorTable
instanceKlass java/awt/datatransfer/FlavorMap
instanceKlass java/awt/dnd/DropTargetContext$1
instanceKlass sun/awt/AWTAccessor$DropTargetContextAccessor
instanceKlass java/awt/dnd/DropTargetContext
instanceKlass java/awt/dnd/DropTarget
instanceKlass java/awt/dnd/DropTargetListener
instanceKlass javax/swing/ClientPropertyKey$1
instanceKlass sun/awt/AWTAccessor$ClientPropertyKeyAccessor
instanceKlass javax/swing/text/DefaultHighlighter$SafeDamager
instanceKlass javax/swing/text/LayeredHighlighter$LayerPainter
instanceKlass javax/swing/text/Highlighter$HighlightPainter
instanceKlass javax/swing/text/Highlighter$Highlight
instanceKlass javax/swing/text/LayeredHighlighter
instanceKlass javax/swing/text/Highlighter
instanceKlass javax/swing/Timer$DoPostEvent
instanceKlass javax/swing/Timer
instanceKlass javax/swing/text/Document
instanceKlass javax/swing/text/DefaultCaret$Handler
instanceKlass java/awt/datatransfer/ClipboardOwner
instanceKlass javax/swing/text/Caret
# instanceKlass java/lang/invoke/LambdaForm$MH+0x0000027a150c2000
# instanceKlass java/lang/invoke/LambdaForm$MH+0x0000027a150c1c00
instanceKlass  @cpi jdk/internal/foreign/abi/UpcallLinker 574 form vmentry <vmtarget> ; # java/lang/invoke/LambdaForm$DMH+0x0000027a150c1800
# instanceKlass java/lang/invoke/LambdaForm$MH+0x0000027a150c1400
# instanceKlass java/lang/invoke/LambdaForm$DMH+0x0000027a150c1000
instanceKlass java/lang/invoke/ClassSpecializer$Factory$1$5$1
instanceKlass java/lang/classfile/attribute/ExceptionsAttribute
instanceKlass java/lang/invoke/ClassSpecializer$Factory$1$5
instanceKlass java/lang/invoke/ClassSpecializer$Factory$1$4
instanceKlass java/lang/invoke/ClassSpecializer$Factory$1$3
instanceKlass java/lang/invoke/ClassSpecializer$Factory$1$2
instanceKlass java/lang/invoke/ClassSpecializer$Factory$1$1Var
instanceKlass java/lang/invoke/ClassSpecializer$Factory$1$1
instanceKlass java/lang/invoke/ClassSpecializer$Factory$1
instanceKlass java/lang/invoke/MethodHandles$1
instanceKlass sun/invoke/util/ValueConversions$1
instanceKlass sun/invoke/util/ValueConversions$WrapperCache
# instanceKlass java/lang/invoke/LambdaForm$DMH+0x0000027a150c0c00
instanceKlass javax/swing/plaf/synth/SynthTextFieldUI$Handler
instanceKlass java/awt/event/MouseAdapter
instanceKlass javax/swing/event/MouseInputListener
instanceKlass javax/swing/plaf/basic/DragRecognitionSupport$BeforeDrag
instanceKlass javax/swing/plaf/basic/BasicTextUI$UpdateHandler
instanceKlass javax/swing/event/DocumentListener
instanceKlass javax/swing/text/View
instanceKlass javax/swing/text/Position$Bias
instanceKlass sun/swing/UIAction
instanceKlass javax/swing/TransferHandler
instanceKlass javax/swing/text/EditorKit
instanceKlass javax/swing/text/ViewFactory
instanceKlass java/awt/AWTEventMulticaster
instanceKlass java/awt/event/MouseWheelListener
instanceKlass java/awt/event/HierarchyBoundsListener
instanceKlass java/awt/event/HierarchyListener
instanceKlass java/awt/event/InputMethodListener
instanceKlass java/awt/event/TextListener
instanceKlass java/awt/event/AdjustmentListener
instanceKlass java/awt/event/ItemListener
instanceKlass java/awt/event/WindowStateListener
instanceKlass java/awt/event/WindowFocusListener
instanceKlass java/awt/event/WindowListener
instanceKlass java/awt/event/ContainerListener
instanceKlass java/awt/event/ComponentListener
instanceKlass java/awt/event/FocusListener
instanceKlass javax/swing/event/ChangeListener
instanceKlass javax/swing/plaf/basic/BasicHTML
instanceKlass java/awt/Graphics
instanceKlass javax/swing/ActionMap
instanceKlass  @bci jdk/internal/reflect/MethodHandleIntegerFieldAccessorImpl getInt (Ljava/lang/Object;)I 11 <adapter> ; # java/lang/invoke/LambdaForm$MH+0x0000027a150c0800
instanceKlass jdk/internal/reflect/FieldAccessorImpl
instanceKlass jdk/internal/reflect/FieldAccessor
instanceKlass java/awt/event/KeyEvent$1
instanceKlass sun/awt/AWTAccessor$KeyEventAccessor
instanceKlass java/awt/VKCollection
instanceKlass javax/swing/InputMap
instanceKlass javax/swing/LayoutComparator
instanceKlass javax/swing/RepaintManager$PaintManager
instanceKlass javax/swing/JRootPane$RootLayout
instanceKlass javax/swing/plaf/synth/ColorType
instanceKlass com/sun/java/swing/SwingUtilities3
instanceKlass javax/swing/RepaintManager$ProcessingRunnable
instanceKlass javax/swing/plaf/nimbus/NimbusStyle$RuntimeState
instanceKlass java/util/TimSort
instanceKlass java/util/Hashtable$Enumerator
instanceKlass javax/swing/plaf/nimbus/NimbusStyle$Values
instanceKlass javax/swing/plaf/synth/SynthPainter
instanceKlass javax/swing/plaf/nimbus/NimbusStyle$CacheKey
instanceKlass javax/swing/plaf/nimbus/NimbusStyle$1
instanceKlass javax/swing/plaf/synth/SynthContext
instanceKlass javax/swing/plaf/synth/SynthUI
instanceKlass javax/swing/plaf/synth/SynthConstants
# instanceKlass java/lang/invoke/LambdaForm$MH+0x0000027a150c0400
# instanceKlass java/lang/invoke/LambdaForm$MH+0x0000027a150c0000
instanceKlass java/awt/FlowLayout
instanceKlass java/awt/Window$WindowDisposerRecord
instanceKlass java/awt/BorderLayout
instanceKlass java/awt/LayoutManager2
instanceKlass java/awt/GraphicsConfiguration
instanceKlass sun/awt/image/SurfaceManager$ProxiedGraphicsConfig
instanceKlass sun/awt/image/SurfaceManager$ProxyCache
instanceKlass sun/java2d/pipe/hw/ContextCapabilities
instanceKlass sun/java2d/d3d/D3DGraphicsDevice$1
instanceKlass sun/java2d/d3d/D3DGraphicsDevice$1Result
instanceKlass sun/java2d/d3d/D3DRenderQueue$1
instanceKlass jdk/internal/foreign/SegmentBulkOperations
instanceKlass jdk/internal/foreign/MemorySessionImpl$ResourceList$ResourceCleanup
instanceKlass jdk/internal/foreign/AbstractMemorySegmentImpl
instanceKlass jdk/internal/foreign/SegmentFactories
instanceKlass jdk/internal/foreign/ArenaImpl
instanceKlass  @bci jdk/internal/foreign/MemorySessionImpl <clinit> ()V 47 <appendix> argL0 ; # jdk/internal/foreign/MemorySessionImpl$$Lambda+0x0000027a1509fa80
instanceKlass  @bci jdk/internal/foreign/MemorySessionImpl <clinit> ()V 32 <appendix> argL0 ; # jdk/internal/foreign/MemorySessionImpl$$Lambda+0x0000027a1509f5e0
instanceKlass java/lang/foreign/Arena$1Holder
instanceKlass sun/java2d/pipe/RenderBuffer
instanceKlass sun/java2d/pipe/RenderQueue
instanceKlass java/awt/GraphicsDevice
instanceKlass java/awt/Cursor$1
instanceKlass sun/awt/AWTAccessor$CursorAccessor
instanceKlass java/awt/Cursor
instanceKlass  @bci java/util/stream/Collectors joining (Ljava/lang/CharSequence;Ljava/lang/CharSequence;Ljava/lang/CharSequence;)Ljava/util/stream/Collector; 22 <appendix> argL0 ; # java/util/stream/Collectors$$Lambda+0x800000047
instanceKlass  @bci java/util/stream/Collectors joining (Ljava/lang/CharSequence;Ljava/lang/CharSequence;Ljava/lang/CharSequence;)Ljava/util/stream/Collector; 17 <appendix> argL0 ; # java/util/stream/Collectors$$Lambda+0x800000045
instanceKlass  @bci java/util/stream/Collectors joining (Ljava/lang/CharSequence;Ljava/lang/CharSequence;Ljava/lang/CharSequence;)Ljava/util/stream/Collector; 12 <appendix> argL0 ; # java/util/stream/Collectors$$Lambda+0x800000042
instanceKlass  @bci java/util/stream/Collectors joining (Ljava/lang/CharSequence;Ljava/lang/CharSequence;Ljava/lang/CharSequence;)Ljava/util/stream/Collector; 7 <appendix> member <vmtarget> ; # java/util/stream/Collectors$$Lambda+0x80000004a
instanceKlass java/util/StringJoiner
instanceKlass  @bci java/lang/Class methodToString (Ljava/lang/String;[Ljava/lang/Class;)Ljava/lang/String; 42 <appendix> argL0 ; # java/lang/Class$$Lambda+0x0000027a1509d868
instanceKlass java/awt/ComponentOrientation
instanceKlass sun/awt/dnd/SunDragSourceContextPeer
instanceKlass java/awt/dnd/peer/DragSourceContextPeer
instanceKlass java/awt/ModalEventFilter
instanceKlass java/awt/EventDispatchThread$HierarchyEventFilter
instanceKlass java/awt/EventFilter
instanceKlass java/awt/EventDispatchThread$1
instanceKlass java/awt/Conditional
instanceKlass sun/awt/EventQueueItem
instanceKlass java/awt/event/InvocationEvent$1
instanceKlass sun/awt/AWTAccessor$InvocationEventAccessor
instanceKlass java/awt/ActiveEvent
instanceKlass  @bci Ventanas/ConexionBaseDatos main ([Ljava/lang/String;)V 70 <appendix> argL0 ; # Ventanas/ConexionBaseDatos$$Lambda+0x0000027a150093b0
instanceKlass javax/swing/plaf/nimbus/NimbusLookAndFeel$LinkProperty
instanceKlass javax/swing/plaf/nimbus/NimbusLookAndFeel$NimbusProperty
instanceKlass javax/swing/plaf/nimbus/NimbusLookAndFeel$2
instanceKlass javax/swing/plaf/nimbus/AbstractRegionPainter
instanceKlass javax/swing/Painter
instanceKlass sun/swing/plaf/WindowsKeybindings
instanceKlass javax/swing/plaf/nimbus/NimbusDefaults$PainterBorder
instanceKlass javax/swing/BorderFactory
instanceKlass javax/swing/plaf/BorderUIResource
instanceKlass javax/swing/plaf/nimbus/State
instanceKlass javax/swing/plaf/nimbus/NimbusIcon
instanceKlass javax/swing/plaf/synth/SynthIcon
instanceKlass javax/swing/Icon
instanceKlass javax/swing/plaf/nimbus/AbstractRegionPainter$PaintContext
instanceKlass javax/swing/plaf/nimbus/NimbusDefaults$LazyPainter
instanceKlass javax/swing/plaf/nimbus/NimbusDefaults$DerivedFont
instanceKlass sun/util/ResourceBundleEnumeration
instanceKlass javax/swing/plaf/ComponentUI
instanceKlass javax/swing/ArrayTable
instanceKlass javax/swing/AbstractAction
instanceKlass com/sun/beans/util/Cache$CacheEntry
instanceKlass com/sun/beans/util/Cache
instanceKlass javax/swing/text/JTextComponent$1
instanceKlass sun/swing/SwingAccessor$JTextComponentAccessor
instanceKlass javax/swing/event/RowSorterListener
instanceKlass javax/swing/event/CellEditorListener
instanceKlass javax/swing/event/ListSelectionListener
instanceKlass javax/swing/event/TableColumnModelListener
instanceKlass javax/swing/event/TableModelListener
instanceKlass javax/swing/JSpinner$DisabledAction
instanceKlass javax/swing/Action
instanceKlass javax/swing/ScrollPaneConstants
instanceKlass java/awt/Adjustable
instanceKlass javax/swing/MenuElement
instanceKlass java/util/LinkedList$ListItr
instanceKlass javax/swing/event/ListDataListener
instanceKlass  @bci javax/swing/text/html/CSS hexToColor (Ljava/lang/String;)Ljava/awt/Color; 107 <appendix> form vmentry <vmtarget> ; # java/lang/invoke/LambdaForm$MH+0x0000027a1500fc00
instanceKlass javax/swing/plaf/nimbus/NimbusDefaults$LazyStyle$Part
instanceKlass javax/swing/plaf/nimbus/NimbusDefaults$LazyStyle
instanceKlass javax/swing/plaf/synth/Region
instanceKlass javax/swing/plaf/synth/SynthGraphicsUtils
instanceKlass javax/swing/plaf/synth/SynthStyle
instanceKlass sun/font/FontFamily
instanceKlass sun/font/CompositeFontDescriptor
instanceKlass sun/font/SunFontManager$FontRegistrationInfo
instanceKlass sun/awt/FontDescriptor
instanceKlass sun/awt/FontConfiguration
instanceKlass  @bci sun/awt/Win32FontManager <clinit> ()V 0 <appendix> argL0 ; # sun/awt/Win32FontManager$$Lambda+0x0000027a150335f8
instanceKlass sun/font/GlyphList
instanceKlass  @bci java/lang/invoke/VarHandles filterValue (Ljava/lang/invoke/VarHandle;Ljava/lang/invoke/MethodHandle;Ljava/lang/invoke/MethodHandle;)Ljava/lang/invoke/VarHandle; 391 <appendix> member <vmtarget> ; # java/lang/invoke/VarHandles$$Lambda+0x0000027a15032f88
instanceKlass jdk/internal/foreign/MemorySessionImpl
instanceKlass java/lang/foreign/MemorySegment$Scope
instanceKlass  @bci java/lang/invoke/VarHandles adaptForCheckedExceptions (Ljava/lang/invoke/MethodHandle;)Ljava/lang/invoke/MethodHandle; 13 <appendix> argL0 ; # java/lang/invoke/VarHandles$$Lambda+0x0000027a15032d28
instanceKlass java/lang/foreign/Arena
instanceKlass java/lang/foreign/SegmentAllocator
instanceKlass jdk/internal/foreign/abi/LinkerOptions
instanceKlass java/lang/foreign/Linker
instanceKlass jdk/internal/foreign/abi/AbstractLinker$UpcallStubFactory
instanceKlass jdk/internal/foreign/abi/CallingSequence
instanceKlass java/lang/foreign/FunctionDescriptor
instanceKlass  @bci java/lang/invoke/VarHandles insertCoordinates (Ljava/lang/invoke/VarHandle;I[Ljava/lang/Object;)Ljava/lang/invoke/VarHandle; 204 <appendix> form vmentry <vmtarget> ; # java/lang/invoke/LambdaForm$DMH+0x0000027a1500f800
instanceKlass  @bci java/lang/invoke/VarHandles insertCoordinates (Ljava/lang/invoke/VarHandle;I[Ljava/lang/Object;)Ljava/lang/invoke/VarHandle; 204 <appendix> member <vmtarget> ; # java/lang/invoke/VarHandles$$Lambda+0x0000027a15031df8
instanceKlass  @cpi java/lang/invoke/VarHandles 940 form vmentry <vmtarget> ; # java/lang/invoke/LambdaForm$DMH+0x0000027a1500f400
instanceKlass  @bci jdk/internal/foreign/Utils makeRawSegmentViewVarHandle (Ljava/lang/foreign/ValueLayout;)Ljava/lang/invoke/VarHandle; 9 <appendix> argL0 ; # jdk/internal/foreign/Utils$$Lambda+0x0000027a15031668
instanceKlass jdk/internal/foreign/Utils$1VarHandleCache
instanceKlass  @bci jdk/internal/foreign/layout/AbstractLayout varHandleInternal ([Ljava/lang/foreign/MemoryLayout$PathElement;)Ljava/lang/invoke/VarHandle; 7 <appendix> argL0 ; # jdk/internal/foreign/layout/AbstractLayout$$Lambda+0x0000027a15031200
instanceKlass java/lang/WeakPairMap$Pair$Lookup
instanceKlass java/lang/WeakPairMap$Pair
instanceKlass java/lang/WeakPairMap
instanceKlass java/lang/Module$ReflectionData
# instanceKlass java/lang/invoke/LambdaForm$DMH+0x0000027a1500f000
# instanceKlass java/lang/invoke/LambdaForm$DMH+0x0000027a1500ec00
# instanceKlass java/lang/invoke/LambdaForm$DMH+0x0000027a1500e800
# instanceKlass java/lang/invoke/LambdaForm$DMH+0x0000027a1500e400
# instanceKlass java/lang/invoke/LambdaForm$DMH+0x0000027a1500e000
# instanceKlass java/lang/invoke/LambdaForm$DMH+0x0000027a1500dc00
# instanceKlass java/lang/invoke/LambdaForm$DMH+0x0000027a1500d800
instanceKlass jdk/internal/foreign/LayoutPath
instanceKlass java/util/function/UnaryOperator
instanceKlass java/lang/foreign/MemoryLayout$PathElement
instanceKlass java/util/stream/Nodes$ArrayNode
instanceKlass java/util/stream/Node$Builder
instanceKlass java/util/stream/Node$OfDouble
instanceKlass java/util/stream/Node$OfLong
instanceKlass java/util/stream/Node$OfInt
instanceKlass java/util/stream/Node$OfPrimitive
instanceKlass java/util/stream/Nodes$EmptyNode
instanceKlass java/util/stream/Node
instanceKlass java/util/stream/Nodes
instanceKlass  @bci java/util/stream/ReferencePipeline toArray ()[Ljava/lang/Object; 1 <appendix> argL0 ; # java/util/stream/ReferencePipeline$$Lambda+0x0000027a1502f9b8
instanceKlass java/util/function/IntFunction
instanceKlass  @bci java/lang/foreign/MemoryLayout lambda$structLayout$0 ([Ljava/lang/foreign/MemoryLayout;)Ljava/lang/foreign/StructLayout; 4 <appendix> argL0 ; # java/lang/foreign/MemoryLayout$$Lambda+0x0000027a1502f768
instanceKlass  @bci java/lang/foreign/MemoryLayout structLayout ([Ljava/lang/foreign/MemoryLayout;)Ljava/lang/foreign/StructLayout; 6 <appendix> member <vmtarget> ; # java/lang/foreign/MemoryLayout$$Lambda+0x0000027a1502f530
instanceKlass java/lang/classfile/constantpool/InterfaceMethodRefEntry
instanceKlass java/lang/foreign/StructLayout
instanceKlass java/lang/foreign/GroupLayout
instanceKlass java/lang/foreign/PaddingLayout
instanceKlass java/lang/foreign/ValueLayout$OfDouble
instanceKlass java/lang/foreign/ValueLayout$OfFloat
instanceKlass java/lang/foreign/ValueLayout$OfLong
instanceKlass java/lang/foreign/ValueLayout$OfInt
instanceKlass java/lang/foreign/ValueLayout$OfShort
instanceKlass java/lang/foreign/ValueLayout$OfChar
instanceKlass java/lang/foreign/ValueLayout$OfBoolean
instanceKlass java/lang/foreign/ValueLayout$OfByte
# instanceKlass java/lang/invoke/LambdaForm$DMH+0x0000027a1500d400
# instanceKlass java/lang/invoke/LambdaForm$DMH+0x0000027a1500d000
# instanceKlass java/lang/invoke/LambdaForm$DMH+0x0000027a1500cc00
instanceKlass  @cpi java/lang/foreign/MemoryLayout 148 form vmentry <vmtarget> ; # java/lang/invoke/LambdaForm$DMH+0x0000027a1500c800
# instanceKlass java/lang/invoke/LambdaForm$DMH+0x0000027a1500c400
# instanceKlass java/lang/invoke/LambdaForm$DMH+0x0000027a1500c000
instanceKlass jdk/internal/foreign/abi/SharedUtils
# instanceKlass java/lang/invoke/LambdaForm$DMH+0x0000027a1500bc00
instanceKlass jdk/internal/foreign/Utils
instanceKlass jdk/internal/foreign/layout/MemoryLayoutUtil
instanceKlass java/lang/foreign/MemorySegment
instanceKlass jdk/internal/foreign/layout/ValueLayouts
instanceKlass jdk/internal/foreign/layout/AbstractLayout
instanceKlass java/lang/foreign/AddressLayout
instanceKlass java/lang/foreign/ValueLayout
instanceKlass java/lang/foreign/MemoryLayout
instanceKlass sun/font/StrikeCache
instanceKlass sun/font/FontStrike
instanceKlass sun/font/CharToGlyphMapper
instanceKlass java/awt/geom/Path2D
instanceKlass java/awt/geom/RectangularShape
instanceKlass sun/font/StrikeMetrics
instanceKlass java/awt/geom/Point2D
instanceKlass sun/font/Font2D
instanceKlass sun/font/FontManagerNativeLibrary
instanceKlass sun/font/SunFontManager$T1Filter
instanceKlass sun/font/SunFontManager$TTFilter
instanceKlass java/io/FilenameFilter
instanceKlass sun/font/Font2DHandle
instanceKlass sun/font/SunFontManager
instanceKlass sun/font/FontManagerForSGE
instanceKlass sun/font/FontManager
instanceKlass sun/java2d/FontSupport
instanceKlass sun/font/PlatformFontInfo
instanceKlass sun/font/FontManagerFactory
instanceKlass javax/swing/plaf/nimbus/NimbusDefaults$DefaultsListener
instanceKlass javax/swing/plaf/nimbus/NimbusDefaults$ColorTree$Node
instanceKlass javax/swing/plaf/nimbus/NimbusDefaults$ColorTree
instanceKlass javax/swing/plaf/nimbus/NimbusDefaults
instanceKlass javax/swing/plaf/nimbus/NimbusLookAndFeel$DefaultsListener
instanceKlass javax/swing/plaf/synth/SynthLookAndFeel$Handler
instanceKlass javax/swing/plaf/synth/SynthStyleFactory
instanceKlass javax/swing/JComponent$2
instanceKlass javax/swing/JComponent$1
instanceKlass sun/swing/SwingAccessor$JComponentAccessor
instanceKlass java/util/LinkedList$Node
instanceKlass javax/swing/UIManager$1
instanceKlass sun/awt/KeyboardFocusManagerPeerImpl
instanceKlass java/awt/peer/KeyboardFocusManagerPeer
instanceKlass javax/swing/KeyStroke$1
instanceKlass sun/swing/SwingAccessor$KeyStrokeAccessor
instanceKlass java/awt/AWTKeyStroke
instanceKlass java/awt/FocusTraversalPolicy
instanceKlass java/awt/DefaultKeyboardFocusManager$1
instanceKlass sun/awt/AWTAccessor$DefaultKeyboardFocusManagerAccessor
instanceKlass java/awt/KeyboardFocusManager$1
instanceKlass sun/awt/AWTAccessor$KeyboardFocusManagerAccessor
instanceKlass java/awt/KeyboardFocusManager
instanceKlass java/awt/KeyEventPostProcessor
instanceKlass java/awt/KeyEventDispatcher
instanceKlass sun/awt/PaintEventDispatcher
instanceKlass javax/swing/RepaintManager$1
instanceKlass sun/swing/SwingAccessor$RepaintManagerAccessor
instanceKlass javax/swing/RepaintManager$DisplayChangedHandler
instanceKlass javax/swing/RepaintManager
instanceKlass javax/swing/plaf/metal/OceanTheme$6
instanceKlass javax/swing/plaf/metal/OceanTheme$5
instanceKlass javax/swing/plaf/metal/OceanTheme$4
instanceKlass javax/swing/plaf/metal/OceanTheme$3
instanceKlass javax/swing/plaf/metal/OceanTheme$2
instanceKlass javax/swing/plaf/metal/OceanTheme$1
instanceKlass  @bci javax/swing/plaf/metal/OceanTheme addCustomEntriesToTable (Ljavax/swing/UIDefaults;)V 1 <appendix> member <vmtarget> ; # javax/swing/plaf/metal/OceanTheme$$Lambda+0x0000027a15022868
instanceKlass java/util/EventListenerProxy
instanceKlass sun/awt/SunDisplayChanger
instanceKlass sun/java2d/SurfaceManagerFactory
instanceKlass sun/java2d/windows/WindowsFlags
instanceKlass java/awt/GraphicsEnvironment$LocalGE
instanceKlass  @bci javax/swing/plaf/metal/MetalLookAndFeel initComponentDefaults (Ljavax/swing/UIDefaults;)V 12018 <appendix> argL0 ; # javax/swing/plaf/metal/MetalLookAndFeel$$Lambda+0x0000027a150215e0
instanceKlass  @bci javax/swing/plaf/metal/MetalLookAndFeel initComponentDefaults (Ljavax/swing/UIDefaults;)V 11955 <appendix> argL0 ; # javax/swing/plaf/metal/MetalLookAndFeel$$Lambda+0x0000027a150213b0
instanceKlass  @bci javax/swing/plaf/metal/MetalLookAndFeel initComponentDefaults (Ljavax/swing/UIDefaults;)V 11907 <appendix> argL0 ; # javax/swing/plaf/metal/MetalLookAndFeel$$Lambda+0x0000027a15021180
instanceKlass  @bci javax/swing/plaf/metal/MetalLookAndFeel initComponentDefaults (Ljavax/swing/UIDefaults;)V 11758 <appendix> argL0 ; # javax/swing/plaf/metal/MetalLookAndFeel$$Lambda+0x0000027a15020f50
instanceKlass  @bci javax/swing/plaf/metal/MetalLookAndFeel initComponentDefaults (Ljavax/swing/UIDefaults;)V 11740 <appendix> argL0 ; # javax/swing/plaf/metal/MetalLookAndFeel$$Lambda+0x0000027a15020d20
instanceKlass  @bci javax/swing/plaf/metal/MetalLookAndFeel initComponentDefaults (Ljavax/swing/UIDefaults;)V 10675 <appendix> argL0 ; # javax/swing/plaf/metal/MetalLookAndFeel$$Lambda+0x0000027a15020af0
instanceKlass  @bci javax/swing/plaf/metal/MetalLookAndFeel initComponentDefaults (Ljavax/swing/UIDefaults;)V 10657 <appendix> argL0 ; # javax/swing/plaf/metal/MetalLookAndFeel$$Lambda+0x0000027a150208c0
instanceKlass  @bci javax/swing/plaf/metal/MetalLookAndFeel initComponentDefaults (Ljavax/swing/UIDefaults;)V 10639 <appendix> argL0 ; # javax/swing/plaf/metal/MetalLookAndFeel$$Lambda+0x0000027a15020690
instanceKlass  @bci javax/swing/plaf/metal/MetalLookAndFeel initComponentDefaults (Ljavax/swing/UIDefaults;)V 10621 <appendix> argL0 ; # javax/swing/plaf/metal/MetalLookAndFeel$$Lambda+0x0000027a15020460
instanceKlass  @bci javax/swing/plaf/metal/MetalLookAndFeel initComponentDefaults (Ljavax/swing/UIDefaults;)V 10603 <appendix> argL0 ; # javax/swing/plaf/metal/MetalLookAndFeel$$Lambda+0x0000027a15020230
instanceKlass  @bci javax/swing/plaf/metal/MetalLookAndFeel initComponentDefaults (Ljavax/swing/UIDefaults;)V 10124 <appendix> argL0 ; # javax/swing/plaf/metal/MetalLookAndFeel$$Lambda+0x0000027a15020000
instanceKlass  @bci javax/swing/plaf/metal/MetalLookAndFeel initComponentDefaults (Ljavax/swing/UIDefaults;)V 10106 <appendix> argL0 ; # javax/swing/plaf/metal/MetalLookAndFeel$$Lambda+0x0000027a1507fbd0
instanceKlass  @bci javax/swing/plaf/metal/MetalLookAndFeel initComponentDefaults (Ljavax/swing/UIDefaults;)V 9938 <appendix> argL0 ; # javax/swing/plaf/metal/MetalLookAndFeel$$Lambda+0x0000027a1507f9a0
instanceKlass  @bci javax/swing/plaf/metal/MetalLookAndFeel initComponentDefaults (Ljavax/swing/UIDefaults;)V 9920 <appendix> argL0 ; # javax/swing/plaf/metal/MetalLookAndFeel$$Lambda+0x0000027a1507f770
instanceKlass  @bci javax/swing/plaf/metal/MetalLookAndFeel initComponentDefaults (Ljavax/swing/UIDefaults;)V 9259 <appendix> argL0 ; # javax/swing/plaf/metal/MetalLookAndFeel$$Lambda+0x0000027a1507f540
instanceKlass  @bci javax/swing/plaf/metal/MetalLookAndFeel initComponentDefaults (Ljavax/swing/UIDefaults;)V 9241 <appendix> argL0 ; # javax/swing/plaf/metal/MetalLookAndFeel$$Lambda+0x0000027a1507f310
instanceKlass  @bci javax/swing/plaf/metal/MetalLookAndFeel initComponentDefaults (Ljavax/swing/UIDefaults;)V 9074 <appendix> argL0 ; # javax/swing/plaf/metal/MetalLookAndFeel$$Lambda+0x0000027a1507f0e0
instanceKlass  @bci javax/swing/plaf/metal/MetalLookAndFeel initComponentDefaults (Ljavax/swing/UIDefaults;)V 9056 <appendix> argL0 ; # javax/swing/plaf/metal/MetalLookAndFeel$$Lambda+0x0000027a1507eeb0
instanceKlass  @bci javax/swing/plaf/metal/MetalLookAndFeel initComponentDefaults (Ljavax/swing/UIDefaults;)V 8779 <appendix> argL0 ; # javax/swing/plaf/metal/MetalLookAndFeel$$Lambda+0x0000027a1507ec80
instanceKlass  @bci javax/swing/plaf/metal/MetalLookAndFeel initComponentDefaults (Ljavax/swing/UIDefaults;)V 5003 <appendix> member <vmtarget> ; # javax/swing/plaf/metal/MetalLookAndFeel$$Lambda+0x0000027a1507ea50
instanceKlass  @bci javax/swing/plaf/metal/MetalLookAndFeel initComponentDefaults (Ljavax/swing/UIDefaults;)V 4983 <appendix> member <vmtarget> ; # javax/swing/plaf/metal/MetalLookAndFeel$$Lambda+0x0000027a1507e820
instanceKlass  @bci javax/swing/plaf/metal/MetalLookAndFeel initComponentDefaults (Ljavax/swing/UIDefaults;)V 4963 <appendix> member <vmtarget> ; # javax/swing/plaf/metal/MetalLookAndFeel$$Lambda+0x0000027a1507e5f0
instanceKlass  @bci javax/swing/plaf/metal/MetalLookAndFeel initComponentDefaults (Ljavax/swing/UIDefaults;)V 4943 <appendix> member <vmtarget> ; # javax/swing/plaf/metal/MetalLookAndFeel$$Lambda+0x0000027a1507e3c0
instanceKlass  @bci javax/swing/plaf/metal/MetalLookAndFeel initComponentDefaults (Ljavax/swing/UIDefaults;)V 4923 <appendix> argL0 ; # javax/swing/plaf/metal/MetalLookAndFeel$$Lambda+0x0000027a1507e190
instanceKlass  @bci javax/swing/plaf/metal/MetalLookAndFeel initComponentDefaults (Ljavax/swing/UIDefaults;)V 4887 <appendix> argL0 ; # javax/swing/plaf/metal/MetalLookAndFeel$$Lambda+0x0000027a1507df60
instanceKlass  @bci javax/swing/plaf/metal/MetalLookAndFeel initComponentDefaults (Ljavax/swing/UIDefaults;)V 4869 <appendix> argL0 ; # javax/swing/plaf/metal/MetalLookAndFeel$$Lambda+0x0000027a1507dd30
instanceKlass  @bci javax/swing/plaf/metal/MetalLookAndFeel initComponentDefaults (Ljavax/swing/UIDefaults;)V 4851 <appendix> argL0 ; # javax/swing/plaf/metal/MetalLookAndFeel$$Lambda+0x0000027a1507db00
instanceKlass  @bci javax/swing/plaf/metal/MetalLookAndFeel initComponentDefaults (Ljavax/swing/UIDefaults;)V 4833 <appendix> argL0 ; # javax/swing/plaf/metal/MetalLookAndFeel$$Lambda+0x0000027a1507d8d0
instanceKlass  @bci javax/swing/plaf/metal/MetalLookAndFeel initComponentDefaults (Ljavax/swing/UIDefaults;)V 4204 <appendix> argL0 ; # javax/swing/plaf/metal/MetalLookAndFeel$$Lambda+0x0000027a1507d6a0
instanceKlass  @bci javax/swing/plaf/metal/MetalLookAndFeel initComponentDefaults (Ljavax/swing/UIDefaults;)V 4186 <appendix> argL0 ; # javax/swing/plaf/metal/MetalLookAndFeel$$Lambda+0x0000027a1507d470
instanceKlass  @bci javax/swing/plaf/metal/MetalLookAndFeel initComponentDefaults (Ljavax/swing/UIDefaults;)V 3874 <appendix> argL0 ; # javax/swing/plaf/metal/MetalLookAndFeel$$Lambda+0x0000027a1507d240
instanceKlass  @bci javax/swing/plaf/metal/MetalLookAndFeel initComponentDefaults (Ljavax/swing/UIDefaults;)V 3858 <appendix> argL0 ; # javax/swing/plaf/metal/MetalLookAndFeel$$Lambda+0x0000027a1507d010
instanceKlass  @bci javax/swing/plaf/metal/MetalLookAndFeel initComponentDefaults (Ljavax/swing/UIDefaults;)V 3842 <appendix> argL0 ; # javax/swing/plaf/metal/MetalLookAndFeel$$Lambda+0x0000027a1507cde0
instanceKlass  @bci javax/swing/plaf/metal/MetalLookAndFeel initComponentDefaults (Ljavax/swing/UIDefaults;)V 3826 <appendix> argL0 ; # javax/swing/plaf/metal/MetalLookAndFeel$$Lambda+0x0000027a1507cbb0
instanceKlass  @bci javax/swing/plaf/metal/MetalLookAndFeel initComponentDefaults (Ljavax/swing/UIDefaults;)V 3810 <appendix> argL0 ; # javax/swing/plaf/metal/MetalLookAndFeel$$Lambda+0x0000027a1507c980
instanceKlass  @bci javax/swing/plaf/metal/MetalLookAndFeel initComponentDefaults (Ljavax/swing/UIDefaults;)V 3794 <appendix> argL0 ; # javax/swing/plaf/metal/MetalLookAndFeel$$Lambda+0x0000027a1507c750
instanceKlass  @bci javax/swing/plaf/metal/MetalLookAndFeel initComponentDefaults (Ljavax/swing/UIDefaults;)V 3778 <appendix> argL0 ; # javax/swing/plaf/metal/MetalLookAndFeel$$Lambda+0x0000027a1507c520
instanceKlass  @bci javax/swing/plaf/metal/MetalLookAndFeel initComponentDefaults (Ljavax/swing/UIDefaults;)V 3762 <appendix> argL0 ; # javax/swing/plaf/metal/MetalLookAndFeel$$Lambda+0x0000027a1507c2f0
instanceKlass  @bci javax/swing/plaf/metal/MetalLookAndFeel initComponentDefaults (Ljavax/swing/UIDefaults;)V 3746 <appendix> argL0 ; # javax/swing/plaf/metal/MetalLookAndFeel$$Lambda+0x0000027a1507c0c0
instanceKlass  @bci javax/swing/plaf/metal/MetalLookAndFeel initComponentDefaults (Ljavax/swing/UIDefaults;)V 3730 <appendix> argL0 ; # javax/swing/plaf/metal/MetalLookAndFeel$$Lambda+0x0000027a1507be90
instanceKlass  @bci javax/swing/plaf/metal/MetalLookAndFeel initComponentDefaults (Ljavax/swing/UIDefaults;)V 3509 <appendix> argL0 ; # javax/swing/plaf/metal/MetalLookAndFeel$$Lambda+0x0000027a1507bc60
instanceKlass  @bci javax/swing/plaf/metal/MetalLookAndFeel initComponentDefaults (Ljavax/swing/UIDefaults;)V 3399 <appendix> argL0 ; # javax/swing/plaf/metal/MetalLookAndFeel$$Lambda+0x0000027a1507ba30
instanceKlass javax/swing/plaf/metal/MetalLookAndFeel$FontActiveValue
instanceKlass  @bci javax/swing/plaf/metal/MetalLookAndFeel initComponentDefaults (Ljavax/swing/UIDefaults;)V 2174 <appendix> member <vmtarget> ; # javax/swing/plaf/metal/MetalLookAndFeel$$Lambda+0x0000027a1507b5b8
instanceKlass  @bci javax/swing/plaf/metal/MetalLookAndFeel initComponentDefaults (Ljavax/swing/UIDefaults;)V 2165 <appendix> member <vmtarget> ; # javax/swing/plaf/metal/MetalLookAndFeel$$Lambda+0x0000027a1507b380
instanceKlass  @bci javax/swing/plaf/metal/MetalLookAndFeel initComponentDefaults (Ljavax/swing/UIDefaults;)V 2156 <appendix> member <vmtarget> ; # javax/swing/plaf/metal/MetalLookAndFeel$$Lambda+0x0000027a1507b148
instanceKlass  @bci javax/swing/plaf/metal/MetalLookAndFeel initComponentDefaults (Ljavax/swing/UIDefaults;)V 2147 <appendix> member <vmtarget> ; # javax/swing/plaf/metal/MetalLookAndFeel$$Lambda+0x0000027a1507af10
instanceKlass  @bci javax/swing/plaf/metal/MetalLookAndFeel initComponentDefaults (Ljavax/swing/UIDefaults;)V 2138 <appendix> argL0 ; # javax/swing/plaf/metal/MetalLookAndFeel$$Lambda+0x0000027a1507ace0
instanceKlass  @bci javax/swing/plaf/metal/MetalLookAndFeel initComponentDefaults (Ljavax/swing/UIDefaults;)V 2126 <appendix> argL0 ; # javax/swing/plaf/metal/MetalLookAndFeel$$Lambda+0x0000027a1507aab0
instanceKlass  @bci javax/swing/plaf/metal/MetalLookAndFeel initComponentDefaults (Ljavax/swing/UIDefaults;)V 2119 <appendix> argL0 ; # javax/swing/plaf/metal/MetalLookAndFeel$$Lambda+0x0000027a1507a880
instanceKlass  @bci javax/swing/plaf/metal/MetalLookAndFeel initComponentDefaults (Ljavax/swing/UIDefaults;)V 2112 <appendix> argL0 ; # javax/swing/plaf/metal/MetalLookAndFeel$$Lambda+0x0000027a1507a650
instanceKlass  @bci javax/swing/plaf/metal/MetalLookAndFeel initComponentDefaults (Ljavax/swing/UIDefaults;)V 2105 <appendix> argL0 ; # javax/swing/plaf/metal/MetalLookAndFeel$$Lambda+0x0000027a1507a420
instanceKlass  @bci javax/swing/plaf/metal/MetalLookAndFeel initComponentDefaults (Ljavax/swing/UIDefaults;)V 2098 <appendix> member <vmtarget> ; # javax/swing/plaf/metal/MetalLookAndFeel$$Lambda+0x0000027a1507a1e8
instanceKlass  @bci javax/swing/plaf/metal/MetalLookAndFeel initComponentDefaults (Ljavax/swing/UIDefaults;)V 2089 <appendix> argL0 ; # javax/swing/plaf/metal/MetalLookAndFeel$$Lambda+0x0000027a15079fb8
instanceKlass  @bci javax/swing/plaf/metal/MetalLookAndFeel initComponentDefaults (Ljavax/swing/UIDefaults;)V 2082 <appendix> argL0 ; # javax/swing/plaf/metal/MetalLookAndFeel$$Lambda+0x0000027a15079d88
instanceKlass  @bci javax/swing/plaf/metal/MetalLookAndFeel initComponentDefaults (Ljavax/swing/UIDefaults;)V 2075 <appendix> argL0 ; # javax/swing/plaf/metal/MetalLookAndFeel$$Lambda+0x0000027a15079b58
instanceKlass  @bci javax/swing/plaf/metal/MetalLookAndFeel initComponentDefaults (Ljavax/swing/UIDefaults;)V 126 <appendix> argL0 ; # javax/swing/plaf/metal/MetalLookAndFeel$$Lambda+0x0000027a15079928
instanceKlass  @bci javax/swing/plaf/metal/MetalLookAndFeel initComponentDefaults (Ljavax/swing/UIDefaults;)V 119 <appendix> argL0 ; # javax/swing/plaf/metal/MetalLookAndFeel$$Lambda+0x0000027a150796f8
instanceKlass  @bci javax/swing/plaf/metal/MetalLookAndFeel initComponentDefaults (Ljavax/swing/UIDefaults;)V 112 <appendix> argL0 ; # javax/swing/plaf/metal/MetalLookAndFeel$$Lambda+0x0000027a150794c8
instanceKlass  @bci javax/swing/plaf/basic/BasicLookAndFeel initComponentDefaults (Ljavax/swing/UIDefaults;)V 10900 <appendix> argL0 ; # javax/swing/plaf/basic/BasicLookAndFeel$$Lambda+0x0000027a15079298
instanceKlass  @bci javax/swing/plaf/basic/BasicLookAndFeel initComponentDefaults (Ljavax/swing/UIDefaults;)V 10882 <appendix> argL0 ; # javax/swing/plaf/basic/BasicLookAndFeel$$Lambda+0x0000027a15079068
instanceKlass  @bci javax/swing/plaf/basic/BasicLookAndFeel initComponentDefaults (Ljavax/swing/UIDefaults;)V 2622 <appendix> argL0 ; # javax/swing/plaf/basic/BasicLookAndFeel$$Lambda+0x0000027a15078e38
instanceKlass  @bci javax/swing/plaf/basic/BasicLookAndFeel initComponentDefaults (Ljavax/swing/UIDefaults;)V 2604 <appendix> argL0 ; # javax/swing/plaf/basic/BasicLookAndFeel$$Lambda+0x0000027a15078c08
instanceKlass  @bci javax/swing/plaf/basic/BasicLookAndFeel initComponentDefaults (Ljavax/swing/UIDefaults;)V 2586 <appendix> argL0 ; # javax/swing/plaf/basic/BasicLookAndFeel$$Lambda+0x0000027a150789d8
instanceKlass  @bci javax/swing/plaf/basic/BasicLookAndFeel initComponentDefaults (Ljavax/swing/UIDefaults;)V 2568 <appendix> argL0 ; # javax/swing/plaf/basic/BasicLookAndFeel$$Lambda+0x0000027a150787a8
instanceKlass javax/swing/UIDefaults$LazyInputMap
instanceKlass  @bci javax/swing/plaf/basic/BasicLookAndFeel initComponentDefaults (Ljavax/swing/UIDefaults;)V 789 <appendix> argL0 ; # javax/swing/plaf/basic/BasicLookAndFeel$$Lambda+0x0000027a15078338
instanceKlass  @bci javax/swing/plaf/basic/BasicLookAndFeel initComponentDefaults (Ljavax/swing/UIDefaults;)V 730 <appendix> argL0 ; # javax/swing/plaf/basic/BasicLookAndFeel$$Lambda+0x0000027a15078108
instanceKlass  @bci javax/swing/plaf/basic/BasicLookAndFeel initComponentDefaults (Ljavax/swing/UIDefaults;)V 723 <appendix> argL0 ; # javax/swing/plaf/basic/BasicLookAndFeel$$Lambda+0x0000027a15077ed8
instanceKlass  @bci javax/swing/plaf/basic/BasicLookAndFeel initComponentDefaults (Ljavax/swing/UIDefaults;)V 671 <appendix> argL0 ; # javax/swing/plaf/basic/BasicLookAndFeel$$Lambda+0x0000027a15077ca8
instanceKlass  @bci javax/swing/plaf/basic/BasicLookAndFeel initComponentDefaults (Ljavax/swing/UIDefaults;)V 664 <appendix> member <vmtarget> ; # javax/swing/plaf/basic/BasicLookAndFeel$$Lambda+0x0000027a15077a78
instanceKlass  @bci javax/swing/plaf/basic/BasicLookAndFeel initComponentDefaults (Ljavax/swing/UIDefaults;)V 655 <appendix> member <vmtarget> ; # javax/swing/plaf/basic/BasicLookAndFeel$$Lambda+0x0000027a15077848
instanceKlass  @bci javax/swing/plaf/basic/BasicLookAndFeel initComponentDefaults (Ljavax/swing/UIDefaults;)V 642 <appendix> member <vmtarget> ; # javax/swing/plaf/basic/BasicLookAndFeel$$Lambda+0x0000027a15077618
instanceKlass  @cpi javax/swing/plaf/basic/BasicLookAndFeel 2637 form vmentry <vmtarget> ; # java/lang/invoke/LambdaForm$DMH+0x0000027a1500b800
instanceKlass  @bci javax/swing/plaf/basic/BasicLookAndFeel initComponentDefaults (Ljavax/swing/UIDefaults;)V 611 <appendix> argL0 ; # javax/swing/plaf/basic/BasicLookAndFeel$$Lambda+0x0000027a15077198
instanceKlass  @bci javax/swing/plaf/basic/BasicLookAndFeel initComponentDefaults (Ljavax/swing/UIDefaults;)V 604 <appendix> argL0 ; # javax/swing/plaf/basic/BasicLookAndFeel$$Lambda+0x0000027a15076f68
instanceKlass  @bci javax/swing/plaf/basic/BasicLookAndFeel initComponentDefaults (Ljavax/swing/UIDefaults;)V 597 <appendix> argL0 ; # javax/swing/plaf/basic/BasicLookAndFeel$$Lambda+0x0000027a15076d38
instanceKlass  @bci javax/swing/plaf/basic/BasicLookAndFeel initComponentDefaults (Ljavax/swing/UIDefaults;)V 590 <appendix> argL0 ; # javax/swing/plaf/basic/BasicLookAndFeel$$Lambda+0x0000027a15076b08
instanceKlass  @bci javax/swing/plaf/basic/BasicLookAndFeel initComponentDefaults (Ljavax/swing/UIDefaults;)V 583 <appendix> argL0 ; # javax/swing/plaf/basic/BasicLookAndFeel$$Lambda+0x0000027a150768d8
instanceKlass  @bci javax/swing/plaf/basic/BasicLookAndFeel initComponentDefaults (Ljavax/swing/UIDefaults;)V 576 <appendix> argL0 ; # javax/swing/plaf/basic/BasicLookAndFeel$$Lambda+0x0000027a150766a8
instanceKlass  @bci javax/swing/plaf/basic/BasicLookAndFeel initComponentDefaults (Ljavax/swing/UIDefaults;)V 569 <appendix> argL0 ; # javax/swing/plaf/basic/BasicLookAndFeel$$Lambda+0x0000027a15076478
instanceKlass  @bci javax/swing/plaf/basic/BasicLookAndFeel initComponentDefaults (Ljavax/swing/UIDefaults;)V 562 <appendix> argL0 ; # javax/swing/plaf/basic/BasicLookAndFeel$$Lambda+0x0000027a15076248
instanceKlass javax/swing/plaf/basic/BasicLookAndFeel$2
instanceKlass  @bci javax/swing/plaf/basic/BasicLookAndFeel initComponentDefaults (Ljavax/swing/UIDefaults;)V 545 <appendix> argL0 ; # javax/swing/plaf/basic/BasicLookAndFeel$$Lambda+0x0000027a15075de0
instanceKlass  @bci sun/swing/SwingUtilities2 makeIcon (Ljava/lang/Class;Ljava/lang/Class;Ljava/lang/String;)Ljava/lang/Object; 3 <appendix> member <vmtarget> ; # sun/swing/SwingUtilities2$$Lambda+0x0000027a15075ba8
instanceKlass  @bci javax/swing/plaf/basic/BasicLookAndFeel initComponentDefaults (Ljavax/swing/UIDefaults;)V 398 <appendix> argL0 ; # javax/swing/plaf/basic/BasicLookAndFeel$$Lambda+0x0000027a15075978
instanceKlass  @bci javax/swing/plaf/basic/BasicLookAndFeel initComponentDefaults (Ljavax/swing/UIDefaults;)V 391 <appendix> argL0 ; # javax/swing/plaf/basic/BasicLookAndFeel$$Lambda+0x0000027a15075748
instanceKlass  @bci javax/swing/plaf/basic/BasicLookAndFeel initComponentDefaults (Ljavax/swing/UIDefaults;)V 384 <appendix> argL0 ; # javax/swing/plaf/basic/BasicLookAndFeel$$Lambda+0x0000027a15075518
instanceKlass  @bci jdk/internal/foreign/abi/BindingSpecializer specializeHelper (Ljava/lang/invoke/MethodType;Ljava/lang/invoke/MethodType;Ljdk/internal/foreign/abi/CallingSequence;Ljdk/internal/foreign/abi/ABIDescriptor;)[B 28 <appendix> form vmentry <vmtarget> ; # java/lang/invoke/LambdaForm$DMH+0x0000027a1500b400
instanceKlass  @bci javax/swing/plaf/basic/BasicLookAndFeel initComponentDefaults (Ljavax/swing/UIDefaults;)V 377 <appendix> member <vmtarget> ; # javax/swing/plaf/basic/BasicLookAndFeel$$Lambda+0x0000027a150752e0
instanceKlass javax/swing/border/AbstractBorder
instanceKlass javax/swing/border/Border
instanceKlass  @bci javax/swing/plaf/basic/BasicLookAndFeel initComponentDefaults (Ljavax/swing/UIDefaults;)V 349 <appendix> member <vmtarget> ; # javax/swing/plaf/basic/BasicLookAndFeel$$Lambda+0x0000027a15074ba8
instanceKlass  @bci javax/swing/plaf/basic/BasicLookAndFeel initComponentDefaults (Ljavax/swing/UIDefaults;)V 340 <appendix> argL0 ; # javax/swing/plaf/basic/BasicLookAndFeel$$Lambda+0x0000027a15074978
instanceKlass  @bci javax/swing/plaf/basic/BasicLookAndFeel initComponentDefaults (Ljavax/swing/UIDefaults;)V 333 <appendix> argL0 ; # javax/swing/plaf/basic/BasicLookAndFeel$$Lambda+0x0000027a15074748
instanceKlass  @bci javax/swing/plaf/basic/BasicLookAndFeel initComponentDefaults (Ljavax/swing/UIDefaults;)V 326 <appendix> argL0 ; # javax/swing/plaf/basic/BasicLookAndFeel$$Lambda+0x0000027a15074518
instanceKlass  @bci javax/swing/plaf/basic/BasicLookAndFeel initComponentDefaults (Ljavax/swing/UIDefaults;)V 319 <appendix> argL0 ; # javax/swing/plaf/basic/BasicLookAndFeel$$Lambda+0x0000027a150742e8
instanceKlass  @bci javax/swing/plaf/basic/BasicLookAndFeel initComponentDefaults (Ljavax/swing/UIDefaults;)V 312 <appendix> argL0 ; # javax/swing/plaf/basic/BasicLookAndFeel$$Lambda+0x0000027a150740b8
instanceKlass javax/swing/UIDefaults$ActiveValue
instanceKlass  @bci javax/swing/plaf/basic/BasicLookAndFeel initComponentDefaults (Ljavax/swing/UIDefaults;)V 47 <appendix> argL0 ; # javax/swing/plaf/basic/BasicLookAndFeel$$Lambda+0x0000027a15073c68
instanceKlass  @bci javax/swing/plaf/basic/BasicLookAndFeel initComponentDefaults (Ljavax/swing/UIDefaults;)V 40 <appendix> argL0 ; # javax/swing/plaf/basic/BasicLookAndFeel$$Lambda+0x0000027a15073a38
instanceKlass  @bci javax/swing/plaf/basic/BasicLookAndFeel initComponentDefaults (Ljavax/swing/UIDefaults;)V 33 <appendix> argL0 ; # javax/swing/plaf/basic/BasicLookAndFeel$$Lambda+0x0000027a15073808
instanceKlass  @bci javax/swing/plaf/basic/BasicLookAndFeel initComponentDefaults (Ljavax/swing/UIDefaults;)V 26 <appendix> argL0 ; # javax/swing/plaf/basic/BasicLookAndFeel$$Lambda+0x0000027a150735d8
instanceKlass  @bci javax/swing/plaf/basic/BasicLookAndFeel initComponentDefaults (Ljavax/swing/UIDefaults;)V 19 <appendix> argL0 ; # javax/swing/plaf/basic/BasicLookAndFeel$$Lambda+0x0000027a150733a8
instanceKlass javax/swing/UIDefaults$LazyValue
instanceKlass javax/swing/plaf/metal/DefaultMetalTheme$FontDelegate
instanceKlass javax/swing/plaf/UIResource
instanceKlass javax/swing/plaf/metal/MetalTheme
instanceKlass sun/swing/DefaultLookup
instanceKlass javax/swing/LookAndFeel
instanceKlass sun/swing/SwingAccessor
instanceKlass  @bci javax/swing/UIDefaults <clinit> ()V 10 <appendix> argL0 ; # javax/swing/UIDefaults$$Lambda+0x0000027a15071140
instanceKlass  @cpi java/lang/reflect/ProxyGenerator$ProxyMethod 439 form vmentry <vmtarget> ; # java/lang/invoke/LambdaForm$DMH+0x0000027a1500b000
instanceKlass sun/swing/SwingAccessor$UIDefaultsAccessor
instanceKlass javax/swing/UIManager$LAFState
instanceKlass javax/swing/SwingUtilities
instanceKlass sun/swing/SwingUtilities2$LSBCacheEntry
instanceKlass sun/swing/StringUIClientPropertyKey
instanceKlass javax/swing/UIClientPropertyKey
instanceKlass java/awt/font/FontRenderContext
instanceKlass sun/swing/SwingUtilities2
instanceKlass java/util/IdentityHashMap$IdentityHashMapIterator
instanceKlass java/util/Collections$SynchronizedCollection
instanceKlass sun/awt/PostEventQueue
instanceKlass sun/awt/MostRecentKeyValue
instanceKlass java/awt/Queue
instanceKlass java/awt/EventQueue$2
instanceKlass sun/awt/AWTAccessor$EventQueueAccessor
instanceKlass java/awt/EventQueue$1
instanceKlass java/awt/EventQueue
instanceKlass sun/awt/AppContext$3
instanceKlass jdk/internal/access/JavaAWTAccess
instanceKlass sun/awt/AppContext$GetAppContextLock
instanceKlass sun/awt/AppContext
instanceKlass java/awt/Toolkit$DesktopPropertyChangeSupport$1
instanceKlass java/util/ComparableTimSort
instanceKlass java/util/Arrays$LegacyMergeSort
instanceKlass sun/awt/SunHints$Value
instanceKlass java/awt/RenderingHints$Key
instanceKlass sun/awt/SunHints
instanceKlass java/awt/RenderingHints
instanceKlass sun/awt/windows/WDesktopProperties$WinPlaySound
instanceKlass java/awt/Color
instanceKlass java/awt/Paint
instanceKlass  @bci javax/xml/catalog/CatalogMessages <clinit> ()V 5 <appendix> form vmentry <vmtarget> ; # java/lang/invoke/LambdaForm$MH+0x0000027a1500ac00
instanceKlass java/util/concurrent/locks/ReentrantReadWriteLock$WriteLock
instanceKlass java/util/concurrent/locks/ReentrantReadWriteLock$ReadLock
instanceKlass java/util/concurrent/locks/ReentrantReadWriteLock
instanceKlass java/util/concurrent/locks/ReadWriteLock
instanceKlass sun/awt/windows/ThemeReader
instanceKlass sun/awt/windows/WDesktopProperties
instanceKlass java/lang/Shutdown$Lock
instanceKlass java/lang/Shutdown
instanceKlass java/lang/ApplicationShutdownHooks$1
instanceKlass java/lang/ApplicationShutdownHooks
instanceKlass  @bci sun/awt/windows/WToolkit registerShutdownHook ()V 8 <appendix> member <vmtarget> ; # sun/awt/windows/WToolkit$$Lambda+0x0000027a15069130
instanceKlass sun/awt/AWTAutoShutdown
instanceKlass java/util/concurrent/ConcurrentLinkedDeque$Node
instanceKlass sun/awt/util/ThreadGroupUtils
instanceKlass sun/java2d/Disposer
instanceKlass sun/awt/windows/WToolkit$ToolkitDisposer
instanceKlass sun/java2d/DisposerRecord
instanceKlass  @bci sun/java2d/marlin/RendererContext createContext ()Lsun/java2d/marlin/RendererContext; 10 <appendix> form vmentry <vmtarget> ; # java/lang/invoke/LambdaForm$MH+0x0000027a1500a800
instanceKlass sun/awt/util/PerformanceLogger$TimeData
instanceKlass sun/awt/util/PerformanceLogger
instanceKlass sun/awt/SunToolkit$ModalityListenerList
instanceKlass sun/awt/ModalityListener
instanceKlass java/beans/PropertyChangeListener
instanceKlass java/beans/ChangeListenerMap
instanceKlass java/beans/PropertyChangeSupport
instanceKlass sun/util/logging/PlatformLogger$ConfigurableBridge$LoggerConfiguration
instanceKlass jdk/internal/logger/BootstrapLogger$RedirectedLoggers
instanceKlass javax/swing/event/EventListenerList
instanceKlass sun/awt/windows/WDesktopPeer
instanceKlass java/awt/peer/DesktopPeer
instanceKlass sun/awt/DisplayChangedListener
instanceKlass sun/awt/image/SurfaceManager
instanceKlass sun/awt/image/SurfaceManager$ImageAccessor
instanceKlass java/awt/ImageCapabilities
instanceKlass java/awt/Image
instanceKlass sun/java2d/DestSurfaceProvider
instanceKlass sun/java2d/loops/RenderCache$Entry
instanceKlass sun/java2d/loops/RenderCache
instanceKlass sun/java2d/pipe/DrawImage
instanceKlass sun/java2d/pipe/GeneralCompositePipe
instanceKlass sun/java2d/pipe/SpanShapeRenderer
instanceKlass sun/java2d/pipe/AlphaPaintPipe
instanceKlass sun/java2d/pipe/AAShapePipe
instanceKlass sun/java2d/pipe/RegionIterator
instanceKlass sun/java2d/pipe/Region
instanceKlass sun/java2d/pipe/SpanClipRenderer
instanceKlass sun/java2d/pipe/PixelToShapeConverter
instanceKlass sun/java2d/pipe/AlphaColorPipe
instanceKlass sun/java2d/pipe/CompositePipe
instanceKlass sun/font/FontUtilities
instanceKlass sun/java2d/pipe/GlyphListPipe
instanceKlass sun/java2d/pipe/OutlineTextRenderer
instanceKlass java/util/concurrent/ConcurrentLinkedQueue$Node
instanceKlass sun/java2d/ReentrantContextProvider
instanceKlass sun/java2d/marlin/FloatMath
instanceKlass sun/java2d/marlin/MarlinProperties
instanceKlass sun/java2d/marlin/MarlinConst
instanceKlass sun/java2d/pipe/RenderingEngine
instanceKlass sun/java2d/pipe/LoopPipe
instanceKlass sun/java2d/pipe/LoopBasedPipe
instanceKlass sun/java2d/pipe/ParallelogramPipe
instanceKlass sun/java2d/pipe/NullPipe
instanceKlass sun/java2d/pipe/DrawImagePipe
instanceKlass sun/java2d/pipe/TextPipe
instanceKlass sun/java2d/pipe/ShapeDrawPipe
instanceKlass sun/java2d/pipe/PixelFillPipe
instanceKlass sun/java2d/pipe/PixelDrawPipe
instanceKlass sun/java2d/StateTrackableDelegate$2
instanceKlass sun/java2d/StateTrackableDelegate
instanceKlass sun/java2d/cmm/ProfileDeferralInfo
instanceKlass java/awt/color/ICC_Profile$BuiltInProfile
instanceKlass  @bci java/awt/color/ICC_Profile <clinit> ()V 0 <appendix> argL0 ; # java/awt/color/ICC_Profile$$Lambda+0x0000027a1505e070
instanceKlass sun/java2d/cmm/Profile
instanceKlass sun/awt/AWTAccessor$ICC_ProfileAccessor
instanceKlass java/awt/color/ICC_Profile
instanceKlass java/awt/color/ColorSpace$BuiltInSpace
instanceKlass java/awt/color/ColorSpace
instanceKlass java/awt/image/ColorModel$1RGBdefault
instanceKlass java/awt/image/ColorModel
instanceKlass sun/awt/image/PixelConverter
instanceKlass sun/java2d/loops/SurfaceType
instanceKlass sun/java2d/SurfaceData
instanceKlass sun/java2d/Surface
instanceKlass sun/java2d/StateTrackable
instanceKlass sun/java2d/DisposerTarget
instanceKlass java/awt/Transparency
instanceKlass java/util/Collections$SynchronizedMap
instanceKlass sun/awt/WeakIdentityHashMap
instanceKlass java/util/concurrent/locks/AbstractQueuedSynchronizer$ConditionObject
instanceKlass java/util/concurrent/locks/Condition
instanceKlass sun/awt/KeyboardFocusManagerPeerProvider
instanceKlass sun/awt/InputMethodSupport
instanceKlass sun/awt/ComponentFactory
instanceKlass  @bci sun/awt/OSInfo$WindowsVersion toString ()Ljava/lang/String; 8 <appendix> form vmentry <vmtarget> ; # java/lang/invoke/LambdaForm$MH+0x0000027a1500a400
instanceKlass sun/awt/OSInfo$1
instanceKlass  @cpi jdk/internal/foreign/MemorySessionImpl 286 form vmentry <vmtarget> ; # java/lang/invoke/LambdaForm$DMH+0x0000027a15001c00
instanceKlass sun/awt/OSInfo$WindowsVersion
instanceKlass sun/awt/OSInfo
instanceKlass javax/swing/UIManager$LookAndFeelInfo
instanceKlass javax/swing/UIManager
instanceKlass java/awt/Frame$1
instanceKlass sun/awt/AWTAccessor$FrameAccessor
instanceKlass java/awt/Window$1
instanceKlass sun/awt/AWTAccessor$WindowAccessor
instanceKlass java/lang/invoke/VarForm
instanceKlass java/lang/invoke/VarHandleGuards
instanceKlass java/lang/invoke/VarHandles
instanceKlass jdk/internal/invoke/MhUtil
instanceKlass java/util/concurrent/atomic/AtomicBoolean
instanceKlass java/awt/Container$1
instanceKlass sun/awt/AWTAccessor$ContainerAccessor
instanceKlass java/awt/geom/Dimension2D
instanceKlass java/awt/LightweightDispatcher
instanceKlass java/awt/event/AWTEventListener
instanceKlass java/awt/Component$DummyRequestFocusController
instanceKlass sun/awt/RequestFocusController
instanceKlass java/awt/Component$1
instanceKlass sun/awt/AWTAccessor$ComponentAccessor
instanceKlass java/awt/font/JavaAWTFontAccessImpl
instanceKlass jdk/internal/access/JavaAWTFontAccess
instanceKlass java/text/AttributedCharacterIterator$Attribute
instanceKlass sun/font/AttributeValues
instanceKlass java/awt/geom/AffineTransform
instanceKlass sun/font/FontAccess
instanceKlass java/awt/Font
instanceKlass sun/awt/windows/WObjectPeer
instanceKlass java/awt/dnd/peer/DropTargetPeer
instanceKlass java/awt/peer/ComponentPeer
instanceKlass java/awt/event/InputEvent$1
instanceKlass sun/awt/AWTAccessor$InputEventAccessor
instanceKlass java/awt/event/NativeLibLoader
instanceKlass java/awt/AWTEvent$1
instanceKlass sun/awt/AWTAccessor$AWTEventAccessor
instanceKlass java/util/EventObject
instanceKlass sun/awt/PlatformGraphicsInfo
instanceKlass java/awt/GraphicsEnvironment
instanceKlass java/awt/Insets
instanceKlass  @bci sun/awt/FontConfiguration findFontConfigFile ()V 45 <appendix> form vmentry <vmtarget> ; # java/lang/invoke/LambdaForm$MH+0x0000027a15001800
instanceKlass  @bci Clases/Imprimir imprimir2 ()V 118 <appendix> form vmentry <vmtarget> ; # java/lang/invoke/LambdaForm$MH+0x0000027a15001000
instanceKlass java/lang/StringConcatHelper$StringConcatBase
instanceKlass java/lang/invoke/StringConcatFactory$InlineHiddenClassStrategy$6
instanceKlass java/lang/invoke/StringConcatFactory$InlineHiddenClassStrategy$3$4
instanceKlass java/lang/invoke/StringConcatFactory$InlineHiddenClassStrategy$4
instanceKlass java/lang/invoke/StringConcatFactory$InlineHiddenClassStrategy$3$1
instanceKlass jdk/internal/classfile/impl/BytecodeHelpers$1
instanceKlass java/lang/invoke/StringConcatFactory$InlineHiddenClassStrategy$7
instanceKlass java/lang/invoke/StringConcatFactory$InlineHiddenClassStrategy$3$2
instanceKlass java/lang/invoke/StringConcatFactory$InlineHiddenClassStrategy$5
instanceKlass java/lang/invoke/StringConcatFactory$InlineHiddenClassStrategy$3$3
instanceKlass java/lang/invoke/StringConcatFactory$InlineHiddenClassStrategy$3
instanceKlass java/lang/invoke/StringConcatFactory$InlineHiddenClassStrategy$2
instanceKlass java/lang/invoke/StringConcatFactory$InlineHiddenClassStrategy$1
instanceKlass java/lang/invoke/StringConcatFactory$InlineHiddenClassStrategy
instanceKlass java/lang/invoke/StringConcatFactory
instanceKlass  @bci jdk/internal/module/SystemModuleFinders$SystemModuleReader open (Ljava/lang/String;)Ljava/util/Optional; 6 <appendix> member <vmtarget> ; # jdk/internal/module/SystemModuleFinders$SystemModuleReader$$Lambda+0x0000027a150528b8
instanceKlass jdk/internal/module/Checks
instanceKlass java/util/ResourceBundle$ResourceBundleProviderHelper
instanceKlass  @bci java/util/ResourceBundle$Control getCandidateLocales (Ljava/lang/String;Ljava/util/Locale;)Ljava/util/List; 23 <appendix> argL0 ; # java/util/ResourceBundle$Control$$Lambda+0x80000001e
instanceKlass java/util/ResourceBundle$CacheKeyReference
instanceKlass java/util/ResourceBundle$CacheKey
instanceKlass  @bci java/util/ResourceBundle$Control <clinit> ()V 39 <appendix> argL0 ; # java/util/ResourceBundle$Control$$Lambda+0x80000001f
instanceKlass java/util/ResourceBundle$Control
instanceKlass java/util/ResourceBundle$1
instanceKlass jdk/internal/access/JavaUtilResourceBundleAccess
instanceKlass java/util/ResourceBundle
instanceKlass sun/awt/AWTAccessor
instanceKlass java/awt/Toolkit$1
instanceKlass sun/awt/AWTAccessor$ToolkitAccessor
instanceKlass java/awt/Toolkit
instanceKlass java/awt/Component$AWTTreeLock
instanceKlass jdk/internal/logger/LazyLoggers$LazyLoggerAccessor
instanceKlass jdk/internal/logger/LazyLoggers$LoggerAccessor
instanceKlass jdk/internal/logger/AbstractLoggerWrapper
instanceKlass java/util/ServiceLoader$ProviderImpl
instanceKlass java/util/ServiceLoader$Provider
instanceKlass sun/util/logging/internal/LoggingProviderImpl$LogManagerAccess
instanceKlass java/util/concurrent/CopyOnWriteArrayList$COWIterator
instanceKlass jdk/internal/loader/URLClassPath$1
instanceKlass java/lang/CompoundEnumeration
instanceKlass jdk/internal/loader/BuiltinClassLoader$1
instanceKlass java/util/Collections$EmptyEnumeration
instanceKlass jdk/internal/jimage/ImageLocation
instanceKlass jdk/internal/jimage/decompressor/Decompressor
instanceKlass jdk/internal/jimage/ImageStringsReader
instanceKlass jdk/internal/jimage/ImageStrings
instanceKlass jdk/internal/jimage/ImageHeader
instanceKlass jdk/internal/reflect/Reflection$1Holder
instanceKlass jdk/internal/jimage/NativeImageBuffer$1
instanceKlass jdk/internal/jimage/NativeImageBuffer
instanceKlass java/security/AccessControlContext
instanceKlass java/security/AccessController
instanceKlass jdk/internal/jimage/BasicImageReader$1
instanceKlass java/security/PrivilegedAction
instanceKlass jdk/internal/jimage/BasicImageReader
instanceKlass jdk/internal/jimage/ImageReader
instanceKlass jdk/internal/jimage/ImageReaderFactory$1
instanceKlass java/net/URI$Parser
instanceKlass java/nio/file/FileSystems$DefaultFileSystemHolder
instanceKlass java/nio/file/Paths
instanceKlass jdk/internal/jimage/ImageReaderFactory
instanceKlass jdk/internal/module/SystemModuleFinders$SystemImage
instanceKlass jdk/internal/module/SystemModuleFinders$SystemModuleReader
instanceKlass java/lang/module/ModuleReader
instanceKlass jdk/internal/loader/BuiltinClassLoader$2
instanceKlass jdk/internal/module/Resources
instanceKlass java/util/ServiceLoader$2
instanceKlass java/util/ServiceLoader$1
instanceKlass java/util/ServiceLoader$LazyClassPathLookupIterator
instanceKlass java/util/Spliterators$1Adapter
instanceKlass java/util/Spliterators$ArraySpliterator
instanceKlass java/util/ServiceLoader$ModuleServicesLookupIterator
instanceKlass java/util/ServiceLoader
instanceKlass java/lang/System$LoggerFinder
instanceKlass jdk/internal/logger/BootstrapLogger$DetectBackend
instanceKlass jdk/internal/logger/BootstrapLogger
instanceKlass sun/util/logging/PlatformLogger$ConfigurableBridge
instanceKlass sun/util/logging/PlatformLogger$Bridge
instanceKlass java/lang/System$Logger
instanceKlass jdk/internal/logger/LazyLoggers$LazyLoggerFactories
instanceKlass jdk/internal/logger/LazyLoggers$1
instanceKlass jdk/internal/logger/LazyLoggers
instanceKlass sun/util/logging/PlatformLogger
instanceKlass java/io/Reader
instanceKlass java/awt/ItemSelectable
instanceKlass javax/swing/GroupLayout$Spring
instanceKlass java/awt/LayoutManager
instanceKlass java/awt/event/KeyListener
instanceKlass java/awt/event/ActionListener
instanceKlass java/awt/event/MouseListener
instanceKlass java/awt/event/MouseMotionListener
instanceKlass java/util/EventListener
instanceKlass javax/swing/Scrollable
instanceKlass javax/swing/SwingConstants
instanceKlass java/awt/Shape
instanceKlass jdk/internal/misc/PreviewFeatures
instanceKlass jdk/internal/misc/MethodFinder
instanceKlass java/awt/Component
instanceKlass java/awt/image/ImageObserver
instanceKlass java/awt/MenuContainer
instanceKlass javax/swing/TransferHandler$HasGetTransferHandler
instanceKlass javax/swing/RootPaneContainer
instanceKlass javax/accessibility/Accessible
instanceKlass javax/swing/WindowConstants
instanceKlass java/security/SecureClassLoader$DebugHolder
instanceKlass java/security/PermissionCollection
instanceKlass java/security/SecureClassLoader$1
instanceKlass java/io/FileInputStream$1
instanceKlass sun/nio/ByteBuffered
instanceKlass java/lang/Package$VersionInfo
instanceKlass java/lang/NamedPackage
instanceKlass jdk/internal/loader/Resource
instanceKlass java/util/StringTokenizer
instanceKlass java/util/jar/JarVerifier
instanceKlass java/nio/charset/CoderResult
instanceKlass java/lang/Readable
instanceKlass java/util/jar/Attributes
instanceKlass java/util/zip/ZipFile$InflaterCleanupAction
instanceKlass java/util/zip/Inflater$InflaterZStreamRef
instanceKlass java/util/zip/Inflater
instanceKlass  @bci java/util/zip/ZipFile$Source initCEN (I)V 482 <appendix> argL0 ; # java/util/zip/ZipFile$Source$$Lambda+0x0000027a15043630
instanceKlass java/lang/invoke/TypeConvertingMethodAdapter
instanceKlass java/lang/invoke/InnerClassLambdaMetafactory$6
instanceKlass java/lang/invoke/InnerClassLambdaMetafactory$3
instanceKlass java/lang/classfile/Interfaces
instanceKlass java/util/ImmutableCollections$Access$1
instanceKlass jdk/internal/access/JavaUtilCollectionAccess
instanceKlass java/util/ImmutableCollections$Access
instanceKlass java/lang/invoke/InnerClassLambdaMetafactory$1
instanceKlass sun/security/util/Debug
instanceKlass sun/security/util/SignatureFileVerifier
instanceKlass java/util/zip/ZipEntry
instanceKlass jdk/internal/perf/PerfCounter$CoreCounters
instanceKlass java/util/Locale$LocaleCache
instanceKlass jdk/internal/util/ReferencedKeyMap$1
instanceKlass sun/util/locale/BaseLocale$1InterningCache
instanceKlass sun/util/locale/LocaleUtils
instanceKlass java/util/Locale
instanceKlass java/nio/file/attribute/FileTime
instanceKlass java/util/zip/ZipUtils
instanceKlass java/util/zip/ZipFile$Source$End
instanceKlass java/io/RandomAccessFile$2
instanceKlass jdk/internal/access/JavaIORandomAccessFileAccess
instanceKlass java/io/RandomAccessFile
instanceKlass java/io/DataInput
instanceKlass java/io/DataOutput
instanceKlass java/util/zip/ZipFile$Source$Key
instanceKlass java/util/zip/ZipFile$Source
instanceKlass java/util/zip/ZipCoder
instanceKlass java/util/zip/ZipFile$CleanableResource
instanceKlass jdk/internal/loader/FileURLMapper
instanceKlass jdk/internal/loader/URLClassPath$Loader
instanceKlass sun/net/util/URLUtil
instanceKlass sun/nio/cs/ArrayDecoder
instanceKlass java/nio/charset/CharsetDecoder
instanceKlass sun/launcher/LauncherHelper
instanceKlass jdk/internal/vm/ContinuationSupport
instanceKlass jdk/internal/module/ModuleBootstrap$SafeModuleFinder
instanceKlass java/lang/ModuleLayer$Controller
instanceKlass java/util/concurrent/CopyOnWriteArrayList
instanceKlass jdk/internal/module/ServicesCatalog$ServiceProvider
instanceKlass jdk/internal/loader/AbstractClassLoaderValue$Memoizer
instanceKlass java/util/ArrayList$Itr
instanceKlass java/util/SequencedMap
instanceKlass java/util/SequencedSet
instanceKlass java/util/Collections$UnmodifiableCollection$1
instanceKlass java/util/HashMap$HashMapSpliterator
instanceKlass java/util/Collections$EmptyIterator
instanceKlass sun/nio/fs/WindowsChannelFactory$Flags
instanceKlass sun/nio/fs/WindowsChannelFactory$1
instanceKlass sun/nio/fs/WindowsChannelFactory
instanceKlass sun/nio/fs/WindowsSecurityDescriptor
instanceKlass java/nio/file/attribute/FileAttribute
instanceKlass sun/nio/fs/BasicFileAttributesHolder
instanceKlass sun/nio/fs/WindowsDirectoryStream$WindowsDirectoryIterator
instanceKlass sun/nio/fs/WindowsDirectoryStream
instanceKlass java/nio/file/DirectoryStream
instanceKlass java/nio/file/Files$AcceptAllFilter
instanceKlass java/nio/file/DirectoryStream$Filter
instanceKlass sun/nio/fs/WindowsPath$1
instanceKlass sun/nio/fs/WindowsNativeDispatcher$CompletionStatus
instanceKlass sun/nio/fs/WindowsNativeDispatcher$AclInformation
instanceKlass sun/nio/fs/WindowsNativeDispatcher$Account
instanceKlass sun/nio/fs/WindowsNativeDispatcher$DiskFreeSpace
instanceKlass sun/nio/fs/WindowsNativeDispatcher$VolumeInformation
instanceKlass sun/nio/fs/WindowsNativeDispatcher$FirstStream
instanceKlass sun/nio/fs/WindowsNativeDispatcher$FirstFile
instanceKlass java/util/Enumeration
instanceKlass java/util/concurrent/ConcurrentHashMap$Traverser
instanceKlass jdk/internal/loader/NativeLibraries$2
instanceKlass jdk/internal/loader/NativeLibrary
instanceKlass java/util/ArrayDeque$DeqIterator
instanceKlass jdk/internal/loader/NativeLibraries$NativeLibraryContext$1
instanceKlass jdk/internal/loader/NativeLibraries$NativeLibraryContext
instanceKlass jdk/internal/loader/NativeLibraries$1
instanceKlass jdk/internal/loader/NativeLibraries$LibraryPaths
instanceKlass sun/nio/fs/WindowsNativeDispatcher
instanceKlass sun/nio/fs/NativeBuffer$Deallocator
instanceKlass java/lang/ref/Cleaner$Cleanable
instanceKlass jdk/internal/ref/CleanerImpl$CleanableList$Node
instanceKlass jdk/internal/ref/CleanerImpl$CleanableList
instanceKlass jdk/internal/ref/CleanerImpl
instanceKlass java/lang/ref/Cleaner$1
instanceKlass java/lang/ref/Cleaner
instanceKlass jdk/internal/ref/CleanerFactory$1
instanceKlass java/util/concurrent/ThreadFactory
instanceKlass jdk/internal/ref/CleanerFactory
instanceKlass sun/nio/fs/NativeBuffer
instanceKlass java/lang/ThreadLocal$ThreadLocalMap
instanceKlass java/lang/ThreadLocal
instanceKlass sun/nio/fs/NativeBuffers
instanceKlass sun/nio/fs/WindowsFileAttributes
instanceKlass java/nio/file/attribute/DosFileAttributes
instanceKlass sun/nio/fs/AbstractBasicFileAttributeView
instanceKlass sun/nio/fs/DynamicFileAttributeView
instanceKlass sun/nio/fs/WindowsFileAttributeViews
instanceKlass sun/nio/fs/Util
instanceKlass java/nio/file/attribute/BasicFileAttributeView
instanceKlass java/nio/file/attribute/FileAttributeView
instanceKlass java/nio/file/attribute/AttributeView
instanceKlass java/nio/file/Files
instanceKlass java/nio/file/CopyOption
instanceKlass java/nio/file/attribute/BasicFileAttributes
instanceKlass java/util/stream/ForEachOps$ForEachOp
instanceKlass java/util/stream/ForEachOps
instanceKlass  @bci java/lang/module/ModuleFinder$2 findAll ()Ljava/util/Set; 50 <appendix> member <vmtarget> ; # java/lang/module/ModuleFinder$2$$Lambda+0x800000012
instanceKlass  @bci java/lang/module/ModuleFinder$2 findAll ()Ljava/util/Set; 38 <appendix> argL0 ; # java/lang/module/ModuleFinder$2$$Lambda+0x800000013
instanceKlass java/lang/module/ModuleFinder$1
instanceKlass java/lang/module/Resolver
instanceKlass  @bci jdk/internal/module/DefaultRoots exportsAPI (Ljava/lang/module/ModuleDescriptor;)Z 9 <appendix> argL0 ; # jdk/internal/module/DefaultRoots$$Lambda+0x800000053
instanceKlass  @bci java/lang/module/ModuleFinder$2 find (Ljava/lang/String;)Ljava/util/Optional; 62 <appendix> member <vmtarget> ; # java/lang/module/ModuleFinder$2$$Lambda+0x800000011
instanceKlass  @bci java/util/stream/MatchOps makeRef (Ljava/util/function/Predicate;Ljava/util/stream/MatchOps$MatchKind;)Ljava/util/stream/TerminalOp; 20 <appendix> member <vmtarget> ; # java/util/stream/MatchOps$$Lambda+0x800000005
instanceKlass java/util/stream/MatchOps$BooleanTerminalSink
instanceKlass java/util/stream/MatchOps$MatchOp
instanceKlass java/util/stream/MatchOps
instanceKlass java/util/stream/Streams
instanceKlass java/util/stream/Stream$Builder
instanceKlass java/util/stream/Streams$AbstractStreamBuilderImpl
instanceKlass java/util/stream/ReferencePipeline$7$1FlatMap
instanceKlass java/util/stream/FindOps$FindOp
instanceKlass  @bci java/util/stream/FindOps$FindSink$OfRef <clinit> ()V 6 <appendix> argL0 ; # java/util/stream/FindOps$FindSink$OfRef$$Lambda+0x80000004c
instanceKlass  @bci java/util/stream/FindOps$FindSink$OfRef <clinit> ()V 0 <appendix> argL0 ; # java/util/stream/FindOps$FindSink$OfRef$$Lambda+0x80000004d
instanceKlass java/util/stream/FindOps$FindSink
instanceKlass java/util/stream/FindOps
instanceKlass  @bci java/lang/module/ModuleFinder$2 find (Ljava/lang/String;)Ljava/util/Optional; 43 <appendix> argL0 ; # java/lang/module/ModuleFinder$2$$Lambda+0x800000014
instanceKlass  @bci java/lang/module/ModuleFinder$2 find (Ljava/lang/String;)Ljava/util/Optional; 33 <appendix> member <vmtarget> ; # java/lang/module/ModuleFinder$2$$Lambda+0x800000015
instanceKlass java/util/AbstractList$RandomAccessSpliterator
instanceKlass java/util/stream/Sink$ChainedReference
instanceKlass java/util/stream/ReduceOps$AccumulatingSink
instanceKlass java/util/stream/TerminalSink
instanceKlass java/util/stream/Sink
instanceKlass java/util/stream/ReduceOps$Box
instanceKlass java/util/stream/ReduceOps$ReduceOp
instanceKlass java/util/stream/TerminalOp
instanceKlass java/util/stream/ReduceOps
instanceKlass  @bci java/util/stream/Collectors castingIdentity ()Ljava/util/function/Function; 0 <appendix> argL0 ; # java/util/stream/Collectors$$Lambda+0x800000046
instanceKlass  @bci java/util/stream/Collectors toSet ()Ljava/util/stream/Collector; 14 <appendix> argL0 ; # java/util/stream/Collectors$$Lambda+0x800000044
instanceKlass java/util/function/BinaryOperator
instanceKlass  @bci java/util/stream/Collectors toSet ()Ljava/util/stream/Collector; 9 <appendix> argL0 ; # java/util/stream/Collectors$$Lambda+0x80000003c
instanceKlass java/util/function/BiConsumer
instanceKlass  @bci java/util/stream/Collectors toSet ()Ljava/util/stream/Collector; 4 <appendix> argL0 ; # java/util/stream/Collectors$$Lambda+0x800000049
instanceKlass java/util/stream/Collector
instanceKlass java/util/Collections$UnmodifiableCollection
instanceKlass java/util/stream/Collectors
instanceKlass  @bci jdk/internal/module/DefaultRoots compute (Ljava/lang/module/ModuleFinder;Ljava/lang/module/ModuleFinder;)Ljava/util/Set; 42 <appendix> argL0 ; # jdk/internal/module/DefaultRoots$$Lambda+0x800000050
instanceKlass  @bci jdk/internal/module/DefaultRoots compute (Ljava/lang/module/ModuleFinder;Ljava/lang/module/ModuleFinder;)Ljava/util/Set; 32 <appendix> member <vmtarget> ; # jdk/internal/module/DefaultRoots$$Lambda+0x800000054
instanceKlass  @bci jdk/internal/module/DefaultRoots compute (Ljava/lang/module/ModuleFinder;Ljava/lang/module/ModuleFinder;)Ljava/util/Set; 21 <appendix> argL0 ; # jdk/internal/module/DefaultRoots$$Lambda+0x800000051
instanceKlass  @bci com/lowagie/text/pdf/PdfChunk <init> (Lcom/lowagie/text/Chunk;Lcom/lowagie/text/pdf/PdfAction;)V 117 <appendix> form vmentry <vmtarget> ; # java/lang/invoke/LambdaForm$MH+0x0000027a15000800
instanceKlass  @bci jdk/internal/module/DefaultRoots compute (Ljava/lang/module/ModuleFinder;Ljava/lang/module/ModuleFinder;)Ljava/util/Set; 11 <appendix> argL0 ; # jdk/internal/module/DefaultRoots$$Lambda+0x800000052
instanceKlass java/lang/invoke/LambdaProxyClassArchive
instanceKlass java/lang/invoke/InfoFromMemberName
instanceKlass java/lang/invoke/MethodHandleInfo
instanceKlass java/lang/invoke/AbstractValidatingLambdaMetafactory
instanceKlass java/lang/invoke/BootstrapMethodInvoker
instanceKlass java/util/function/Predicate
instanceKlass java/lang/invoke/LambdaMetafactory
# instanceKlass java/lang/invoke/LambdaForm$MH+0x0000027a15000400
instanceKlass jdk/internal/util/ModifiedUtf
instanceKlass java/lang/StringCoding
instanceKlass jdk/internal/classfile/impl/ClassReaderImpl
instanceKlass java/lang/classfile/ClassReader
instanceKlass jdk/internal/classfile/impl/ClassHierarchyImpl$CachedClassHierarchyResolver$1
instanceKlass java/lang/classfile/ClassHierarchyResolver$ClassHierarchyInfo
instanceKlass jdk/internal/classfile/impl/ClassHierarchyImpl$CachedClassHierarchyResolver
instanceKlass jdk/internal/classfile/impl/ClassHierarchyImpl$ClassLoadingClassHierarchyResolver$1
instanceKlass jdk/internal/classfile/impl/ClassHierarchyImpl$ClassLoadingClassHierarchyResolver
instanceKlass java/lang/classfile/ClassHierarchyResolver
instanceKlass jdk/internal/classfile/impl/ClassHierarchyImpl
instanceKlass jdk/internal/classfile/impl/RawBytecodeHelper$1
instanceKlass jdk/internal/classfile/impl/RawBytecodeHelper
instanceKlass jdk/internal/classfile/impl/StackMapGenerator$Frame
instanceKlass jdk/internal/classfile/impl/StackMapGenerator
instanceKlass java/util/ImmutableCollections$ListItr
instanceKlass java/util/ListIterator
instanceKlass jdk/internal/classfile/impl/AnnotationReader
instanceKlass java/lang/classfile/CustomAttribute
instanceKlass jdk/internal/classfile/impl/TerminalFieldBuilder
instanceKlass java/lang/classfile/FieldBuilder
instanceKlass java/lang/invoke/InvokerBytecodeGenerator$2
instanceKlass jdk/internal/classfile/impl/BytecodeHelpers
instanceKlass java/lang/classfile/constantpool/MethodRefEntry
instanceKlass sun/invoke/empty/Empty
instanceKlass sun/invoke/util/VerifyType
instanceKlass jdk/internal/classfile/impl/DirectCodeBuilder$8
instanceKlass java/lang/classfile/instruction/LabelTarget
instanceKlass java/lang/classfile/Label
instanceKlass jdk/internal/classfile/impl/BufWriterImpl
instanceKlass java/lang/classfile/BufWriter
instanceKlass java/lang/classfile/instruction/ExceptionCatch
instanceKlass java/lang/classfile/instruction/LocalVariableType
instanceKlass java/lang/classfile/instruction/LocalVariable
instanceKlass java/lang/classfile/instruction/CharacterRange
instanceKlass java/lang/classfile/PseudoInstruction
instanceKlass java/lang/classfile/CodeElement
instanceKlass jdk/internal/classfile/impl/TerminalCodeBuilder
instanceKlass jdk/internal/classfile/impl/LabelContext
instanceKlass java/lang/classfile/CodeBuilder
instanceKlass java/lang/invoke/InvokerBytecodeGenerator$4$1
instanceKlass java/lang/classfile/constantpool/FieldRefEntry
instanceKlass java/lang/classfile/constantpool/MemberRefEntry
instanceKlass java/lang/classfile/constantpool/NameAndTypeEntry
instanceKlass jdk/internal/classfile/impl/TerminalMethodBuilder
instanceKlass jdk/internal/classfile/impl/MethodInfo
instanceKlass java/lang/classfile/MethodBuilder
instanceKlass java/lang/invoke/InvokerBytecodeGenerator$4
instanceKlass java/lang/classfile/attribute/SourceFileAttribute
instanceKlass java/lang/classfile/Superclass
instanceKlass jdk/internal/classfile/impl/AttributeHolder
instanceKlass java/lang/classfile/ClassBuilder
instanceKlass java/lang/classfile/ClassFileBuilder
instanceKlass jdk/internal/classfile/impl/AbstractDirectBuilder
instanceKlass java/lang/invoke/InvokerBytecodeGenerator$1
instanceKlass jdk/internal/classfile/impl/ClassFileImpl
instanceKlass java/lang/classfile/ClassFile
instanceKlass java/lang/invoke/InvokerBytecodeGenerator$3
instanceKlass java/util/function/Consumer
instanceKlass java/lang/classfile/constantpool/ClassEntry
instanceKlass java/lang/classfile/constantpool/LoadableConstantEntry
instanceKlass jdk/internal/classfile/impl/Util
instanceKlass jdk/internal/classfile/impl/EntryMap
instanceKlass jdk/internal/classfile/impl/BootstrapMethodEntryImpl
instanceKlass java/lang/classfile/BootstrapMethodEntry
instanceKlass jdk/internal/classfile/impl/SplitConstantPool
instanceKlass java/lang/invoke/LambdaFormEditor$Transform
instanceKlass java/lang/invoke/LambdaFormBuffer
instanceKlass java/lang/invoke/LambdaFormEditor$TransformKey
instanceKlass java/lang/invoke/LambdaFormEditor
instanceKlass java/lang/invoke/Invokers$Holder
instanceKlass java/lang/invoke/DelegatingMethodHandle$Holder
instanceKlass java/lang/invoke/DirectMethodHandle$2
instanceKlass java/lang/invoke/ClassSpecializer$Factory
instanceKlass java/lang/invoke/ClassSpecializer$SpeciesData
instanceKlass java/lang/invoke/ClassSpecializer$1
instanceKlass jdk/internal/vm/annotation/Stable
instanceKlass java/lang/invoke/ClassSpecializer
instanceKlass java/lang/invoke/InvokerBytecodeGenerator$8
instanceKlass jdk/internal/classfile/impl/AbstractAttributeMapper
instanceKlass java/lang/classfile/AttributeMapper
instanceKlass java/lang/classfile/Attributes
instanceKlass jdk/internal/classfile/impl/Util$Writable
instanceKlass jdk/internal/classfile/impl/AbstractElement
instanceKlass java/lang/classfile/attribute/RuntimeVisibleAnnotationsAttribute
instanceKlass java/lang/classfile/FieldElement
instanceKlass java/lang/classfile/MethodElement
instanceKlass java/lang/classfile/ClassElement
instanceKlass java/lang/classfile/Attribute
instanceKlass java/lang/classfile/ClassFileElement
instanceKlass java/lang/classfile/constantpool/Utf8Entry
instanceKlass java/lang/classfile/constantpool/AnnotationConstantValueEntry
instanceKlass java/lang/classfile/constantpool/PoolEntry
instanceKlass jdk/internal/classfile/impl/AbstractPoolEntry
instanceKlass jdk/internal/classfile/impl/TemporaryConstantPool
instanceKlass java/lang/classfile/constantpool/ConstantPoolBuilder
instanceKlass java/lang/classfile/constantpool/ConstantPool
instanceKlass java/lang/classfile/Annotation
instanceKlass java/lang/classfile/AnnotationElement
instanceKlass java/lang/invoke/InvokerBytecodeGenerator
instanceKlass java/lang/invoke/LambdaForm$Holder
instanceKlass java/lang/invoke/LambdaForm$Name
instanceKlass java/lang/reflect/Array
instanceKlass java/lang/invoke/Invokers
instanceKlass sun/invoke/util/ValueConversions
instanceKlass java/lang/invoke/DirectMethodHandle$Holder
instanceKlass java/lang/constant/DynamicConstantDesc
instanceKlass jdk/internal/constant/DirectMethodHandleDescImpl$1
instanceKlass jdk/internal/constant/DirectMethodHandleDescImpl
instanceKlass java/lang/constant/DirectMethodHandleDesc
instanceKlass java/lang/constant/MethodHandleDesc$1
instanceKlass java/lang/constant/MethodHandleDesc
instanceKlass jdk/internal/constant/MethodTypeDescImpl
instanceKlass java/lang/constant/MethodTypeDesc
instanceKlass jdk/internal/constant/ConstantUtils
instanceKlass jdk/internal/constant/ArrayClassDescImpl
instanceKlass jdk/internal/constant/ClassOrInterfaceDescImpl
instanceKlass java/lang/constant/ClassDesc
instanceKlass java/lang/constant/ConstantDescs
instanceKlass sun/invoke/util/Wrapper$Format
instanceKlass java/lang/invoke/MethodHandleImpl$1
instanceKlass jdk/internal/access/JavaLangInvokeAccess
instanceKlass java/lang/invoke/LambdaForm$NamedFunction
instanceKlass java/lang/invoke/MethodHandleImpl
instanceKlass jdk/internal/reflect/MethodHandleAccessorFactory$LazyStaticHolder
instanceKlass java/lang/invoke/MethodTypeForm
instanceKlass jdk/internal/util/StrongReferenceKey
instanceKlass jdk/internal/util/ReferenceKey
instanceKlass jdk/internal/util/ReferencedKeyMap
instanceKlass java/lang/invoke/MethodType$1
instanceKlass sun/reflect/annotation/AnnotationParser
instanceKlass java/lang/PublicMethods$Key
instanceKlass java/lang/PublicMethods$MethodList
instanceKlass java/util/EnumMap$1
instanceKlass java/util/stream/StreamOpFlag$MaskBuilder
instanceKlass java/util/stream/Stream
instanceKlass java/util/stream/BaseStream
instanceKlass java/util/stream/PipelineHelper
instanceKlass java/util/stream/StreamSupport
instanceKlass java/util/Spliterators$IteratorSpliterator
instanceKlass java/util/Spliterator
instanceKlass java/util/Spliterators
instanceKlass jdk/internal/module/DefaultRoots
instanceKlass java/lang/module/ModuleFinder$2
instanceKlass jdk/internal/loader/BuiltinClassLoader$LoadedModule
instanceKlass java/lang/Module$EnableNativeAccess
instanceKlass jdk/internal/loader/BootLoader
instanceKlass jdk/internal/module/ModuleResolution
instanceKlass jdk/internal/module/ModuleHashes$Builder
instanceKlass java/util/ImmutableCollections$Set12$1
instanceKlass java/lang/reflect/AccessFlag$18
instanceKlass java/lang/reflect/AccessFlag$17
instanceKlass java/lang/reflect/AccessFlag$16
instanceKlass java/lang/reflect/AccessFlag$15
instanceKlass java/lang/reflect/AccessFlag$14
instanceKlass java/lang/reflect/AccessFlag$13
instanceKlass java/lang/reflect/AccessFlag$12
instanceKlass java/lang/reflect/AccessFlag$11
instanceKlass java/lang/reflect/AccessFlag$10
instanceKlass java/lang/reflect/AccessFlag$9
instanceKlass java/lang/reflect/AccessFlag$8
instanceKlass java/lang/reflect/AccessFlag$7
instanceKlass java/lang/reflect/AccessFlag$6
instanceKlass java/lang/reflect/AccessFlag$5
instanceKlass java/lang/reflect/AccessFlag$4
instanceKlass java/lang/reflect/AccessFlag$3
instanceKlass java/lang/reflect/AccessFlag$2
instanceKlass java/lang/reflect/AccessFlag$1
instanceKlass jdk/internal/module/Builder
instanceKlass jdk/internal/module/SystemModules$all
instanceKlass jdk/internal/module/SystemModules
instanceKlass jdk/internal/module/SystemModulesMap
instanceKlass jdk/internal/module/SystemModuleFinders
instanceKlass java/util/ImmutableCollections$SetN$SetNIterator
instanceKlass jdk/internal/loader/AbstractClassLoaderValue
instanceKlass jdk/internal/module/ServicesCatalog
instanceKlass java/util/Deque
instanceKlass java/util/Queue
instanceKlass sun/net/util/IPAddressUtil$MASKS
instanceKlass sun/net/util/IPAddressUtil
instanceKlass java/net/URLStreamHandler
instanceKlass sun/net/www/ParseUtil
instanceKlass java/net/URL$1
instanceKlass jdk/internal/access/JavaNetURLAccess
instanceKlass java/net/URL$DefaultFactory
instanceKlass java/net/URLStreamHandlerFactory
instanceKlass jdk/internal/loader/URLClassPath
instanceKlass java/util/concurrent/ConcurrentHashMap$CollectionView
instanceKlass jdk/internal/loader/ClassLoaderHelper
instanceKlass jdk/internal/loader/NativeLibraries
instanceKlass java/security/Principal
instanceKlass java/lang/ClassLoader$ParallelLoaders
instanceKlass java/security/cert/Certificate
instanceKlass jdk/internal/loader/ArchivedClassLoaders
instanceKlass java/net/URI$1
instanceKlass jdk/internal/access/JavaNetUriAccess
instanceKlass java/util/Optional
instanceKlass java/lang/Runtime$Version
instanceKlass java/util/jar/JavaUtilJarAccessImpl
instanceKlass jdk/internal/access/JavaUtilJarAccess
instanceKlass java/util/zip/ZipFile$1
instanceKlass jdk/internal/access/JavaUtilZipFileAccess
instanceKlass java/util/BitSet
instanceKlass java/util/zip/ZipFile
instanceKlass java/util/zip/ZipConstants
instanceKlass java/nio/Bits$1
instanceKlass jdk/internal/misc/VM$BufferPool
instanceKlass java/nio/Bits
instanceKlass sun/nio/ch/DirectBuffer
instanceKlass jdk/internal/perf/Perf
instanceKlass jdk/internal/perf/PerfCounter
instanceKlass jdk/internal/module/ModulePath
instanceKlass sun/nio/fs/WindowsPath
instanceKlass sun/nio/fs/WindowsPathParser$Result
instanceKlass sun/nio/fs/WindowsPathParser
instanceKlass java/nio/file/FileSystem
instanceKlass java/nio/file/OpenOption
instanceKlass java/nio/file/spi/FileSystemProvider
instanceKlass sun/nio/fs/DefaultFileSystemProvider
instanceKlass java/nio/file/FileSystems
instanceKlass java/nio/file/Path
instanceKlass java/nio/file/Watchable
instanceKlass jdk/internal/module/ArchivedBootLayer
instanceKlass jdk/internal/module/ModuleBootstrap$Counters
instanceKlass jdk/internal/module/ModuleLoaderMap$Modules
instanceKlass jdk/internal/module/ModuleLoaderMap
instanceKlass jdk/internal/module/ModulePatcher
instanceKlass jdk/internal/util/DecimalDigits
instanceKlass java/io/FileSystem
instanceKlass java/io/DefaultFileSystem
instanceKlass java/io/File
instanceKlass java/lang/module/ModuleDescriptor$1
instanceKlass jdk/internal/access/JavaLangModuleAccess
instanceKlass sun/invoke/util/VerifyAccess
instanceKlass java/util/KeyValueHolder
instanceKlass java/util/ImmutableCollections$MapN$MapNIterator
instanceKlass java/lang/StrictMath
instanceKlass java/lang/invoke/MethodHandles$Lookup
instanceKlass java/lang/invoke/MemberName$Factory
instanceKlass java/lang/invoke/MethodHandles
instanceKlass jdk/internal/module/ModuleBootstrap
instanceKlass java/util/HexFormat
instanceKlass jdk/internal/util/ClassFileDumper
instanceKlass java/lang/CharacterData
instanceKlass java/lang/invoke/MethodHandleStatics
instanceKlass java/util/Collections
instanceKlass java/lang/Thread$ThreadIdentifiers
instanceKlass sun/io/Win32ErrorMode
instanceKlass jdk/internal/misc/OSEnvironment
instanceKlass jdk/internal/misc/Signal$NativeHandler
instanceKlass java/util/Hashtable$Entry
instanceKlass jdk/internal/misc/Signal
instanceKlass java/lang/Terminator$1
instanceKlass jdk/internal/misc/Signal$Handler
instanceKlass java/lang/Terminator
instanceKlass java/nio/ByteOrder
instanceKlass java/nio/Buffer$2
instanceKlass jdk/internal/access/JavaNioAccess
instanceKlass java/nio/Buffer$1
instanceKlass jdk/internal/misc/ScopedMemoryAccess
instanceKlass java/nio/charset/CodingErrorAction
instanceKlass sun/nio/cs/SingleByte
instanceKlass java/lang/StringUTF16
instanceKlass sun/nio/cs/MS1252$Holder
instanceKlass sun/nio/cs/ArrayEncoder
instanceKlass java/nio/charset/CharsetEncoder
instanceKlass java/io/Writer
instanceKlass java/io/OutputStream
instanceKlass java/io/Flushable
instanceKlass java/io/FileDescriptor$1
instanceKlass jdk/internal/access/JavaIOFileDescriptorAccess
instanceKlass java/io/FileDescriptor
instanceKlass jdk/internal/util/StaticProperty
instanceKlass jdk/internal/reflect/MethodHandleAccessorFactory
instanceKlass java/lang/reflect/Modifier
instanceKlass jdk/internal/reflect/Reflection
instanceKlass java/lang/Class$Atomic
instanceKlass java/lang/Class$ReflectionData
instanceKlass java/nio/charset/StandardCharsets
instanceKlass sun/nio/cs/HistoricallyNamedCharset
instanceKlass java/util/Arrays
instanceKlass jdk/internal/util/Preconditions$3
instanceKlass jdk/internal/util/Preconditions$2
instanceKlass jdk/internal/util/Preconditions$4
instanceKlass java/util/function/BiFunction
instanceKlass jdk/internal/util/Preconditions$1
instanceKlass jdk/internal/util/Preconditions
instanceKlass java/nio/charset/spi/CharsetProvider
instanceKlass java/nio/charset/Charset
instanceKlass java/util/HashMap$HashIterator
instanceKlass java/util/concurrent/locks/LockSupport
instanceKlass java/util/concurrent/ConcurrentHashMap$Node
instanceKlass java/util/concurrent/ConcurrentHashMap$CounterCell
instanceKlass java/util/concurrent/locks/ReentrantLock
instanceKlass java/util/concurrent/locks/Lock
instanceKlass java/lang/Runtime
instanceKlass java/lang/VersionProps
instanceKlass java/lang/StringConcatHelper
instanceKlass jdk/internal/util/ArraysSupport
instanceKlass java/lang/StringLatin1
instanceKlass jdk/internal/util/SystemProps$Raw
instanceKlass jdk/internal/util/SystemProps
instanceKlass java/lang/System$1
instanceKlass jdk/internal/access/JavaLangAccess
instanceKlass java/lang/ref/ReferenceQueue$Lock
instanceKlass java/lang/ref/ReferenceQueue
instanceKlass java/lang/ref/Reference$1
instanceKlass jdk/internal/access/JavaLangRefAccess
instanceKlass java/lang/Math
instanceKlass java/io/ObjectStreamClass
instanceKlass jdk/internal/reflect/ReflectionFactory
instanceKlass jdk/internal/access/SharedSecrets
instanceKlass java/lang/reflect/ReflectAccess
instanceKlass jdk/internal/access/JavaLangReflectAccess
instanceKlass java/util/Objects
instanceKlass jdk/internal/misc/CDS
instanceKlass java/lang/Module$ArchivedData
instanceKlass jdk/internal/misc/VM
instanceKlass java/lang/String$CaseInsensitiveComparator
instanceKlass java/util/Comparator
instanceKlass java/io/ObjectStreamField
instanceKlass jdk/internal/math/FDBigInteger
instanceKlass java/lang/ModuleLayer
instanceKlass java/util/ImmutableCollections
instanceKlass jdk/internal/module/ModuleLoaderMap$Mapper
instanceKlass java/util/function/Function
instanceKlass java/lang/module/ResolvedModule
instanceKlass java/lang/module/Configuration
instanceKlass java/util/HashMap$Node
instanceKlass java/util/Map$Entry
instanceKlass java/util/Collections$UnmodifiableMap
instanceKlass jdk/internal/module/ModuleHashes
instanceKlass jdk/internal/module/ModuleTarget
instanceKlass java/lang/module/ModuleDescriptor$Provides
instanceKlass java/lang/module/ModuleDescriptor$Opens
instanceKlass jdk/internal/module/SystemModuleFinders$2
instanceKlass jdk/internal/module/ModuleHashes$HashSupplier
instanceKlass jdk/internal/module/SystemModuleFinders$1
instanceKlass java/util/function/Supplier
instanceKlass java/net/URI
instanceKlass java/lang/module/ModuleDescriptor$Exports
instanceKlass java/lang/module/ModuleDescriptor$Requires
instanceKlass java/lang/module/ModuleDescriptor$Version
instanceKlass java/lang/module/ModuleDescriptor
instanceKlass java/lang/module/ModuleReference
instanceKlass java/util/Set
instanceKlass jdk/internal/module/SystemModuleFinders$SystemModuleFinder
instanceKlass java/lang/module/ModuleFinder
instanceKlass jdk/internal/module/ArchivedModuleGraph
instanceKlass sun/util/locale/BaseLocale
instanceKlass java/util/jar/Attributes$Name
instanceKlass java/lang/Character$CharacterCache
instanceKlass java/lang/Short$ShortCache
instanceKlass java/lang/Byte$ByteCache
instanceKlass java/lang/Long$LongCache
instanceKlass java/lang/Integer$IntegerCache
instanceKlass jdk/internal/vm/FillerObject
instanceKlass jdk/internal/vm/vector/VectorSupport$VectorPayload
instanceKlass jdk/internal/vm/vector/VectorSupport
instanceKlass java/lang/reflect/RecordComponent
instanceKlass java/util/Iterator
instanceKlass java/lang/Void
instanceKlass java/lang/Number
instanceKlass java/lang/Character
instanceKlass java/lang/Boolean
instanceKlass java/util/concurrent/locks/AbstractOwnableSynchronizer
instanceKlass java/lang/LiveStackFrame
instanceKlass java/lang/ClassFrameInfo
instanceKlass java/lang/StackWalker$StackFrame
instanceKlass java/lang/StackStreamFactory$AbstractStackWalker
instanceKlass java/lang/StackWalker
instanceKlass java/nio/Buffer
instanceKlass java/lang/StackTraceElement
instanceKlass java/util/RandomAccess
instanceKlass java/util/List
instanceKlass java/util/SequencedCollection
instanceKlass java/util/AbstractCollection
instanceKlass java/util/Collection
instanceKlass java/lang/Iterable
instanceKlass java/util/concurrent/ConcurrentMap
instanceKlass java/util/AbstractMap
instanceKlass java/security/CodeSource
instanceKlass jdk/internal/loader/ClassLoaders
instanceKlass java/util/jar/Manifest
instanceKlass java/lang/Enum
instanceKlass java/net/URL
instanceKlass java/io/InputStream
instanceKlass java/io/Closeable
instanceKlass java/lang/AutoCloseable
instanceKlass jdk/internal/module/Modules
instanceKlass jdk/internal/misc/Unsafe
instanceKlass jdk/internal/misc/UnsafeConstants
instanceKlass java/lang/AbstractStringBuilder
instanceKlass java/lang/Appendable
instanceKlass java/lang/AssertionStatusDirectives
instanceKlass jdk/internal/foreign/abi/ABIDescriptor
instanceKlass jdk/internal/foreign/abi/NativeEntryPoint
instanceKlass java/lang/invoke/CallSite
instanceKlass java/lang/invoke/MethodType
instanceKlass java/lang/invoke/TypeDescriptor$OfMethod
instanceKlass java/lang/invoke/LambdaForm
instanceKlass java/lang/invoke/MethodHandleNatives
instanceKlass java/lang/invoke/ResolvedMethodName
instanceKlass java/lang/invoke/MemberName
instanceKlass java/lang/invoke/VarHandle
instanceKlass java/lang/invoke/MethodHandle
instanceKlass jdk/internal/reflect/ConstructorAccessorImpl
instanceKlass jdk/internal/reflect/ConstructorAccessor
instanceKlass jdk/internal/reflect/CallerSensitive
instanceKlass java/lang/annotation/Annotation
instanceKlass jdk/internal/reflect/ConstantPool
instanceKlass jdk/internal/reflect/MethodAccessorImpl
instanceKlass jdk/internal/reflect/MethodAccessor
instanceKlass jdk/internal/vm/StackChunk
instanceKlass jdk/internal/vm/Continuation
instanceKlass jdk/internal/vm/ContinuationScope
instanceKlass java/lang/reflect/Parameter
instanceKlass java/lang/reflect/Member
instanceKlass java/lang/reflect/AccessibleObject
instanceKlass java/lang/Module
instanceKlass java/util/Map
instanceKlass java/util/Dictionary
instanceKlass java/lang/ThreadGroup
instanceKlass java/lang/Thread$UncaughtExceptionHandler
instanceKlass java/lang/Thread$Constants
instanceKlass java/lang/Thread$FieldHolder
instanceKlass java/lang/Thread
instanceKlass java/lang/Runnable
instanceKlass java/lang/ref/Reference
instanceKlass java/lang/Record
instanceKlass java/security/ProtectionDomain
instanceKlass java/lang/Throwable
instanceKlass java/lang/System
instanceKlass java/lang/ClassLoader
instanceKlass java/lang/Cloneable
instanceKlass java/lang/Class
instanceKlass java/lang/invoke/TypeDescriptor$OfField
instanceKlass java/lang/invoke/TypeDescriptor
instanceKlass java/lang/reflect/Type
instanceKlass java/lang/reflect/GenericDeclaration
instanceKlass java/lang/reflect/AnnotatedElement
instanceKlass java/lang/String
instanceKlass java/lang/constant/ConstantDesc
instanceKlass java/lang/constant/Constable
instanceKlass java/lang/CharSequence
instanceKlass java/lang/Comparable
instanceKlass java/io/Serializable
ciInstanceKlass java/lang/Object 1 1 115 7 1 10 12 1 1 10 7 12 1 1 1 10 7 12 1 1 1 10 12 1 1 8 1 10 12 1 1 10 7 12 1 1 1 10 12 1 10 12 1 1 100 1 8 1 10 12 1 10 7 12 1 1 1 7 1 10 12 1 7 1 10 12 1 1 8 1 3 8 1 100 1 5 0 1 1 1 1 1 1 1 1 1 1 1 1 1 1 1 1 7 1 1 1 1 1 1 1 1 1 1 1 1 1 7 1 1 1 1 1 1 3 1 1
ciInstanceKlass java/io/Serializable 1 0 7 100 1 100 1 1 1
ciInstanceKlass java/lang/System 1 1 591 10 100 12 1 1 1 10 7 12 1 1 1 10 12 1 1 10 12 1 9 12 1 1 10 7 12 1 1 1 11 100 12 1 1 1 10 100 12 1 1 1 10 12 1 1 100 1 8 1 10 12 1 9 12 1 1 9 12 1 1 10 7 12 1 1 1 10 7 12 1 1 1 10 12 1 1 10 12 1 10 7 12 1 1 1 10 12 1 10 12 1 1 7 1 10 12 1 1 100 1 8 1 10 10 12 1 1 100 1 8 1 10 10 7 12 1 1 10 12 10 7 12 1 1 10 7 12 1 1 1 100 1 8 1 10 10 7 12 1 1 1 10 7 12 1 1 1 100 1 10 100 12 1 1 1 10 12 1 1 10 7 12 1 1 1 10 12 1 1 10 12 1 10 12 1 8 1 10 12 1 1 10 12 1 1 8 1 10 12 1 7 1 7 1 10 12 1 9 7 12 1 1 1 10 7 12 1 1 1 10 12 1 10 12 1 10 7 12 1 1 1 100 1 8 1 10 9 12 1 1 9 12 1 10 12 1 10 100 12 1 1 10 12 1 10 12 1 1 100 1 10 8 1 10 12 1 1 10 12 1 10 12 1 1 10 12 1 1 8 1 11 7 12 1 1 10 12 11 12 1 1 11 7 12 1 1 1 11 7 12 1 1 11 12 1 1 7 1 11 12 1 10 12 1 8 1 10 12 1 1 8 1 8 1 8 1 8 1 11 12 1 10 12 1 1 10 12 1 10 12 1 8 1 10 12 1 1 8 1 9 12 1 8 1 10 7 12 1 1 8 1 7 1 9 7 12 1 1 1 10 12 1 7 1 9 12 10 9 12 7 1 10 12 9 12 1 1 8 1 10 12 1 1 8 1 9 12 1 10 7 12 1 1 10 12 1 10 12 1 1 11 7 12 1 1 10 12 10 7 12 1 1 1 9 12 1 1 100 1 100 1 8 1 10 12 1 1 10 12 1 8 1 8 1 10 8 1 8 1 8 1 8 1 8 1 10 8 1 10 7 12 1 1 1 10 7 12 1 1 1 10 12 1 1 7 1 10 10 12 1 10 12 1 9 12 1 1 1 1 1 1 1 1 1 1 1 1 100 1 1 7 1 1 1 1 1 1 1 1 1 1 3 1 1 1 1 1 1 1 1 1 1 1 1 1 1 1 1 1 1 1 1 1 1 1 1 1 1 1 1 1 1 1 1 1 1 1 1 1 1 1 1 1 1 1 1 1 1 1 1 1 1 1 100 1 1 1 1 1 1 1 1 1 1 1 1 1 1 1 1 1 1 1 1 1 1 1 1 1 100 1 100 1 1 1 1 1 1 1 1
staticfield java/lang/System in Ljava/io/InputStream; java/io/BufferedInputStream
staticfield java/lang/System out Ljava/io/PrintStream; java/io/PrintStream
staticfield java/lang/System err Ljava/io/PrintStream; java/io/PrintStream
instanceKlass java/security/Provider
instanceKlass java/security/Security$1
ciInstanceKlass java/util/Properties 1 1 690 10 7 12 1 1 1 100 1 10 7 12 1 1 7 1 10 12 1 9 12 1 1 9 12 1 1 9 12 1 1 10 7 12 1 1 1 10 12 1 1 8 1 10 7 12 1 1 1 7 1 10 12 1 10 12 1 1 8 1 10 12 1 7 1 10 12 10 12 1 1 9 12 1 1 10 12 1 1 7 1 10 12 1 10 12 1 10 12 1 1 100 1 8 1 10 12 1 10 12 1 10 12 1 1 10 12 1 100 1 3 10 10 100 12 1 1 1 10 12 1 10 12 1 1 8 1 10 12 1 10 12 1 1 8 1 10 100 12 1 1 10 12 1 1 10 12 1 10 12 1 1 100 1 10 12 1 10 12 1 1 100 1 9 100 12 1 1 1 10 12 1 10 12 1 1 10 12 1 1 10 12 1 1 100 1 9 12 1 1 7 1 100 1 10 12 1 100 1 11 7 12 1 1 1 11 12 1 1 11 100 12 1 1 1 11 7 12 1 1 1 11 12 1 1 11 12 1 11 12 1 10 12 1 1 8 1 10 12 1 10 100 12 1 1 10 12 1 100 1 10 10 12 1 10 12 1 100 1 10 10 12 1 1 10 100 12 1 1 9 100 12 1 1 10 12 1 1 10 100 12 1 1 1 100 1 100 1 100 1 10 8 1 8 1 10 12 1 10 12 1 10 12 1 1 10 10 12 1 1 10 12 1 1 7 1 10 10 12 1 11 7 12 1 1 10 7 12 1 1 1 8 1 10 100 12 1 1 11 11 7 1 8 1 10 100 1 11 10 12 1 10 10 12 1 10 12 1 1 10 12 1 1 10 12 1 1 10 12 1 10 12 1 10 10 12 1 10 12 1 10 12 1 10 10 12 1 1 10 12 1 1 10 10 12 1 10 12 1 10 12 1 10 12 1 10 12 1 1 10 12 1 1 10 12 1 10 12 1 10 12 1 1 10 12 10 12 1 1 10 12 1 1 10 12 1 10 12 1 1 10 12 1 1 10 12 10 11 12 1 4 11 10 12 1 1 10 100 12 1 1 11 12 1 10 12 1 1 10 100 12 1 1 10 12 1 100 1 8 1 10 12 1 10 10 100 12 1 1 1 100 1 6 0 10 12 1 1 11 100 12 1 1 1 10 12 1 10 12 1 1 1 1 1 5 0 1 1 1 1 1 1 1 1 1 1 1 1 1 1 1 1 1 1 1 1 1 1 1 1 1 1 1 1 1 1 1 1 1 1 1 1 1 1 1 100 1 1 1 1 1 1 1 1 1 1 1 1 1 1 1 1 1 1 1 1 100 1 1 1 1 1 1 1 1 1 1 1 1 100 1 100 1 1 1 1 1 100 1 1 1 1 1 1 1 1 1 1 1 1 1 1 1 1 1 1 1 1 1 1 1 1 1 1 1 1 1 1 1 1 1 1 1 1 1 1 1 1 1 1 1 1 1 1 1 1 1 1 1 1 1 1 1 1 1 1 1 1 1 1 1 1 1 1 1 1 1 1 1 1 1 1 1 1 1 100 1 1 1 1 1 1 1 1 1 1 1 100 1 1
staticfield java/util/Properties UNSAFE Ljdk/internal/misc/Unsafe; jdk/internal/misc/Unsafe
instanceKlass java/util/Hashtable
ciInstanceKlass java/util/Dictionary 1 1 36 10 7 12 1 1 1 100 1 1 1 1 1 1 1 1 1 1 1 1 1 1 1 1 1 1 1 1 1 1 1 1 1 1 1 1
instanceKlass org/apache/commons/logging/impl/WeakHashtable
instanceKlass javax/swing/UIDefaults
instanceKlass java/util/Properties
ciInstanceKlass java/util/Hashtable 1 1 516 100 1 10 7 12 1 1 1 9 7 12 1 1 1 100 1 100 1 10 8 1 10 12 1 1 10 12 1 10 12 1 1 10 12 1 10 7 12 1 1 1 8 1 10 12 1 9 12 1 1 7 1 9 12 1 1 4 10 7 12 1 1 1 9 12 1 4 10 12 1 11 100 12 1 1 1 10 12 1 1 10 12 1 1 9 12 1 10 12 1 1 100 1 10 9 12 1 1 10 7 12 1 1 1 9 12 1 1 10 12 1 10 12 1 3 9 12 1 9 12 1 3 10 12 1 10 12 1 10 12 1 1 11 12 1 1 11 100 12 1 1 1 11 100 12 1 1 1 11 12 1 100 1 11 12 1 11 12 1 10 12 1 1 10 12 1 1 10 12 1 9 12 1 1 9 12 9 12 1 1 10 100 1 100 1 10 12 1 10 8 1 10 10 12 1 8 1 10 8 1 10 7 12 1 1 1 7 1 10 12 1 10 12 1 100 1 10 12 1 10 12 1 1 7 1 10 100 1 10 10 12 1 1 11 12 1 1 11 12 1 100 1 10 10 10 100 12 1 1 11 100 12 1 1 1 100 1 10 11 100 12 1 1 11 100 12 1 10 12 1 10 12 1 1 10 100 12 1 1 10 12 1 1 10 12 1 1 10 12 1 1 10 100 12 1 1 1 8 10 100 12 1 1 100 1 8 1 10 4 4 10 12 1 1 10 12 1 8 1 4 10 12 10 100 12 1 1 1 100 1 11 100 12 1 1 1 10 100 12 1 1 1 10 12 1 10 12 1 1 10 100 1 100 1 1 1 1 1 1 5 0 1 1 1 1 1 3 1 3 1 3 1 1 1 1 1 1 1 1 1 1 1 1 1 1 1 1 1 1 1 1 1 1 1 1 1 100 1 1 1 1 1 1 1 1 1 1 1 1 1 1 1 1 1 1 1 1 1 1 1 1 1 1 1 1 1 100 1 1 1 1 1 1 1 1 1 1 1 1 1 1 100 1 1 1 1 1 1 1 1 1 1 1 1 1 1 1 1 1 1 1 1 1 1 1 1 1 1 1 1 1 1 1 1 1 1 1 1 1 1 1 1 1 1 1 1 100 1 1 1 100 1 1 1 1 1 100 1 1 1 1 1 1 1 1 1 1 1 1 1 1 1 1 1 1
ciInstanceKlass java/util/Map 1 1 263 11 7 12 1 1 1 11 12 1 1 10 7 12 1 1 11 12 1 1 11 7 12 1 1 1 11 100 12 1 1 1 11 12 1 1 7 1 11 12 1 11 12 1 100 1 100 1 10 12 1 1 11 100 12 1 1 1 11 100 12 1 1 1 11 12 1 11 12 1 10 12 1 1 11 12 1 11 7 12 1 9 7 12 1 1 1 7 1 10 12 7 1 7 1 10 12 1 7 1 10 7 1 11 12 1 11 12 1 1 11 12 1 1 7 1 11 12 1 1 1 1 1 1 1 1 1 1 1 1 1 1 1 1 1 1 1 1 1 1 1 1 1 1 1 1 1 1 1 1 1 1 1 1 1 1 1 1 1 1 1 1 1 1 1 1 1 1 1 1 1 1 1 1 1 1 1 1 1 1 1 1 1 1 1 1 1 1 1 1 1 1 1 1 1 1 1 1 1 1 1 1 1 1 1 1 1 1 1 1 1 1 1 1 1 1 1 1 1 1 1 1 1 1 1 1 1 1 1 1 1 1 1 1 1 1 1 1 1 1 1 1 1 1 100 1 1 1 1 1 1 1 1 1 1 1 1 1 1 1 1 1 1
ciInstanceKlass java/lang/String 1 1 1471 10 7 12 1 1 1 8 1 9 7 12 1 1 1 9 12 1 1 9 12 1 1 9 12 1 1 10 12 1 10 12 1 1 10 12 1 1 9 12 1 10 7 12 1 1 1 10 12 1 1 10 12 1 10 7 12 1 1 1 10 12 1 1 10 12 1 1 10 12 1 10 12 1 1 10 12 1 10 7 12 1 1 1 7 1 9 7 12 1 1 1 10 7 12 1 1 1 10 12 1 1 10 12 1 1 10 7 12 1 1 1 10 12 1 1 9 7 12 1 1 10 12 9 7 12 1 1 10 12 1 1 3 10 12 1 1 7 1 11 12 1 1 11 12 1 11 12 1 1 10 7 12 1 1 1 10 12 1 1 9 7 12 1 1 1 10 12 1 1 10 12 1 11 12 1 1 10 12 1 10 12 10 12 1 1 100 1 100 1 10 12 1 10 12 1 10 7 12 1 1 1 10 12 1 1 100 1 10 12 1 1 100 1 10 12 1 1 10 12 1 1 10 12 1 10 10 12 1 100 1 100 1 100 1 10 12 1 10 12 1 1 10 12 1 1 10 12 1 10 12 1 1 10 12 1 1 10 100 12 1 1 100 1 11 10 7 12 1 1 11 12 1 11 12 1 10 12 1 10 12 1 10 12 10 12 1 1 10 10 7 12 1 1 1 10 7 12 1 1 10 12 1 1 10 7 12 1 1 10 12 1 10 12 1 1 10 12 1 1 10 12 1 10 12 1 10 12 1 1 100 1 10 12 1 1 10 12 10 12 1 10 12 1 1 10 12 1 1 10 100 12 1 1 1 10 12 1 10 12 1 1 10 12 1 10 12 1 3 3 10 12 1 1 10 12 1 10 12 1 1 10 12 1 1 10 12 1 1 10 12 1 10 12 1 1 10 12 1 1 10 12 1 10 12 1 10 12 1 10 12 1 1 10 12 1 10 12 1 10 12 1 10 12 1 10 12 1 10 12 1 10 100 1 10 8 1 10 12 1 1 10 12 1 8 1 10 12 1 1 10 12 10 12 1 8 1 10 10 12 1 1 10 12 1 1 7 1 5 0 100 1 8 1 10 10 12 1 1 5 0 5 0 5 0 10 12 1 1 10 100 1 10 10 12 1 10 12 1 10 12 1 10 10 12 1 10 12 1 10 12 1 10 12 1 10 12 1 10 12 1 10 12 1 1 10 12 1 1 10 12 1 1 10 10 12 1 1 10 10 12 1 100 1 10 9 100 12 1 1 1 11 100 12 1 1 1 10 12 1 1 10 12 1 1 10 7 1 10 12 1 10 12 1 10 7 12 1 1 1 10 12 1 10 12 1 1 10 12 1 11 7 1 11 12 10 12 1 10 12 1 1 10 12 1 1 10 10 12 1 10 12 1 9 12 1 1 11 7 12 1 1 1 10 12 10 10 12 1 10 12 1 1 10 10 12 1 10 12 1 10 12 1 1 10 12 1 1 10 10 12 1 1 10 10 7 12 1 1 1 10 12 1 10 12 1 10 12 10 10 12 10 10 12 1 10 12 1 10 10 12 10 12 1 1 10 12 10 10 12 10 12 1 10 12 10 12 10 10 12 1 10 12 1 1 10 12 1 1 10 10 12 1 10 7 12 1 1 1 10 12 1 1 10 10 7 12 1 1 1 11 10 12 1 10 12 1 1 10 12 1 1 10 100 12 1 1 1 10 12 1 10 12 1 10 12 1 10 12 1 10 12 1 10 12 1 100 1 10 10 12 1 10 12 1 1 8 1 10 12 1 3 3 10 12 1 10 12 1 1 10 12 7 1 10 10 12 1 1 10 12 10 12 1 10 12 1 10 12 1 1 10 12 1 1 11 7 12 1 1 1 7 1 10 12 1 10 12 1 1 8 1 10 12 1 1 10 12 1 11 100 12 1 1 1 11 100 12 1 1 11 12 1 10 12 1 10 12 1 1 10 10 7 12 1 1 1 10 12 1 10 12 1 10 10 12 10 12 1 1 10 10 12 1 10 10 12 1 10 10 12 1 10 10 12 1 10 12 1 1 10 10 12 1 8 1 10 12 1 1 18 12 1 1 11 100 12 1 1 1 3 18 12 1 18 12 1 8 1 10 100 12 1 1 1 11 12 1 1 10 12 10 10 12 1 10 11 12 1 1 10 12 1 1 11 12 1 18 3 11 10 11 11 10 12 1 10 12 1 1 8 1 10 12 1 10 12 1 10 12 1 1 10 10 12 1 11 100 12 1 100 1 100 1 10 12 7 1 10 10 7 12 1 1 1 100 1 10 7 1 10 10 12 1 10 10 12 1 8 1 10 10 12 1 8 1 8 1 10 12 1 10 12 1 10 10 12 10 7 12 1 1 10 100 12 1 1 10 7 12 1 1 8 1 10 12 1 10 12 1 10 9 12 1 10 12 9 7 12 1 1 1 10 12 1 10 12 1 10 12 1 10 12 10 12 1 10 12 1 8 1 10 100 12 1 1 1 10 12 10 12 1 1 10 12 10 12 10 12 7 1 9 12 1 1 7 1 10 100 1 100 1 100 1 100 1 1 1 1 1 1 5 0 1 1 1 1 1 3 1 3 1 1 1 1 1 1 1 1 1 1 1 1 1 1 1 100 1 1 1 1 1 1 1 1 1 1 1 1 1 1 1 1 1 1 1 1 1 1 1 1 1 1 1 1 1 1 1 100 1 1 1 1 1 1 1 1 1 1 1 1 100 1 1 1 1 1 1 1 1 1 1 1 1 1 1 1 1 1 1 1 1 1 1 1 1 1 1 1 1 1 1 1 1 1 1 1 1 1 1 1 1 1 1 1 1 1 1 1 1 1 1 1 1 1 1 1 1 1 1 1 1 1 1 1 1 1 1 1 1 1 1 1 1 1 1 1 1 1 1 1 1 1 1 1 1 1 1 1 1 1 1 1 1 1 1 1 1 1 1 1 1 1 1 1 1 1 1 1 1 1 1 1 1 1 1 1 1 1 1 1 1 1 1 1 1 1 1 1 1 1 1 1 1 1 1 1 1 1 1 1 1 1 1 1 1 1 1 1 1 1 1 1 1 1 1 1 1 1 1 1 1 1 1 1 1 1 1 1 1 1 1 1 1 1 1 1 1 1 1 1 100 1 1 1 1 1 1 1 1 1 1 1 1 1 1 1 1 1 1 1 1 1 1 1 100 1 1 1 1 1 1 1 1 1 1 1 1 1 1 1 100 1 1 1 1 1 1 1 1 1 1 1 1 1 1 1 16 15 10 12 16 15 10 12 15 10 12 15 10 12 15 10 100 12 1 1 1 1 100 1 1 1 1 1 100 1 100 1 1 1
staticfield java/lang/String COMPACT_STRINGS Z 1
staticfield java/lang/String serialPersistentFields [Ljava/io/ObjectStreamField; 0 [Ljava/io/ObjectStreamField;
staticfield java/lang/String CASE_INSENSITIVE_ORDER Ljava/util/Comparator; java/lang/String$CaseInsensitiveComparator
ciInstanceKlass java/lang/Comparable 1 0 12 100 1 100 1 1 1 1 1 1 1 1
ciInstanceKlass java/lang/CharSequence 1 1 131 11 7 12 1 1 1 18 12 1 1 100 1 10 100 12 1 1 1 18 10 100 12 1 1 1 11 12 1 1 11 100 1 11 12 1 1 10 100 12 1 1 1 11 12 1 1 100 1 10 12 1 1 10 100 12 1 1 1 100 1 10 10 12 1 1 100 1 1 1 1 1 1 1 1 1 1 1 1 1 1 1 1 1 1 1 1 1 1 1 1 1 1 1 1 1 1 1 1 1 16 1 15 11 12 16 15 11 12 15 10 100 12 1 1 1 1 1 100 1 100 1 1 100 1 1 100 1 100 1 1
ciInstanceKlass java/lang/constant/Constable 1 0 11 100 1 100 1 1 1 1 1 1 1
ciInstanceKlass java/lang/constant/ConstantDesc 1 0 37 100 1 100 1 1 1 1 100 1 1 1 1 100 1 100 1 100 1 100 1 100 1 100 1 100 1 100 1 100 1 1 100 1 100 1 1
ciInstanceKlass java/lang/AutoCloseable 1 0 12 100 1 100 1 1 1 1 100 1 1 1
ciInstanceKlass java/io/Closeable 1 0 14 100 1 100 1 100 1 1 1 1 100 1 1 1
ciInstanceKlass java/lang/Appendable 1 0 14 100 1 100 1 1 1 1 100 1 1 1 1 1
ciInstanceKlass java/util/Iterator 1 1 53 100 1 8 1 10 12 1 1 10 7 12 1 1 1 11 7 12 1 1 1 11 12 1 1 11 7 12 1 1 1 100 1 1 1 1 1 1 1 1 1 1 1 1 1 1 1 1 1 1 1 1 1
instanceKlass com/sun/imageio/plugins/common/InputStreamAdapter
instanceKlass java/io/SequenceInputStream
instanceKlass com/sun/org/apache/xerces/internal/impl/XMLEntityManager$RewindableInputStream
instanceKlass java/io/ObjectInputStream$PeekInputStream
instanceKlass java/io/ObjectInputStream$BlockDataInputStream
instanceKlass java/io/ObjectInputStream
instanceKlass sun/security/ssl/SSLSocketImpl$AppInputStream
instanceKlass com/mysql/cj/protocol/a/CompressedInputStream
instanceKlass sun/nio/ch/NioSocketImpl$1
instanceKlass java/net/Socket$SocketInputStream
instanceKlass sun/nio/ch/ChannelInputStream
instanceKlass com/mysql/cj/protocol/ReadAheadInputStream
instanceKlass java/util/zip/ZipFile$ZipFileInputStream
instanceKlass java/io/FilterInputStream
instanceKlass java/io/FileInputStream
instanceKlass java/io/ByteArrayInputStream
ciInstanceKlass java/io/InputStream 1 1 197 100 1 10 7 12 1 1 1 100 1 10 10 7 12 1 1 1 10 7 12 1 1 1 10 12 1 100 1 100 1 3 10 12 1 1 100 1 8 1 10 12 1 10 7 12 1 1 1 3 100 1 8 1 10 10 7 12 1 1 1 7 1 10 11 7 12 1 1 1 10 12 1 1 11 12 1 1 11 7 12 1 1 1 11 12 1 1 7 1 10 7 12 1 1 1 5 0 10 12 1 10 12 1 1 100 1 10 8 1 10 8 1 8 1 10 12 1 1 10 100 12 1 1 1 100 1 5 0 10 12 1 100 1 100 1 1 1 1 3 1 3 1 1 1 1 1 1 1 1 1 1 1 1 1 1 1 1 1 1 1 1 1 1 1 1 1 1 1 1 1 1 1 1 1 1 1 1 1 1 1 1 1 1 1 1 1 1 1 1 1 1 1 1 1 1 1
instanceKlass net/sf/jasperreports/engine/util/JRClassLoader
instanceKlass java/security/SecureClassLoader
ciInstanceKlass java/lang/ClassLoader 1 1 1057 9 7 12 1 1 1 10 7 12 1 1 1 9 12 1 1 10 7 12 1 1 1 7 1 10 12 1 1 10 12 1 1 9 12 1 1 10 12 1 1 100 1 10 12 1 10 12 1 1 10 7 12 1 1 1 100 1 8 1 10 12 1 10 7 1 10 7 1 7 1 7 1 10 12 1 10 12 1 9 12 1 1 10 10 7 12 1 1 1 9 12 1 1 9 12 1 9 12 1 1 9 12 1 9 12 1 1 9 12 1 1 7 1 10 12 1 9 12 1 1 10 12 1 1 10 7 12 1 1 1 9 12 1 9 12 1 1 9 12 1 10 12 1 1 9 12 10 12 1 1 7 1 10 8 1 10 12 1 1 10 12 1 10 7 1 7 1 10 7 12 1 1 1 10 7 12 1 1 1 8 1 10 12 1 10 12 1 10 12 1 1 10 12 1 1 10 12 1 1 10 12 1 1 10 12 1 1 10 12 1 100 1 10 12 1 10 100 12 1 1 1 10 12 1 1 10 12 1 10 12 1 10 12 1 10 12 1 10 12 1 1 10 10 12 1 10 12 1 10 10 12 1 1 10 12 1 1 100 1 8 1 10 8 1 10 12 1 10 12 1 100 1 8 1 10 12 1 1 10 12 1 1 10 10 12 1 1 10 12 1 1 10 12 1 1 10 7 1 10 12 1 10 12 1 1 10 12 1 1 10 12 1 1 10 12 1 1 10 12 1 1 10 12 1 1 10 12 1 1 10 7 12 1 1 1 10 12 1 10 12 1 10 12 1 1 10 12 1 10 12 1 10 12 1 10 12 1 1 10 12 1 10 12 1 1 8 1 9 12 1 10 12 1 1 8 1 8 1 10 7 12 1 1 100 1 10 10 12 10 12 1 10 12 1 10 12 1 10 12 1 1 10 7 12 1 1 10 12 1 10 7 1 7 1 10 12 1 1 10 12 1 10 7 1 10 12 1 100 1 18 12 1 10 100 12 1 1 1 10 100 12 1 1 1 10 7 12 1 1 10 12 1 10 12 1 100 1 10 12 1 8 1 10 10 12 1 1 10 12 1 10 12 1 1 100 1 10 12 1 1 10 100 12 1 1 10 12 1 10 7 12 1 1 10 12 1 8 1 100 1 10 10 12 1 9 12 1 10 7 12 1 1 10 12 1 100 1 8 1 10 12 1 10 8 1 8 1 10 12 1 1 10 12 1 1 10 12 1 1 10 100 12 1 1 100 1 100 1 10 12 1 1 100 1 100 1 10 100 12 1 1 10 12 1 10 12 1 10 12 1 10 12 1 10 12 1 1 10 12 1 8 1 7 1 18 12 1 1 10 12 1 1 10 12 1 10 12 1 10 12 1 8 1 10 12 1 10 12 1 18 12 1 11 100 12 1 1 1 100 1 10 12 1 1 10 12 1 10 11 12 1 1 10 18 10 12 1 1 11 100 12 1 18 12 1 11 12 1 1 10 12 1 10 12 1 1 10 12 1 1 100 1 8 1 10 10 12 1 8 1 8 1 10 100 12 1 1 10 12 1 100 1 10 10 12 1 8 1 8 1 8 1 10 12 1 10 12 1 10 12 1 1 10 12 1 1 10 12 1 10 100 12 1 1 1 11 100 12 1 1 100 1 10 11 10 12 1 10 12 1 10 12 1 1 9 100 12 1 1 9 12 1 1 9 12 9 12 1 9 12 1 9 12 1 8 10 12 1 1 10 7 12 1 1 1 10 12 1 1 10 12 1 1 10 12 1 10 10 12 1 11 12 1 1 10 100 12 1 1 1 100 1 10 12 1 10 12 1 10 12 1 1 1 1 1 1 1 1 1 1 1 1 1 1 1 1 1 1 1 1 1 1 1 1 1 1 100 1 1 1 1 1 1 1 1 1 1 1 1 1 1 1 1 1 1 1 1 1 1 1 1 1 100 1 1 1 1 1 1 1 1 1 1 1 1 1 1 1 1 1 1 1 1 1 1 1 1 1 1 1 1 1 1 1 1 1 1 1 1 1 1 1 1 1 1 1 100 1 1 1 1 1 1 1 1 1 1 1 1 1 1 1 1 1 1 1 1 1 100 1 1 1 1 1 1 1 1 1 1 1 1 1 1 1 1 1 1 1 1 1 1 1 1 1 1 1 1 1 1 1 1 1 1 1 1 1 1 1 1 1 1 1 1 100 1 1 1 1 1 1 1 1 1 1 1 1 1 1 1 1 1 1 1 1 1 1 1 1 1 1 1 1 1 1 1 1 1 1 1 1 1 1 1 1 1 1 1 1 1 1 1 1 1 1 1 16 1 15 10 12 16 1 16 15 10 12 16 1 16 1 15 10 12 16 15 10 12 16 15 10 12 16 15 10 100 12 1 1 1 1 1 100 1 100 1 1
staticfield java/lang/ClassLoader nocerts [Ljava/security/cert/Certificate; 0 [Ljava/security/cert/Certificate;
staticfield java/lang/ClassLoader $assertionsDisabled Z 1
instanceKlass java/util/logging/LogManager$Cleaner
instanceKlass sun/awt/image/ImageFetcher
instanceKlass java/util/concurrent/ForkJoinWorkerThread
instanceKlass java/awt/EventDispatchThread
instanceKlass jdk/internal/misc/InnocuousThread
instanceKlass java/lang/ref/Finalizer$FinalizerThread
instanceKlass java/lang/ref/Reference$ReferenceHandler
instanceKlass java/lang/BaseVirtualThread
ciInstanceKlass java/lang/Thread 1 1 759 10 7 12 1 1 1 9 12 1 1 10 7 12 1 1 10 12 1 10 100 12 1 1 100 1 8 1 10 12 1 1 9 12 1 1 9 12 1 9 12 1 1 100 1 10 12 1 1 10 12 1 100 1 10 12 10 12 1 1 9 12 1 1 10 12 1 100 1 10 12 1 10 12 1 1 10 12 1 1 10 12 1 10 12 1 1 100 1 8 1 10 9 100 12 1 1 1 10 12 1 1 10 3 8 1 100 1 5 0 10 7 12 1 1 1 9 12 1 10 12 1 1 10 7 1 100 1 8 1 10 7 1 10 12 1 9 12 1 1 10 12 1 1 10 12 1 1 10 7 12 1 1 10 12 1 10 12 1 10 7 12 1 1 5 0 9 12 1 10 7 12 1 1 1 10 12 1 1 9 12 1 1 9 12 1 1 10 7 12 1 1 10 7 12 1 1 1 10 12 1 10 12 1 1 9 12 1 1 10 7 12 1 1 9 12 1 8 1 9 100 12 1 1 1 5 0 100 1 10 100 1 10 100 1 10 100 1 10 8 1 10 12 1 1 10 100 12 1 10 12 1 10 12 1 100 1 8 1 10 10 12 1 10 12 1 1 10 100 12 1 1 1 10 100 12 1 1 1 10 12 1 7 1 9 12 1 1 100 1 10 10 12 1 9 12 1 1 10 12 1 1 10 12 1 1 10 12 1 10 12 1 9 12 1 1 10 10 12 1 1 10 12 1 1 11 7 12 1 1 10 7 12 1 1 9 12 1 9 12 1 1 9 12 1 1 10 100 12 1 1 10 12 1 1 9 7 12 1 1 1 10 7 12 1 1 10 12 1 10 12 1 100 1 10 9 12 1 1 10 12 1 11 100 12 1 1 11 12 1 10 12 1 10 12 1 10 12 1 9 12 1 10 10 12 1 10 12 1 1 9 12 1 9 12 10 12 1 8 1 10 12 1 10 12 1 10 12 1 10 12 1 10 12 1 1 10 12 1 10 12 1 1 10 100 12 1 1 10 12 1 10 12 1 10 12 1 10 12 1 1 9 7 12 1 1 1 8 1 10 9 12 1 10 12 1 100 1 8 1 10 10 12 1 8 1 10 12 1 1 9 12 8 1 10 10 12 1 10 12 1 8 1 10 12 1 10 8 1 9 12 1 1 10 12 1 1 10 10 12 1 10 12 1 100 10 7 12 1 1 1 10 12 1 1 10 12 1 1 10 100 12 1 1 1 11 100 12 1 1 1 10 12 1 1 9 12 1 10 12 1 10 12 1 1 11 100 12 1 1 1 10 12 1 1 1 1 3 1 3 1 3 1 3 1 1 1 1 1 1 1 1 1 1 1 1 1 1 1 1 1 1 1 1 1 1 100 1 1 1 1 1 1 1 1 1 1 1 1 1 1 1 1 1 1 100 1 1 1 1 1 1 1 1 1 1 1 1 1 1 1 100 1 1 1 1 1 1 1 1 1 1 1 1 1 1 1 1 1 1 1 1 1 1 1 1 1 1 1 1 1 1 1 1 1 1 1 1 1 1 1 1 1 1 1 1 1 1 1 1 1 1 1 1 1 1 1 1 1 1 1 1 1 1 1 1 1 1 1 1 1 1 100 100 1 1 1 1 1 1 1 1 1 1 1 1 1 1 1 1 1 1 1 1 1 1 1 100 1 100 1 100 1 1 100 1 1 1 1 1 1 1 1 1 1 1 1 1 1
staticfield java/lang/Thread NEW_THREAD_BINDINGS Ljava/lang/Object; java/lang/Class
staticfield java/lang/Thread EMPTY_STACK_TRACE [Ljava/lang/StackTraceElement; 0 [Ljava/lang/StackTraceElement;
ciInstanceKlass java/lang/Runnable 1 0 11 100 1 100 1 1 1 1 1 1 1
ciInstanceKlass java/lang/Class 1 1 1647 10 7 12 1 1 1 10 7 12 1 1 9 12 1 1 9 12 1 1 10 12 1 1 8 1 10 12 1 8 1 8 1 10 12 1 1 10 7 12 1 1 1 10 12 1 7 1 10 10 12 1 10 12 1 1 10 12 1 1 10 12 1 1 10 7 12 1 1 10 12 1 10 12 1 10 12 1 1 10 12 1 8 1 10 12 1 8 1 10 12 1 8 1 8 1 10 12 1 1 10 7 12 1 1 1 18 12 1 1 11 7 12 1 1 1 8 1 8 1 8 1 10 7 12 1 1 1 11 12 1 1 8 1 10 12 1 10 10 12 1 1 10 12 1 8 1 10 12 1 1 8 1 10 12 1 10 12 1 1 11 100 12 1 1 1 11 100 12 1 1 1 11 8 1 18 8 1 10 12 1 10 7 12 1 1 10 12 1 1 10 7 12 1 1 1 10 12 1 1 10 12 1 1 10 7 12 1 1 1 10 7 12 1 10 12 1 1 10 7 1 10 12 1 8 1 10 8 1 8 1 8 1 8 1 8 1 8 1 8 1 8 1 9 100 12 1 1 9 100 1 9 100 1 9 100 1 9 100 1 9 100 1 9 100 1 9 100 1 9 100 1 9 12 1 1 100 1 8 1 10 12 1 10 12 1 1 100 1 10 12 1 1 10 7 12 1 1 1 10 7 12 1 1 1 7 1 100 1 10 10 12 1 1 10 12 1 1 100 1 10 100 12 1 1 1 10 12 1 1 10 12 1 1 9 12 1 1 10 12 1 9 12 1 1 9 12 1 1 10 12 1 1 10 100 1 10 12 1 10 12 1 1 10 9 12 1 10 12 1 8 1 10 12 1 1 10 12 1 1 10 12 1 10 12 1 10 12 1 1 10 12 1 9 7 12 1 1 1 10 7 12 1 1 10 12 1 10 12 1 10 12 1 10 12 1 9 100 12 1 1 1 9 12 1 10 12 1 10 100 12 1 1 1 9 12 1 1 10 7 10 12 1 1 10 100 12 1 1 10 12 1 10 12 1 1 10 100 12 1 1 1 10 12 1 10 12 1 1 10 12 1 10 12 1 10 12 1 1 10 7 1 10 10 12 1 1 10 12 1 1 10 12 10 10 12 1 1 100 1 8 1 10 10 12 1 1 10 12 1 100 1 11 12 1 10 12 1 10 12 1 10 100 12 1 1 10 10 12 1 1 8 1 10 12 1 8 1 9 12 1 10 12 1 10 12 1 10 12 1 10 12 100 1 9 12 1 10 12 1 9 12 1 10 12 1 10 12 1 10 12 1 10 10 12 1 10 12 1 10 12 1 10 12 1 10 12 1 10 12 1 7 1 10 10 12 1 10 12 1 11 100 12 1 1 11 12 1 1 10 12 1 1 10 12 1 1 10 12 1 1 10 12 1 1 10 12 1 1 10 12 1 1 7 1 10 10 12 1 1 10 12 1 1 10 12 1 1 10 10 12 1 10 12 1 1 10 12 1 1 10 12 1 1 10 12 1 1 10 12 10 12 1 1 10 7 12 1 1 1 10 12 1 10 12 1 1 10 12 1 10 7 12 1 1 1 10 12 1 1 10 10 12 1 1 100 1 10 10 12 1 1 10 100 12 1 1 1 100 1 100 1 10 12 1 1 10 12 1 10 10 12 1 1 10 12 1 10 12 1 10 12 1 10 100 12 1 1 1 11 100 12 1 1 10 12 1 10 12 1 10 12 1 1 10 12 1 9 7 12 1 1 1 8 1 10 12 1 10 12 1 10 12 1 10 12 1 1 9 12 1 9 12 1 1 10 7 12 1 1 9 12 1 10 12 1 1 10 10 12 1 10 7 12 1 1 1 10 100 12 1 1 10 100 12 1 1 9 12 1 1 10 12 1 9 12 1 10 12 1 10 12 1 1 9 12 1 1 9 12 1 10 12 1 10 12 1 1 9 12 1 100 1 10 10 12 1 1 7 1 10 100 11 100 1 9 12 1 1 9 12 1 10 12 1 9 12 1 1 9 12 1 10 12 1 10 12 1 1 9 12 1 7 1 10 10 12 1 1 10 10 12 1 10 12 10 10 12 1 9 12 1 10 12 1 1 10 12 1 8 10 7 8 1 18 8 1 8 1 10 12 1 9 12 1 9 12 1 1 10 12 1 7 1 7 1 10 12 1 9 12 1 1 10 10 12 1 9 12 1 8 1 10 12 1 10 10 12 1 1 100 1 100 1 9 12 1 100 1 8 1 10 10 7 12 1 1 1 10 12 11 7 12 1 1 1 10 12 1 10 12 1 1 10 8 1 10 12 1 8 1 10 12 1 1 9 100 12 1 1 11 12 100 1 11 100 12 1 1 9 12 1 10 100 12 1 1 1 10 100 12 1 1 10 12 1 1 9 12 1 9 10 12 1 1 10 12 1 1 10 12 1 1 10 12 1 1 10 12 1 1 11 12 1 11 12 1 1 11 100 12 1 1 11 12 1 100 1 11 12 1 10 100 12 1 1 1 10 12 1 11 12 1 10 100 12 1 1 1 10 12 1 10 100 12 1 1 1 11 12 1 11 12 1 1 10 12 1 10 12 1 1 9 12 1 1 10 12 1 10 100 12 1 1 1 10 12 1 1 10 12 1 10 12 1 10 12 1 10 7 12 1 1 1 10 12 1 8 1 10 12 1 10 12 1 10 12 1 8 1 8 1 10 7 12 1 1 10 100 12 1 1 100 1 10 12 10 7 12 1 1 1 10 7 12 1 1 1 10 12 1 1 10 12 1 18 12 1 1 11 12 1 1 18 11 12 1 18 12 1 11 12 1 10 12 1 10 12 1 10 12 1 10 12 10 12 1 8 1 10 12 1 7 1 9 12 1 1 100 1 100 1 100 1 100 1 1 1 3 1 3 1 3 1 1 1 1 1 1 1 1 1 5 0 1 1 1 1 1 1 1 1 1 1 1 1 1 1 1 1 1 1 1 1 1 1 1 1 1 100 1 1 1 1 1 1 1 1 1 1 1 100 1 1 1 1 1 100 1 1 1 1 1 1 1 1 1 1 1 1 1 1 1 1 1 1 1 1 1 1 1 1 1 1 1 1 1 1 1 1 1 1 1 100 1 1 1 1 1 1 1 1 1 1 1 1 1 1 1 1 1 1 1 1 1 1 1 1 1 1 1 1 1 1 1 100 1 1 1 1 1 1 1 1 1 1 1 1 1 1 1 1 1 1 1 1 1 1 1 1 1 1 1 1 1 1 1 1 1 1 1 1 1 1 1 1 1 1 1 1 1 1 1 1 1 1 1 1 1 1 1 1 1 1 1 1 1 100 1 100 1 1 1 1 1 1 1 100 1 1 1 1 1 1 1 1 1 1 1 1 1 1 1 1 1 1 1 1 1 1 1 1 1 1 1 1 1 1 1 1 1 1 1 1 1 1 1 1 1 1 1 1 1 1 1 1 1 1 1 1 1 1 1 1 1 1 1 1 1 1 1 1 1 1 1 1 1 1 1 1 1 1 1 1 1 1 1 1 1 1 1 1 1 1 1 1 1 1 1 1 1 1 1 1 1 1 1 1 1 1 1 1 1 1 1 1 1 1 1 1 1 1 16 15 10 12 16 15 11 12 16 1 15 10 12 16 16 15 10 12 16 15 16 1 15 10 12 16 15 10 7 12 1 1 1 1 1 1 1 1 1 1 1 1 100 1 1 100 1 100 1 1 100 1 100 1 1
staticfield java/lang/Class EMPTY_CLASS_ARRAY [Ljava/lang/Class; 0 [Ljava/lang/Class;
staticfield java/lang/Class serialPersistentFields [Ljava/io/ObjectStreamField; 0 [Ljava/io/ObjectStreamField;
ciInstanceKlass java/lang/reflect/AnnotatedElement 1 1 165 11 7 12 1 1 1 11 12 1 1 100 1 10 100 12 1 1 1 10 12 1 1 10 12 1 1 10 12 1 10 100 12 1 1 1 11 12 1 1 11 100 12 1 1 10 100 12 1 1 1 10 12 1 10 100 12 1 1 1 18 12 1 1 11 100 12 1 1 18 12 1 18 12 1 1 10 100 12 1 1 1 11 100 12 1 1 1 100 1 10 100 12 1 1 1 1 1 1 1 1 1 1 1 1 1 1 1 1 1 1 1 1 1 1 1 1 1 1 100 1 1 1 1 1 1 1 1 1 1 1 16 15 16 1 16 1 15 11 12 16 16 1 15 10 100 12 1 1 1 16 1 15 10 100 12 1 1 1 1 100 1 100 1 1
ciInstanceKlass java/lang/reflect/Type 1 1 17 11 100 12 1 1 1 100 1 1 1 1 1 1 1 1 1
ciInstanceKlass java/lang/invoke/TypeDescriptor 1 0 17 100 1 100 1 1 1 1 1 1 100 1 100 1 1 1 1
ciInstanceKlass java/lang/invoke/TypeDescriptor$OfField 1 0 21 100 1 100 1 100 1 1 1 1 1 1 1 1 1 1 1 1 1 1 1
ciInstanceKlass java/lang/reflect/GenericDeclaration 1 0 30 100 1 100 1 100 1 1 1 1 1 1 1 1 100 1 8 1 1 12 10 1 1 1 8 1 1 1 8 1
ciInstanceKlass java/lang/Module 1 1 1068 10 7 12 1 1 1 9 7 12 1 1 1 10 7 12 1 1 1 9 12 1 9 12 1 1 9 12 1 1 10 12 1 1 10 12 1 10 12 1 1 10 7 12 1 1 1 7 1 10 7 12 1 1 1 10 12 1 1 11 7 12 1 1 1 10 12 1 1 10 12 1 8 1 10 7 12 1 1 1 10 7 12 1 1 1 10 7 12 1 1 1 10 12 1 1 10 12 1 9 12 1 1 10 7 12 1 1 1 9 7 12 1 1 1 7 1 10 8 1 10 12 1 1 10 12 1 10 12 8 1 10 7 12 1 1 1 10 100 12 1 1 1 10 100 12 1 1 1 8 1 10 12 1 8 1 9 12 1 100 1 8 1 10 12 1 10 8 1 8 1 8 1 10 100 12 1 1 1 8 1 10 100 12 1 1 1 8 1 10 12 1 9 12 1 1 11 12 1 9 7 12 1 1 10 7 12 1 1 1 10 7 12 1 1 1 10 12 1 1 8 1 10 12 1 1 10 12 1 10 12 1 1 9 7 12 1 1 1 10 12 1 1 10 12 1 1 9 12 1 10 12 1 10 12 1 9 12 1 1 11 7 12 1 1 10 12 1 1 9 12 1 9 12 1 10 12 1 10 12 1 100 1 8 1 10 10 12 1 1 10 12 1 8 1 10 12 1 1 8 1 8 1 10 12 1 1 10 12 1 10 12 1 1 18 12 1 1 10 12 1 1 11 12 1 9 12 1 11 12 10 12 1 100 1 8 1 10 11 12 1 1 10 7 12 1 1 1 10 12 1 10 12 1 1 11 12 1 1 11 7 12 1 1 11 12 1 1 9 12 1 11 12 1 10 12 1 1 10 12 1 1 9 12 1 10 12 10 7 12 1 1 10 7 1 18 12 1 1 11 100 12 1 1 1 18 12 1 11 12 1 1 10 100 12 1 1 1 11 12 1 1 10 7 12 1 1 7 1 11 12 1 7 1 7 1 10 12 1 10 7 12 1 1 1 10 7 12 1 1 1 10 11 7 12 1 8 1 10 10 12 1 1 10 7 12 1 1 10 12 1 10 12 1 7 1 10 12 1 10 11 12 1 1 10 12 10 12 1 1 9 12 1 1 100 1 10 10 12 1 1 11 100 1 10 12 1 1 11 12 1 10 10 12 1 11 10 12 1 1 10 12 1 1 10 12 1 1 10 7 12 1 1 10 12 1 10 12 1 1 10 10 12 1 1 10 12 1 18 12 1 11 12 1 18 12 1 10 12 1 10 12 1 10 12 7 1 10 12 1 10 12 1 10 12 1 9 12 1 7 1 10 10 10 10 12 1 10 12 1 10 12 1 10 12 1 1 10 12 1 1 10 12 1 9 12 1 10 12 1 100 1 8 1 10 12 1 1 10 12 1 10 100 12 1 1 100 1 10 12 1 1 100 1 8 1 100 1 9 100 12 1 1 1 11 100 12 1 1 10 12 1 1 11 12 1 1 18 12 1 1 11 12 1 1 100 1 10 12 1 10 12 1 1 100 1 100 1 10 12 8 1 10 12 1 1 10 12 1 1 10 7 12 1 1 10 12 1 1 10 12 1 10 12 10 12 1 1 100 1 10 10 12 1 1 10 100 12 1 1 1 100 1 10 100 12 1 1 1 10 100 12 1 1 8 1 18 12 1 1 100 1 100 1 9 12 1 1 9 12 1 9 12 1 11 100 12 1 1 1 100 1 11 12 1 1 100 1 10 12 1 8 1 10 12 1 10 12 10 12 1 8 1 10 10 100 12 1 1 7 1 10 10 12 1 10 7 12 1 1 9 12 1 9 12 1 9 12 1 9 12 1 10 12 11 12 1 10 12 1 100 1 1 1 1 1 1 1 1 1 1 1 1 1 1 1 1 1 1 1 1 1 1 1 1 1 1 1 1 1 1 1 1 1 1 1 1 1 1 1 1 1 1 1 1 1 1 1 1 1 1 1 1 1 1 1 1 1 1 1 1 1 1 1 1 1 1 1 1 1 1 1 1 1 1 1 1 1 1 1 1 1 1 1 1 1 1 1 1 1 1 1 1 1 1 1 1 1 1 1 1 1 1 1 1 1 1 1 1 1 1 1 1 1 1 100 100 1 1 1 1 1 1 1 1 1 1 1 1 1 1 1 1 1 1 1 1 1 1 1 1 1 1 100 1 100 1 1 1 1 1 1 1 1 1 1 1 1 1 1 1 1 1 1 100 1 1 1 1 1 1 1 1 1 1 1 1 1 1 1 1 1 1 1 1 1 1 1 16 15 10 12 16 16 15 10 12 16 16 15 10 16 1 15 10 12 16 1 15 10 12 16 1 16 1 15 10 12 16 15 10 7 12 1 1 1 15 10 100 12 1 1 1 1 1 1 1 1 1 1 1 1 1 100 1 100 1 1
staticfield java/lang/Module ALL_UNNAMED_MODULE Ljava/lang/Module; java/lang/Module
staticfield java/lang/Module ALL_UNNAMED_MODULE_SET Ljava/util/Set; java/util/ImmutableCollections$Set12
staticfield java/lang/Module EVERYONE_MODULE Ljava/lang/Module; java/lang/Module
staticfield java/lang/Module EVERYONE_SET Ljava/util/Set; java/util/ImmutableCollections$Set12
staticfield java/lang/Module $assertionsDisabled Z 1
ciInstanceKlass java/lang/Math 1 1 460 7 1 7 1 10 100 12 1 1 1 10 7 12 1 1 1 10 12 1 10 12 1 10 12 1 10 12 1 10 12 1 6 0 6 0 10 12 1 10 12 1 10 12 1 10 12 1 10 12 1 10 12 1 1 10 12 1 10 12 1 10 12 1 10 12 1 10 12 1 10 7 12 1 1 1 100 1 3 3 3 10 12 1 1 100 1 5 0 5 0 5 0 5 0 5 0 9 7 12 1 1 1 10 7 12 1 1 1 100 1 8 1 10 12 1 8 1 10 12 1 1 10 12 1 1 100 1 5 0 5 0 100 1 3 5 0 3 5 0 10 12 1 10 12 1 10 12 1 10 12 1 10 12 1 8 1 10 12 1 8 1 10 12 1 1 10 12 1 1 9 12 1 1 9 12 1 100 1 100 1 10 10 12 1 1 8 1 10 12 1 10 12 1 1 10 10 12 1 10 12 1 10 12 1 10 12 1 1 8 1 8 1 10 12 1 1 10 12 1 10 12 10 12 10 12 1 10 12 1 10 12 1 10 12 1 10 12 6 0 10 12 1 9 12 1 1 100 1 10 10 12 1 100 1 10 12 1 10 12 1 1 10 12 1 10 12 1 10 12 10 12 1 1 10 12 1 1 10 12 1 1 10 12 6 0 10 12 1 1 10 12 10 12 1 4 10 12 1 10 12 1 10 12 10 12 1 10 12 1 10 12 1 10 12 1 10 12 1 10 12 1 5 0 6 0 4 6 0 4 6 0 4 10 12 1 6 0 6 0 10 12 1 10 12 10 7 12 1 1 1 4 6 0 1 1 1 6 0 1 6 0 1 6 0 1 1 1 1 1 1 1 1 1 1 1 1 1 1 1 1 1 1 1 1 1 1 1 1 1 1 1 1 1 1 1 1 1 1 1 1 1 1 1 1 1 1 1 1 1 1 1 1 1 1 1 1 1 1 1 1 1 1 1 1 1 1 1 1 1 1 1 1 1 1 1 1 1 1 1 1 1 1 1 1 1 1 1 1 1 1 1 1 1 1 1 1 1 1 1
staticfield java/lang/Math negativeZeroFloatBits J -2147483648
staticfield java/lang/Math negativeZeroDoubleBits J -9223372036854775808
staticfield java/lang/Math $assertionsDisabled Z 1
ciInstanceKlass jdk/internal/misc/Unsafe 1 1 1245 10 7 12 1 1 1 10 7 12 1 1 9 12 1 1 9 12 1 1 10 12 1 1 10 7 12 1 1 1 10 12 1 1 10 12 1 1 10 12 1 1 10 12 1 1 10 12 1 1 10 12 1 1 10 12 1 1 10 12 1 1 10 12 1 1 10 12 1 1 10 12 1 1 10 12 1 1 10 12 1 1 10 12 1 10 12 1 100 1 10 10 12 1 1 10 12 1 1 5 0 10 12 1 1 10 12 1 1 10 7 12 1 1 1 10 12 1 1 10 12 1 10 12 1 10 12 1 1 10 12 1 1 10 12 1 10 12 1 100 1 100 1 10 8 1 10 12 1 1 10 12 1 8 1 10 12 1 1 10 12 1 10 12 1 10 12 1 1 10 12 1 10 12 1 1 10 12 1 1 10 12 1 10 12 1 10 12 1 10 12 1 1 10 12 1 10 12 1 10 12 1 1 10 12 1 5 0 5 0 5 0 10 12 1 10 12 1 10 12 1 10 12 1 10 12 1 10 12 1 10 12 1 10 12 1 10 12 1 1 10 12 1 10 12 1 100 1 8 1 10 100 1 10 10 12 1 1 10 12 1 1 10 12 1 10 12 1 1 10 12 1 1 10 12 1 10 12 1 1 10 12 1 9 7 12 1 1 9 12 1 100 1 10 10 12 1 1 8 1 10 8 1 8 1 10 12 1 1 9 7 12 1 1 1 9 100 1 9 7 1 9 7 1 9 9 100 1 9 7 1 9 100 1 10 12 1 1 10 12 1 1 10 12 1 1 10 12 1 1 5 0 5 0 9 12 1 1 10 12 1 10 12 1 10 12 1 1 10 12 1 1 10 12 1 8 1 3 10 12 1 1 10 12 1 1 10 12 1 10 12 1 1 10 12 1 1 10 12 1 10 12 1 10 12 1 10 12 1 10 12 1 10 12 1 1 10 12 1 1 10 12 1 10 12 1 10 12 1 10 12 1 10 12 1 10 12 1 1 10 12 1 1 10 12 1 10 12 1 10 12 1 10 12 1 10 12 1 10 12 1 1 10 12 1 1 10 12 1 1 10 12 1 1 10 12 1 10 12 1 10 12 1 10 12 1 10 12 1 10 12 1 10 12 1 1 10 12 1 1 10 12 1 10 12 1 10 12 1 10 12 1 10 12 1 10 12 1 10 12 1 1 10 12 1 1 10 12 1 10 12 1 10 12 1 10 12 1 10 12 1 10 12 1 10 12 1 10 12 1 1 10 12 1 10 12 1 10 12 1 10 12 1 10 12 1 1 10 12 1 10 12 1 10 12 1 10 12 1 10 12 1 10 12 1 10 12 1 10 12 1 1 10 12 1 10 12 1 10 12 1 10 12 1 10 12 1 10 12 1 1 10 12 1 10 12 1 10 12 1 1 10 12 1 10 12 1 10 12 1 10 12 1 10 12 1 10 12 1 10 12 1 10 12 1 10 12 1 10 12 1 10 12 1 10 12 1 10 12 1 10 12 1 10 12 1 10 12 1 10 12 1 10 12 1 10 12 1 10 12 1 10 12 1 10 12 1 10 12 1 100 1 10 100 1 10 9 12 1 5 0 10 12 1 1 5 0 10 12 1 5 0 10 12 1 10 12 1 10 12 1 1 10 12 1 1 10 12 1 10 12 1 10 12 1 10 12 1 1 10 12 1 10 12 1 10 12 1 10 12 1 10 12 1 1 10 12 1 10 12 1 10 12 1 10 12 1 1 10 12 1 10 12 1 10 12 1 1 10 12 1 10 12 1 10 12 1 10 12 1 1 10 12 1 10 10 12 1 1 10 12 1 10 12 1 1 10 12 1 10 12 5 0 5 0 5 0 10 12 1 1 10 12 1 10 12 1 10 12 10 100 12 1 1 8 1 100 1 11 12 1 1 8 1 11 12 1 1 10 100 12 1 1 10 12 1 10 7 1 10 12 1 9 12 1 7 1 9 12 1 7 1 9 12 1 7 1 9 12 1 7 1 9 12 1 7 1 9 12 1 7 1 9 12 1 7 1 9 12 1 7 1 9 12 1 10 12 1 9 12 1 9 12 1 9 12 1 9 12 1 9 12 1 9 12 1 9 12 1 9 12 1 9 12 1 9 12 1 1 1 3 1 1 1 1 1 1 1 1 1 1 1 1 1 1 1 1 1 1 1 1 1 1 1 1 1 1 1 1 1 1 1 1 1 1 1 1 1 1 1 1 1 1 1 1 1 1 1 1 1 1 1 1 1 1 1 1 1 1 1 1 1 1 1 1 1 1 1 1 1 1 1 1 1 1 1 1 1 1 1 1 1 1 1 1 1 1 1 1 1 1 100 1 1 1 1 1 1 1 1 1 1 1 1 1 1 1 1 1 1 1 1 1 1 1 1 1 1 1 1 1 1 1 1 1 1 1 1 1 1 1 1 1 1 1 1 1 1 1 1 1 1 1 1 1 1 1 1 1 1 1 1 1 1 1 1 1 1 1 1 1 1 1 1 1 1 1 1 1 1 1 1 1 1 1 1 1 1 1 1 1 1 1 1 1 1 1 1 1 1 1 1 1 1 1 1 1 1 1 1 1 1 1 1 1 1 1 1 1 1 1 1 1 1 1 1 1 1 1 1 1 1 1 1 1 1 1 1 1 1 1 1 1 1 1 1 1 1 1 1 1 1 1 1 1 1 1 1 1 1 1 1 1 1 1 1 1 1 1 1 1 1 1 1 1 1 1 1 1 1 1 1 1 1 1 1 1 1 1 1 1 1 1 1 1 1 1 1 1 1 1 1 1 1 1 1 1 1 1 1 1 1 1 1 1
staticfield jdk/internal/misc/Unsafe theUnsafe Ljdk/internal/misc/Unsafe; jdk/internal/misc/Unsafe
staticfield jdk/internal/misc/Unsafe ARRAY_BOOLEAN_BASE_OFFSET I 16
staticfield jdk/internal/misc/Unsafe ARRAY_BYTE_BASE_OFFSET I 16
staticfield jdk/internal/misc/Unsafe ARRAY_SHORT_BASE_OFFSET I 16
staticfield jdk/internal/misc/Unsafe ARRAY_CHAR_BASE_OFFSET I 16
staticfield jdk/internal/misc/Unsafe ARRAY_INT_BASE_OFFSET I 16
staticfield jdk/internal/misc/Unsafe ARRAY_LONG_BASE_OFFSET I 16
staticfield jdk/internal/misc/Unsafe ARRAY_FLOAT_BASE_OFFSET I 16
staticfield jdk/internal/misc/Unsafe ARRAY_DOUBLE_BASE_OFFSET I 16
staticfield jdk/internal/misc/Unsafe ARRAY_OBJECT_BASE_OFFSET I 16
staticfield jdk/internal/misc/Unsafe ARRAY_BOOLEAN_INDEX_SCALE I 1
staticfield jdk/internal/misc/Unsafe ARRAY_BYTE_INDEX_SCALE I 1
staticfield jdk/internal/misc/Unsafe ARRAY_SHORT_INDEX_SCALE I 2
staticfield jdk/internal/misc/Unsafe ARRAY_CHAR_INDEX_SCALE I 2
staticfield jdk/internal/misc/Unsafe ARRAY_INT_INDEX_SCALE I 4
staticfield jdk/internal/misc/Unsafe ARRAY_LONG_INDEX_SCALE I 8
staticfield jdk/internal/misc/Unsafe ARRAY_FLOAT_INDEX_SCALE I 4
staticfield jdk/internal/misc/Unsafe ARRAY_DOUBLE_INDEX_SCALE I 8
staticfield jdk/internal/misc/Unsafe ARRAY_OBJECT_INDEX_SCALE I 4
staticfield jdk/internal/misc/Unsafe ADDRESS_SIZE I 8
ciInstanceKlass java/lang/Thread$FieldHolder 1 1 48 10 7 12 1 1 1 9 7 12 1 1 1 9 12 1 1 9 12 1 1 9 12 1 1 9 12 1 1 1 1 1 1 1 1 1 1 100 1 100 1 1 1 1 100 1 1 1
ciInstanceKlass java/lang/Thread$Constants 0 0 47 100 1 10 100 12 1 1 1 10 12 1 1 10 12 1 1 10 100 12 1 1 8 1 10 12 1 9 100 12 1 1 1 1 1 1 1 1 1 1 1 1 1 1 1 1 1
ciInstanceKlass java/lang/ThreadGroup 1 1 383 10 7 12 1 1 1 9 7 12 1 1 1 8 1 9 12 1 1 100 1 9 12 1 1 9 12 1 1 10 7 12 1 1 1 10 12 1 1 10 12 1 10 12 1 1 10 12 1 1 10 12 1 10 12 1 10 12 1 10 100 12 1 1 1 10 12 1 1 18 12 1 1 11 100 12 1 1 1 10 12 1 1 10 12 1 1 10 12 1 1 10 100 12 1 1 1 10 12 1 11 12 1 1 11 100 12 1 1 11 12 1 1 10 12 1 1 10 12 1 10 12 1 11 12 1 11 12 1 1 10 12 1 100 1 10 18 12 1 1 11 100 12 1 1 1 11 12 1 1 9 100 12 1 1 1 10 12 1 1 8 1 10 100 12 1 1 1 10 100 12 1 1 1 10 12 1 1 11 12 10 12 1 1 10 12 1 1 11 100 1 9 12 1 100 1 10 8 1 10 12 1 1 10 12 1 1 8 1 10 12 1 10 100 12 1 1 1 10 12 1 1 10 7 1 8 1 10 8 1 10 12 1 10 12 1 8 1 9 12 1 1 9 12 1 10 100 12 1 1 1 100 9 12 1 1 7 1 9 12 1 10 12 10 12 1 1 100 10 12 9 12 1 10 12 1 100 1 10 11 12 1 1 100 1 10 10 12 1 10 12 1 1 1 1 1 1 1 1 1 1 1 1 1 1 1 1 3 1 1 1 1 1 1 1 1 1 1 1 100 1 1 1 1 1 1 1 1 1 1 1 1 1 1 1 1 1 1 1 1 1 1 1 1 1 1 1 1 1 1 1 1 1 1 1 1 1 1 1 16 15 10 12 16 16 15 10 12 16 15 10 100 12 1 1 1 1 1 100 1 100 1 1
staticfield java/lang/ThreadGroup $assertionsDisabled Z 1
ciInstanceKlass java/lang/Thread$UncaughtExceptionHandler 1 0 16 100 1 100 1 1 1 1 1 1 1 1 100 1 1 1
instanceKlass java/lang/ThreadBuilders$BoundVirtualThread
instanceKlass java/lang/VirtualThread
ciInstanceKlass java/lang/BaseVirtualThread 0 0 36 10 100 12 1 1 1 100 1 1 1 1 1 1 1 1 1 1 1 1 1 1 1 1 1 1 1 1 100 1 100 1 1 100 1 1
ciInstanceKlass java/lang/VirtualThread 0 0 990 9 100 12 1 1 1 9 12 1 1 10 100 12 1 1 1 9 12 1 1 10 100 12 1 1 1 10 100 12 1 1 1 10 100 12 1 1 1 9 12 1 1 100 1 10 12 1 9 12 1 1 18 12 1 1 9 12 1 1 10 12 1 1 100 1 10 12 1 10 12 1 1 10 12 1 1 10 12 1 10 12 1 1 9 12 1 1 10 12 1 10 100 12 1 10 12 1 10 12 1 10 12 1 10 12 1 9 12 1 1 11 100 12 1 1 1 10 10 12 1 11 100 12 1 1 1 10 12 1 100 1 10 12 1 1 100 1 9 12 1 1 5 0 10 100 12 1 1 1 9 12 1 100 1 100 1 10 10 100 12 1 1 1 10 100 12 1 1 1 10 12 1 1 10 12 1 10 12 1 1 10 12 1 10 12 10 12 1 100 1 10 10 12 1 10 12 1 1 9 12 1 1 10 12 1 1 9 12 1 1 10 12 1 9 12 1 10 100 12 1 1 10 9 10 10 12 1 1 10 12 1 1 10 100 12 1 1 10 100 1 10 9 10 100 1 10 12 1 1 10 12 1 10 10 12 1 1 9 12 1 10 12 1 10 12 1 9 12 1 1 10 12 1 10 12 1 10 12 1 1 9 12 1 1 10 12 1 10 12 1 1 10 12 1 10 12 1 1 9 12 1 18 9 100 12 1 1 1 10 12 1 1 9 12 1 10 12 1 10 12 1 1 10 12 1 9 12 1 1 18 12 1 9 12 1 9 12 1 10 12 9 12 1 1 10 100 12 1 1 10 12 1 10 12 1 1 10 100 12 1 1 10 12 1 100 1 8 1 10 12 1 10 12 1 1 10 12 1 10 12 1 10 12 1 10 100 12 1 1 10 12 1 10 12 1 10 12 1 10 12 1 10 100 12 1 1 8 1 10 12 1 10 12 1 10 12 1 10 12 1 1 10 12 1 10 12 10 12 1 100 1 10 10 12 1 10 12 1 1 10 12 1 1 10 12 1 10 12 1 10 12 1 1 10 12 1 1 11 100 12 1 1 11 12 1 10 12 9 100 12 1 1 1 9 12 1 10 12 1 1 9 12 1 9 12 1 9 12 1 9 12 1 100 1 10 10 12 1 1 10 12 1 100 1 100 1 10 8 1 10 12 1 1 10 12 1 10 12 1 10 10 12 1 8 1 10 10 12 1 10 12 1 10 100 12 1 1 8 1 8 1 10 12 1 1 10 10 9 100 12 1 1 1 10 12 1 1 10 12 1 10 10 12 9 12 1 10 12 1 1 10 12 1 9 12 1 10 12 1 1 9 12 1 10 12 1 1 9 12 1 10 12 1 1 18 12 1 1 8 1 10 12 1 1 8 1 8 1 10 100 12 1 1 1 10 100 12 1 1 1 10 12 1 10 12 1 1 10 12 1 18 12 1 1 18 12 1 1 5 0 9 12 1 10 12 1 10 11 100 12 1 1 8 1 10 12 1 1 100 1 8 1 8 1 10 10 100 1 18 12 1 10 100 12 1 1 1 100 1 10 12 1 10 12 1 1 9 12 1 9 12 1 1 10 12 1 1 10 12 1 8 1 10 100 12 1 1 10 12 1 10 12 10 12 1 1 10 100 12 1 1 10 12 1 1 100 1 8 1 10 10 12 1 10 12 1 1 8 10 12 1 1 8 8 9 12 1 8 8 10 12 1 10 12 1 1 8 1 18 12 1 10 12 1 3 1 3 1 3 1 3 1 3 1 3 1 3 1 3 1 3 1 3 1 3 1 3 1 3 3 1 3 3 1 3 3 1 3 3 1 3 1 1 1 1 1 1 1 1 1 1 1 1 1 1 1 1 1 1 1 1 100 1 1 1 1 1 1 1 1 1 1 1 1 1 1 1 1 1 1 1 1 100 1 1 1 1 1 1 1 1 1 1 1 1 1 1 1 1 1 1 1 1 1 1 1 1 1 1 1 1 1 1 1 1 100 1 1 1 1 1 1 1 1 1 1 1 1 1 1 1 1 1 1 1 1 1 1 1 1 1 1 1 100 1 1 1 1 1 1 1 1 1 1 1 1 1 1 1 100 1 1 1 1 1 1 1 1 1 1 1 1 1 1 1 1 1 1 1 100 1 1 16 15 10 12 15 15 10 12 16 15 10 12 16 15 10 12 16 15 10 12 16 16 15 10 12 15 10 12 15 10 100 12 1 1 1 1 1 1 1 100 1 1 100 1 100 1 1
ciInstanceKlass java/lang/ThreadBuilders$BoundVirtualThread 0 0 132 10 100 12 1 1 1 9 100 12 1 1 1 10 100 12 1 1 1 9 12 1 1 10 12 1 1 10 12 1 1 9 12 1 1 10 100 12 1 1 1 10 12 1 1 100 1 8 1 10 12 1 10 12 1 1 10 12 1 1 10 12 1 1 10 100 12 1 1 1 8 1 10 12 1 8 1 10 12 1 1 10 100 12 1 1 9 100 12 1 1 1 10 12 1 1 10 10 12 1 1 1 1 1 1 1 1 1 1 1 1 1 1 1 1 1 1 1 1 1 1 1 1 1 1 1 1 100 1 1 1 1
instanceKlass java/lang/Exception
instanceKlass java/lang/Error
ciInstanceKlass java/lang/Throwable 1 1 403 10 7 12 1 1 1 9 7 12 1 1 1 9 12 1 1 9 12 1 9 12 1 1 9 12 1 10 12 1 1 9 12 1 1 10 12 1 1 10 100 12 1 1 1 9 12 1 1 10 12 1 1 10 12 1 100 1 7 1 10 8 1 10 12 1 1 8 1 10 100 12 1 1 10 10 12 1 100 1 8 1 10 10 7 12 1 1 10 12 1 8 1 9 100 12 1 1 1 10 12 1 1 100 1 10 12 10 12 1 100 1 10 10 7 12 1 1 1 11 100 12 1 1 1 10 100 12 1 1 1 10 12 1 1 10 12 1 1 8 1 10 12 1 10 12 1 1 8 1 8 1 10 12 1 1 10 12 1 8 1 8 1 9 12 1 10 100 12 1 1 100 1 10 11 12 1 8 1 8 1 10 7 12 1 1 8 1 10 12 1 8 1 100 1 10 12 1 9 12 1 1 10 12 1 10 7 12 1 9 12 1 1 10 12 1 1 100 1 8 1 10 12 1 10 100 12 1 1 10 12 1 1 100 1 10 100 12 1 1 1 10 12 1 11 100 12 1 1 1 11 100 12 1 1 1 11 12 1 8 1 10 12 1 1 8 1 10 10 9 100 12 1 1 1 8 1 10 12 1 1 11 10 100 1 8 1 10 11 12 1 1 8 1 9 12 1 10 100 12 1 1 11 9 12 1 1 11 12 1 1 100 10 12 1 10 12 1 1 100 1 1 1 1 5 0 1 1 1 1 1 1 1 1 1 1 1 1 100 1 1 1 1 1 1 1 1 1 1 1 1 1 1 1 1 1 1 1 1 1 1 1 1 1 1 1 1 1 1 1 1 1 1 1 1 1 1 1 1 1 1 1 100 1 100 1 1 1 1 1 1 1 1 1 1 1 1 1 1 1 1 1 1
staticfield java/lang/Throwable UNASSIGNED_STACK [Ljava/lang/StackTraceElement; 0 [Ljava/lang/StackTraceElement;
staticfield java/lang/Throwable SUPPRESSED_SENTINEL Ljava/util/List; java/util/Collections$EmptyList
staticfield java/lang/Throwable EMPTY_THROWABLE_ARRAY [Ljava/lang/Throwable; 0 [Ljava/lang/Throwable;
staticfield java/lang/Throwable $assertionsDisabled Z 1
ciInstanceKlass jdk/internal/vm/ContinuationScope 0 0 50 10 100 12 1 1 1 10 100 12 1 1 1 100 1 9 100 12 1 1 1 10 12 1 1 10 100 12 1 1 1 10 12 1 1 10 12 1 1 1 1 1 1 1 1 1 1 1 1 1
ciInstanceKlass jdk/internal/vm/StackChunk 1 1 32 10 100 12 1 1 1 9 100 12 1 1 1 9 12 1 1 9 12 1 1 1 1 1 1 1 1 1 1 1 1 1
ciInstanceKlass java/lang/Boolean 1 1 148 10 7 12 1 1 1 9 7 12 1 1 1 10 12 1 1 10 12 1 8 1 10 7 12 1 1 9 12 1 1 9 12 1 10 12 1 1 10 12 1 1 10 12 1 1 10 12 1 10 7 12 1 1 1 10 12 1 1 9 100 12 1 1 9 12 10 100 12 1 1 1 10 12 1 1 8 1 10 7 12 1 1 1 9 12 1 1 100 1 100 1 100 1 1 1 1 1 1 5 0 1 1 1 1 1 1 1 1 1 1 3 1 1 1 1 1 1 1 1 1 1 1 1 1 1 1 1 1 1 1 1 1 1 1 1 1 1 100 1 1 1 1 1 1 1 1 1
staticfield java/lang/Boolean TRUE Ljava/lang/Boolean; java/lang/Boolean
staticfield java/lang/Boolean FALSE Ljava/lang/Boolean; java/lang/Boolean
staticfield java/lang/Boolean TYPE Ljava/lang/Class; java/lang/Class
ciInstanceKlass java/lang/Character 1 1 604 7 1 100 1 100 1 9 12 1 1 8 1 9 12 1 1 100 1 9 12 1 1 10 100 12 1 1 1 10 100 12 1 1 1 10 100 12 1 1 1 10 7 12 1 1 1 9 7 12 1 1 1 10 12 1 10 12 1 1 10 12 1 1 10 7 12 1 1 10 12 1 1 3 3 3 3 3 10 12 1 1 10 12 1 3 11 7 12 1 1 1 11 12 1 1 10 12 1 1 10 12 1 1 100 1 10 10 12 1 3 10 12 1 1 10 12 1 10 12 1 1 100 1 8 1 10 12 1 1 10 12 1 10 12 1 10 12 1 10 100 12 1 1 1 10 12 1 10 12 1 10 12 1 1 10 12 1 10 7 12 1 1 10 10 12 1 10 10 12 1 10 12 1 1 10 12 1 10 10 12 1 10 12 1 10 12 1 10 12 1 10 12 1 10 12 1 10 12 1 10 12 10 10 12 10 10 12 1 10 10 12 1 10 10 12 1 10 10 12 1 10 12 1 10 12 1 10 12 1 10 12 1 10 12 1 10 12 1 10 10 12 1 10 10 12 1 10 10 12 1 1 10 10 12 1 10 5 0 10 12 1 10 12 1 10 10 12 1 10 10 12 1 1 10 10 12 1 10 10 12 1 9 12 1 1 100 1 10 10 12 1 10 12 1 1 3 10 100 12 1 1 1 10 12 1 10 100 12 1 1 100 1 10 10 12 1 1 10 12 1 1 10 12 1 1 8 1 10 12 1 9 100 12 1 1 1 10 12 1 10 10 12 1 10 12 1 1 10 12 1 10 10 12 1 1 10 10 12 1 1 100 1 8 1 10 12 1 1 10 7 12 1 1 1 8 1 10 12 1 1 9 12 1 1 100 1 100 1 100 1 1 1 1 3 1 3 1 3 1 3 1 1 1 1 1 3 1 1 3 1 3 1 3 1 3 1 3 1 3 1 3 1 3 1 3 1 3 1 3 1 3 1 3 1 3 1 3 1 3 1 3 1 3 1 3 1 3 1 3 1 3 1 3 1 3 1 3 1 3 1 3 1 3 1 1 1 1 1 1 1 1 1 1 1 1 1 1 1 1 1 1 1 3 1 1 1 1 1 1 1 3 1 1 3 1 1 1 1 1 3 1 1 5 0 1 1 1 1 1 1 1 1 1 1 1 1 1 1 1 1 1 1 1 1 1 1 1 1 1 1 1 1 1 1 1 1 1 1 1 1 1 1 1 1 1 1 1 1 1 1 1 1 1 1 1 1 1 1 1 1 1 1 1 1 1 1 1 1 1 1 1 1 1 1 1 1 1 1 1 1 1 1 1 1 1 1 1 1 1 1 1 1 1 1 100 1 100 1 1 1 1 1 1
staticfield java/lang/Character TYPE Ljava/lang/Class; java/lang/Class
staticfield java/lang/Character $assertionsDisabled Z 1
ciInstanceKlass java/lang/Float 1 1 279 7 1 100 1 10 100 12 1 1 1 10 100 12 1 1 1 4 100 1 10 12 1 1 10 12 1 1 8 1 8 1 10 100 12 1 1 1 10 12 1 1 10 12 1 1 10 7 1 4 10 7 12 1 1 9 12 1 1 10 12 1 1 10 12 1 10 10 12 1 1 10 12 1 10 12 1 3 3 100 1 4 4 4 3 10 12 1 1 9 12 1 1 100 1 10 3 3 4 4 10 12 1 3 3 3 10 12 1 1 10 12 1 1 10 12 1 10 100 12 1 1 1 10 12 1 1 10 12 1 1 10 7 12 1 1 1 8 1 10 12 1 1 9 12 1 1 100 1 100 1 100 1 1 1 1 4 1 4 1 1 1 4 1 1 3 1 3 1 3 1 3 1 3 1 1 1 1 5 0 1 1 1 1 1 1 1 1 1 1 7 1 1 1 1 1 1 1 1 1 1 1 1 1 3 1 1 1 1 1 1 1 1 1 1 1 1 1 1 1 1 1 1 1 1 1 1 1 1 1 1 1 1 1 1 1 1 1 1 1 1 1 1 1 1 1 1 1 1 1 1 1 1 1 1 1 1 1 1 1 1 1 1 1 1 1 7 1 1 1 1 1 1 1 100 1 100 1 1
staticfield java/lang/Float TYPE Ljava/lang/Class; java/lang/Class
staticfield java/lang/Float $assertionsDisabled Z 1
instanceKlass java/util/concurrent/atomic/Striped64
instanceKlass java/math/BigDecimal
instanceKlass java/math/BigInteger
instanceKlass java/util/concurrent/atomic/AtomicLong
instanceKlass java/util/concurrent/atomic/AtomicInteger
instanceKlass java/lang/Long
instanceKlass java/lang/Integer
instanceKlass java/lang/Short
instanceKlass java/lang/Byte
instanceKlass java/lang/Double
instanceKlass java/lang/Float
ciInstanceKlass java/lang/Number 1 1 37 10 7 12 1 1 1 10 100 12 1 1 1 100 1 1 1 1 5 0 1 1 1 1 1 1 1 1 1 1 1 1 1 1 1 1 1
ciInstanceKlass java/lang/Double 1 1 290 7 1 100 1 10 7 12 1 1 1 10 12 1 1 10 100 1 10 12 1 1 10 7 12 1 1 1 6 0 8 1 10 12 1 1 8 1 10 12 1 1 8 1 6 0 10 12 1 1 100 1 5 0 5 0 8 1 8 1 10 100 12 1 1 1 10 100 12 1 1 1 8 1 10 12 1 1 8 1 8 1 8 1 10 12 1 1 10 12 1 10 12 1 1 10 12 1 10 12 1 10 12 1 1 10 12 1 10 7 1 6 0 10 7 12 1 1 9 12 1 1 10 12 1 10 12 1 10 12 1 10 12 1 10 12 1 5 0 10 12 1 1 10 12 1 10 12 1 10 100 12 1 1 1 10 12 1 1 10 12 1 1 8 1 10 7 12 1 1 1 9 12 1 1 100 1 100 1 100 1 1 1 6 0 1 6 0 1 6 0 1 1 1 6 0 1 1 3 1 3 1 3 1 3 1 3 1 1 1 1 5 0 1 1 1 1 1 1 1 1 1 1 1 1 1 1 1 1 100 1 1 1 1 1 1 1 1 1 1 1 1 3 1 1 1 1 1 1 1 1 1 1 1 1 1 1 1 1 1 1 1 1 1 1 1 1 1 1 1 1 1 1 1 1 1 1 100 1 1 1 1 1 1 1 100 1 100 1 1
staticfield java/lang/Double TYPE Ljava/lang/Class; java/lang/Class
ciInstanceKlass java/lang/Byte 1 1 213 7 1 100 1 10 100 12 1 1 1 9 12 1 1 8 1 9 12 1 1 100 1 10 12 1 1 10 12 1 1 10 100 12 1 1 1 10 100 12 1 1 1 9 7 12 1 1 1 10 12 1 1 100 1 100 1 10 12 1 1 8 1 10 12 1 1 8 1 10 12 1 10 12 1 10 12 1 10 12 1 1 10 12 1 10 12 1 10 12 1 1 10 8 1 8 1 10 7 1 9 12 1 1 10 12 1 1 10 12 1 1 10 12 1 1 10 12 1 5 0 10 12 1 1 8 1 10 7 12 1 1 1 9 12 1 1 100 1 100 1 1 1 3 1 3 1 1 1 1 3 1 3 1 1 5 0 1 1 1 1 1 1 1 1 1 1 1 1 1 1 1 1 1 1 1 1 1 1 1 1 1 1 1 1 1 1 1 1 1 1 1 1 1 1 1 1 1 1 1 1 1 1 1 1 1 1 1 1 1 1 1 1
staticfield java/lang/Byte TYPE Ljava/lang/Class; java/lang/Class
ciInstanceKlass java/lang/Short 1 1 222 7 1 100 1 100 1 10 100 12 1 1 1 10 12 1 1 100 1 100 1 10 12 1 1 8 1 10 12 1 1 8 1 10 12 1 10 12 1 10 12 1 10 12 1 1 10 12 1 1 10 12 1 9 12 1 1 8 1 9 12 1 1 100 1 10 12 1 1 10 12 1 10 100 12 1 1 1 10 100 12 1 1 1 9 7 12 1 1 1 10 12 1 10 12 1 1 10 8 1 8 1 10 7 1 9 12 1 1 10 12 1 1 10 12 1 1 10 12 1 1 10 12 1 3 3 5 0 10 12 1 1 8 1 10 7 12 1 1 1 9 12 1 1 100 1 100 1 1 1 3 1 3 1 1 1 1 3 1 3 1 1 5 0 1 1 1 1 1 1 1 1 1 1 1 1 1 1 1 1 1 1 1 1 1 1 1 1 1 1 1 3 1 1 1 1 1 1 1 1 1 1 1 1 1 1 1 1 1 1 1 1 1 1 1 1 1 1 1 1 1 1
staticfield java/lang/Short TYPE Ljava/lang/Class; java/lang/Class
ciInstanceKlass java/lang/Integer 1 1 436 7 1 100 1 7 1 7 1 10 12 1 1 9 12 1 1 9 12 1 1 10 7 12 1 1 1 10 12 1 1 10 100 12 1 1 1 10 10 12 1 1 10 100 12 1 1 1 10 12 1 10 12 1 1 10 7 12 1 1 1 10 12 1 1 10 12 1 1 10 12 1 10 7 12 1 1 10 12 1 1 10 10 12 1 7 1 8 1 10 12 1 8 1 100 1 10 12 1 1 10 12 1 1 8 1 10 12 1 1 8 1 10 12 1 1 10 12 1 1 10 12 1 1 3 3 10 7 12 1 1 1 11 7 1 10 12 1 1 11 10 12 1 1 10 12 1 1 8 1 10 12 1 10 12 1 8 1 100 1 10 12 1 8 1 10 12 1 1 10 12 1 8 1 10 12 1 10 12 1 7 1 9 12 1 1 9 12 1 1 10 12 1 10 7 1 9 12 1 10 12 1 10 12 1 10 12 1 1 10 12 1 1 10 7 12 1 1 1 10 12 1 1 8 1 8 1 10 12 1 1 8 1 8 1 8 1 8 1 8 1 8 1 10 12 1 10 12 1 10 12 1 5 0 3 3 3 3 10 12 1 10 12 1 3 10 12 1 10 100 12 1 1 1 10 12 1 1 10 12 1 1 8 1 10 7 12 1 1 1 9 12 1 1 100 1 100 1 100 1 1 1 1 3 1 1 1 3 1 3 1 1 5 0 1 1 1 1 1 1 1 1 1 1 100 1 1 1 1 1 1 1 1 1 1 1 1 1 1 1 1 1 1 1 1 1 1 1 1 1 1 1 1 1 1 1 1 1 1 3 1 1 1 1 1 1 1 1 1 1 1 1 1 1 1 1 1 1 1 1 1 1 1 1 1 1 1 1 1 1 1 1 1 1 1 1 1 1 1 1 1 1 1 1 1 1 1 1 1 1 1 1 1 1 1 1 1 1 1 1 1 7 1 1 1 1 1 1 1 1 1 100 1 100 1 1
staticfield java/lang/Integer TYPE Ljava/lang/Class; java/lang/Class
staticfield java/lang/Integer digits [C 36
ciInstanceKlass java/lang/Long 1 1 499 7 1 100 1 7 1 7 1 10 12 1 1 9 12 1 1 9 7 12 1 1 1 10 7 12 1 1 1 10 12 1 1 10 100 12 1 1 1 10 10 12 10 12 1 10 12 1 10 12 1 5 0 5 0 7 1 10 12 1 1 10 12 1 1 10 12 1 10 12 1 10 12 1 10 12 1 1 10 100 12 1 1 10 12 1 10 12 1 1 10 12 1 1 10 12 1 1 10 12 1 1 10 100 12 1 1 1 10 12 1 1 10 12 1 10 12 1 10 7 12 1 1 10 12 1 1 10 10 12 1 100 1 8 1 10 12 1 8 1 100 1 10 12 1 10 12 1 1 8 1 10 12 1 1 8 1 10 12 1 1 10 12 1 1 10 12 1 1 5 0 5 0 10 100 12 1 1 1 11 100 1 10 12 1 1 11 10 12 1 1 10 12 1 1 8 1 5 0 10 12 1 1 10 12 1 1 8 1 8 1 10 12 1 8 1 10 12 1 10 12 1 5 0 5 0 9 7 12 1 1 1 10 12 1 10 12 1 1 8 1 8 1 10 12 1 1 8 1 8 1 8 1 8 1 8 1 8 1 10 12 1 10 12 1 10 7 1 9 12 1 1 10 12 1 10 12 1 1 10 12 1 1 10 100 12 1 1 1 10 12 1 1 10 12 1 10 12 1 10 12 1 5 0 5 0 5 0 10 12 1 1 10 12 1 5 0 5 0 10 12 10 12 1 10 100 12 1 1 1 10 12 1 1 10 12 1 1 8 1 10 7 12 1 1 1 9 12 1 1 100 1 100 1 100 1 1 1 1 5 0 1 1 1 1 3 1 3 1 5 0 1 1 1 1 1 1 1 1 1 1 100 1 1 1 1 1 1 1 1 1 1 1 1 1 1 1 1 1 1 1 1 1 1 1 1 1 1 1 1 1 1 1 1 1 1 1 1 1 1 1 1 1 1 3 1 1 1 1 1 1 1 1 1 1 1 1 1 1 1 1 1 1 1 1 1 1 1 1 1 1 1 1 1 1 1 1 1 1 1 1 1 1 1 1 1 1 1 1 1 1 1 1 1 1 1 1 1 1 1 1 1 1 1 100 1 1 1 1 1 1 1 1 1 100 1 100 1 1
staticfield java/lang/Long TYPE Ljava/lang/Class; java/lang/Class
ciInstanceKlass java/lang/Void 1 1 31 10 100 12 1 1 1 8 1 10 7 12 1 1 1 9 7 12 1 1 1 1 1 1 1 1 1 1 1 1 1
staticfield java/lang/Void TYPE Ljava/lang/Class; java/lang/Class
ciInstanceKlass jdk/internal/vm/vector/VectorSupport 0 0 618 100 1 10 100 12 1 1 1 9 12 1 1 10 12 1 1 100 1 10 12 1 11 100 12 1 1 1 11 100 12 1 1 1 11 100 12 1 1 11 100 12 1 1 11 100 12 1 1 11 100 12 1 1 1 11 100 12 1 1 11 100 12 1 1 11 100 12 1 1 11 100 12 1 1 11 100 12 1 1 11 100 12 1 1 11 100 12 1 1 11 100 12 1 1 1 11 100 12 1 1 11 100 12 1 1 1 11 100 12 1 1 1 11 100 12 1 1 11 100 12 1 1 1 11 100 12 1 1 100 1 10 12 1 1 11 100 12 1 1 11 100 12 1 1 11 100 12 1 1 11 100 1 11 100 12 1 1 11 100 12 1 1 11 100 12 1 1 9 12 1 1 10 100 12 1 1 11 100 12 1 1 10 12 1 1 10 100 12 1 1 1 10 12 1 10 12 1 1 10 12 1 1 1 1 1 3 1 3 1 3 1 3 1 3 1 3 1 3 1 3 1 3 1 3 1 3 1 3 1 3 1 3 1 3 1 3 1 3 1 3 1 3 1 3 1 3 1 3 1 3 1 3 1 3 1 3 1 3 1 3 1 3 1 3 1 3 1 3 1 3 1 3 1 3 1 3 1 3 1 3 1 3 1 3 1 3 1 3 1 3 1 3 1 3 1 3 1 3 1 3 1 3 1 3 1 3 1 3 1 3 1 3 1 3 1 3 1 3 1 3 1 3 1 1 1 1 1 1 1 1 1 1 1 1 1 1 1 1 1 1 1 1 1 1 1 1 1 1 1 1 1 1 1 1 1 1 1 1 1 1 1 1 1 1 1 1 1 1 1 1 1 1 1 1 1 1 1 1 1 1 1 1 1 1 1 1 1 1 1 1 1 1 1 1 1 1 1 1 1 1 1 1 1 1 1 1 1 1 1 1 1 1 1 1 1 1 1 1 1 1 1 1 1 1 1 1 1 1 1 1 1 1 1 1 1 1 1 1 1 1 1 1 1 1 1 1 1 1 1 1 1 1 1 1 1 1 1 1 1 1 1 1 1 1 1 1 1 1 1 1 1 1 1 1 1 1 1 1 1 1 1 1 1 1 1 1 1 1 1 1 1 1 1 1 1 1 1 1 1 1 1 1 1 1 1 1 1 1 1 1 1 1 1 1 1 1 1 1 1 1 1 1 1 1 1 1 1 1 1 1 1 1 1 1 1 1 1 1 1 1 1 1 1 1 1 1 1 1 1 1 1 1 1 1 1 1 1 1 1 1 1 1 1 1 1 1 1 1 1 1 1 1 1 1 100 1 100 1 100 1 100 1 100 1 1 1 1 1 1 1 1 1 1 1 1 1 1 1 1 1 1 1 1 1 1 1 1 1 1 1 1 1 1 1 1 1 1
instanceKlass jdk/internal/vm/vector/VectorSupport$VectorShuffle
instanceKlass jdk/internal/vm/vector/VectorSupport$VectorMask
instanceKlass jdk/internal/vm/vector/VectorSupport$Vector
ciInstanceKlass jdk/internal/vm/vector/VectorSupport$VectorPayload 0 0 32 10 100 12 1 1 1 9 100 12 1 1 1 10 100 12 1 1 1 1 1 1 1 1 1 1 1 1 1 1 1 1
ciInstanceKlass jdk/internal/vm/vector/VectorSupport$Vector 0 0 28 10 100 12 1 1 1 100 1 1 1 1 1 1 1 1 1 1 1 1 1 1 1 100 1 1 1 1
ciInstanceKlass jdk/internal/vm/vector/VectorSupport$VectorMask 0 0 28 10 100 12 1 1 1 100 1 1 1 1 1 1 1 1 1 1 1 1 1 1 1 100 1 1 1 1
ciInstanceKlass jdk/internal/vm/vector/VectorSupport$VectorShuffle 0 0 28 10 100 12 1 1 1 100 1 1 1 1 1 1 1 1 1 1 1 1 1 1 1 100 1 1 1 1
ciInstanceKlass jdk/internal/vm/FillerObject 0 0 16 10 100 12 1 1 1 100 1 1 1 1 1 1 1 1
instanceKlass java/lang/ref/PhantomReference
instanceKlass java/lang/ref/FinalReference
instanceKlass java/lang/ref/WeakReference
instanceKlass java/lang/ref/SoftReference
ciInstanceKlass java/lang/ref/Reference 1 1 193 9 7 12 1 1 1 9 7 12 1 1 10 12 1 1 10 12 1 1 9 12 1 1 10 12 1 1 9 12 1 1 9 12 1 1 7 1 10 12 1 10 7 12 1 1 10 12 1 10 12 1 1 10 12 1 7 1 8 1 10 12 1 1 7 1 10 12 1 1 10 12 1 1 10 12 1 9 12 1 10 12 1 1 10 12 1 10 12 1 10 12 1 9 12 1 100 1 100 1 10 12 9 12 1 9 12 1 100 1 10 10 12 1 10 10 7 12 1 1 7 1 10 10 7 12 1 1 1 1 1 1 1 1 1 1 1 1 1 1 1 1 1 1 1 100 1 1 1 100 1 1 1 1 1 1 1 1 1 1 1 1 1 1 1 1 1 1 1 1 1 1 1 1 1 1 1 1 1 1 1 1 1 1 1 100 1 100 1 100 1 1 1
staticfield java/lang/ref/Reference processPendingLock Ljava/lang/Object; java/lang/Object
staticfield java/lang/ref/Reference $assertionsDisabled Z 1
instanceKlass org/apache/commons/collections4/map/AbstractReferenceMap$SoftRef
instanceKlass java/io/ClassCache$CacheRef
instanceKlass sun/security/util/MemoryCache$SoftCacheEntry
instanceKlass javax/swing/plaf/nimbus/ImageCache$PixelCountSoftReference
instanceKlass sun/util/locale/provider/LocaleResources$ResourceReference
instanceKlass sun/util/resources/Bundles$BundleReference
instanceKlass sun/awt/SoftCache$ValueCell
instanceKlass sun/font/FontDesignMetrics$KeyReference
instanceKlass sun/font/StrikeCache$SoftDisposerRef
instanceKlass java/util/ResourceBundle$BundleReference
instanceKlass jdk/internal/util/SoftReferenceKey
ciInstanceKlass java/lang/ref/SoftReference 1 1 47 10 7 12 1 1 1 9 7 12 1 1 1 9 12 1 10 12 1 10 12 1 1 1 1 1 1 1 1 1 1 1 1 1 1 1 1 1 1 1 1 100 1 1 1 1 1
instanceKlass java/lang/WeakPairMap$WeakRefPeer
instanceKlass org/apache/commons/collections4/map/AbstractReferenceMap$WeakRef
instanceKlass java/util/logging/LogManager$LoggerWeakRef
instanceKlass java/util/logging/Level$KnownLevel
instanceKlass org/apache/commons/logging/impl/WeakHashtable$WeakKey
instanceKlass java/lang/ClassValue$Entry
instanceKlass javax/crypto/JceSecurity$WeakIdentityWrapper
instanceKlass sun/java2d/ReentrantContextProvider$HardReference
instanceKlass sun/awt/WeakIdentityHashMap$WeakKey
instanceKlass javax/swing/text/GapContent$MarkData
instanceKlass javax/swing/plaf/synth/SynthLookAndFeel$AATextListener
instanceKlass javax/swing/plaf/metal/MetalLookAndFeel$AATextListener
instanceKlass java/util/ResourceBundle$KeyElementReference
instanceKlass java/lang/ThreadLocal$ThreadLocalMap$Entry
instanceKlass jdk/internal/util/WeakReferenceKey
instanceKlass java/util/WeakHashMap$Entry
ciInstanceKlass java/lang/ref/WeakReference 1 1 31 10 7 12 1 1 1 10 12 1 100 1 1 1 1 1 1 1 1 1 1 1 1 1 1 1 1 1 1 1 1
instanceKlass java/lang/ref/Finalizer
ciInstanceKlass java/lang/ref/FinalReference 1 1 50 10 7 12 1 1 1 10 7 12 1 1 1 10 12 1 1 100 1 8 1 10 12 1 1 1 1 1 1 1 1 1 1 1 1 1 1 1 1 1 1 1 1 1 1 1 1 1 100 1
instanceKlass com/mysql/cj/jdbc/AbandonedConnectionCleanupThread$ConnectionFinalizerPhantomReference
instanceKlass jdk/internal/ref/PhantomCleanable
instanceKlass jdk/internal/ref/Cleaner
ciInstanceKlass java/lang/ref/PhantomReference 1 1 44 10 7 12 1 1 1 10 12 1 1 10 7 12 1 1 1 1 1 1 1 1 1 1 1 1 1 1 1 1 1 1 1 1 1 1 1 1 1 1 1 1 1 1
ciInstanceKlass java/lang/ref/Finalizer 1 1 177 9 7 12 1 1 1 10 7 12 1 1 1 9 12 1 1 9 12 1 1 9 12 1 9 12 1 9 12 1 1 10 12 1 100 1 8 1 10 12 1 10 12 1 1 9 12 1 100 1 10 12 1 7 1 11 7 12 1 1 10 12 1 100 1 10 12 1 10 7 12 1 1 1 10 12 1 1 10 100 12 1 1 8 1 10 12 1 10 12 1 10 12 1 100 1 10 12 1 10 100 12 1 1 1 100 1 10 10 12 1 1 7 1 10 12 1 10 12 1 1 10 12 1 1 10 7 12 1 1 1 7 1 10 7 1 10 10 12 1 1 1 1 1 1 1 1 1 1 1 1 1 1 1 1 1 1 1 1 1 1 1 1 1 1 100 1 1 1 1 1 1 1 1 1 1 1
staticfield java/lang/ref/Finalizer lock Ljava/lang/Object; java/lang/Object
staticfield java/lang/ref/Finalizer ENABLED Z 1
staticfield java/lang/ref/Finalizer $assertionsDisabled Z 1
instanceKlass java/lang/reflect/Executable
instanceKlass java/lang/reflect/Field
ciInstanceKlass java/lang/reflect/AccessibleObject 1 1 374 10 7 12 1 1 1 10 100 12 1 1 1 10 7 12 1 1 1 10 12 1 1 9 12 1 1 100 1 10 7 12 1 1 1 11 12 1 100 1 10 12 1 7 1 100 1 10 12 1 1 10 12 1 1 10 12 1 1 10 12 1 1 10 12 1 1 7 1 10 100 12 1 1 1 10 12 1 1 11 10 7 12 1 1 1 10 12 1 1 10 12 1 10 12 1 10 12 1 1 10 12 1 8 1 100 1 100 1 10 10 12 1 1 8 1 10 12 1 10 12 1 8 1 8 1 8 1 8 1 8 1 8 1 8 1 8 1 8 1 100 1 10 12 1 10 12 1 9 100 12 1 1 1 10 12 1 1 10 12 1 10 100 1 100 1 8 1 10 8 1 10 12 1 8 1 10 12 1 10 12 1 1 10 100 1 8 1 10 11 7 12 1 1 1 10 12 1 1 10 12 1 1 10 12 1 1 9 12 1 1 100 1 10 12 1 7 1 10 12 1 10 12 1 1 10 100 1 10 12 1 10 12 10 12 1 10 12 1 10 12 1 1 10 12 1 9 12 1 10 100 12 1 1 8 1 10 12 1 1 8 1 10 100 12 1 1 1 9 12 1 100 1 10 7 1 10 10 7 12 1 1 1 10 7 12 1 1 1 9 12 1 1 1 1 1 1 1 1 1 1 1 1 1 1 1 1 1 1 1 1 1 1 1 1 1 1 1 1 1 1 1 1 1 1 1 1 1 1 1 1 1 1 1 1 1 1 1 1 1 1 1 1 1 1 1 1 1 1 1 1 1 1 1 1 1 1 1 1 1 1 1 1 1 1 1 1 1 1 1 1 1 1 1
staticfield java/lang/reflect/AccessibleObject reflectionFactory Ljdk/internal/reflect/ReflectionFactory; jdk/internal/reflect/ReflectionFactory
ciInstanceKlass java/lang/reflect/Method 1 1 468 9 7 12 1 1 1 10 100 12 1 1 1 10 100 12 1 1 9 12 1 1 9 12 1 1 10 12 1 1 10 12 1 1 10 12 1 1 10 100 12 1 1 10 7 12 1 1 1 9 12 1 1 9 12 1 9 12 1 1 9 12 1 9 12 1 9 12 1 1 9 12 1 9 12 1 1 9 12 1 9 12 1 100 1 8 1 10 12 1 10 12 1 9 12 1 1 10 7 12 1 1 1 10 12 1 1 10 12 1 1 10 12 1 10 12 1 1 9 100 12 1 1 1 10 12 1 1 10 12 10 7 12 1 1 10 12 1 1 10 12 1 10 12 1 10 12 1 10 100 12 1 1 1 10 12 1 1 9 12 1 10 7 1 10 7 12 1 1 1 10 7 12 1 1 10 12 1 1 10 12 1 1 10 12 1 10 7 12 1 1 1 10 12 1 10 8 1 10 12 1 10 12 1 7 1 8 1 8 1 8 1 10 12 1 10 12 1 1 10 12 1 1 10 10 12 1 1 10 12 1 11 100 1 10 12 1 9 12 1 1 10 12 1 1 10 12 1 10 12 1 1 10 12 1 1 11 7 12 1 1 1 11 12 1 9 12 1 1 10 12 1 10 12 1 10 12 1 10 12 1 10 12 1 10 12 1 9 12 1 1 10 7 12 1 1 1 10 7 12 1 1 10 12 1 1 10 7 12 1 1 1 10 7 12 1 1 1 10 7 12 1 1 1 11 7 12 1 1 1 10 7 12 1 1 1 7 1 100 1 100 1 10 12 1 10 12 1 1 10 12 1 100 1 8 1 10 12 1 10 10 12 1 1 10 12 1 1 10 12 1 1 10 12 1 1 8 1 10 12 1 1 1 1 1 1 1 1 1 1 1 1 1 1 1 1 1 1 1 1 1 1 1 1 1 1 1 1 1 1 1 1 1 1 1 1 1 1 1 1 1 1 1 1 1 1 1 1 1 1 1 1 1 100 1 100 1 100 1 1 1 1 1 1 1 1 1 1 1 1 1 1 1 1 1 1 1 1 1 1 1 1 1 1 1 1 1 1
ciInstanceKlass java/lang/reflect/Member 1 1 37 100 1 10 12 1 1 100 1 100 1 1 1 1 3 1 3 1 1 1 1 1 1 1 1 1 1 1 1 1 1 1 1 1 1 1 1
instanceKlass java/lang/reflect/Constructor
instanceKlass java/lang/reflect/Method
ciInstanceKlass java/lang/reflect/Executable 1 1 581 10 7 12 1 1 1 10 7 12 1 1 1 10 7 12 1 1 1 11 7 12 1 1 1 10 7 12 1 1 1 10 12 1 1 10 7 12 1 1 1 10 100 12 1 1 1 10 12 1 8 1 10 10 12 1 1 10 12 1 1 10 100 12 1 1 1 18 12 1 1 11 100 12 1 1 1 8 1 8 1 8 1 10 100 12 1 1 1 11 12 1 1 100 1 8 1 8 1 10 12 1 100 1 8 1 10 12 1 8 1 11 100 12 1 1 1 100 1 11 100 12 1 1 1 11 12 1 8 1 18 8 1 10 12 1 10 12 1 1 18 8 1 10 12 1 100 1 10 12 1 10 12 1 11 12 1 10 12 1 1 8 1 8 1 10 12 1 1 10 12 1 1 10 10 12 1 9 100 12 1 1 1 10 100 12 1 1 1 10 12 1 10 12 1 1 10 100 12 1 1 10 12 1 10 12 1 10 12 1 10 7 12 1 1 100 1 10 100 12 1 1 1 10 12 1 1 10 100 12 1 1 10 12 1 10 12 1 1 9 100 12 1 1 1 10 100 10 12 1 8 1 10 12 1 10 12 1 3 100 1 8 1 10 12 1 10 12 1 10 10 12 1 10 12 1 1 8 1 8 1 8 1 9 12 1 1 9 12 1 10 12 1 100 1 8 1 10 12 1 10 12 1 10 12 1 1 10 12 1 1 10 12 1 10 12 10 12 1 100 1 10 12 1 10 12 1 1 100 1 10 100 12 1 1 1 7 1 10 7 12 1 1 1 10 12 1 1 11 7 12 1 1 10 12 1 10 100 12 1 1 1 10 12 1 1 9 12 1 10 12 1 1 10 12 1 10 12 1 1 9 100 12 1 1 1 10 100 12 1 1 1 10 12 1 10 12 1 1 9 12 1 10 10 10 10 100 12 1 1 1 10 12 1 9 12 1 10 12 1 1 9 12 1 100 1 100 1 1 1 1 1 1 1 1 1 1 1 1 1 1 1 1 1 1 1 1 1 1 1 1 1 1 1 1 1 1 1 1 1 1 1 1 100 1 1 1 1 1 1 1 1 1 1 1 1 1 1 1 1 1 1 1 100 1 1 1 1 1 1 1 1 1 1 1 1 1 1 1 1 1 1 1 1 1 1 1 1 1 1 1 1 1 1 1 1 1 1 1 1 1 1 1 1 1 1 1 100 1 1 1 1 1 1 1 1 1 1 1 1 1 1 1 1 1 1 1 1 1 1 100 1 1 16 15 16 1 16 1 15 10 12 16 15 10 100 12 1 1 1 1 1 1 100 1 1 100 1 100 1 1
ciInstanceKlass java/lang/reflect/Constructor 1 1 437 10 100 12 1 1 1 10 100 12 1 1 9 7 12 1 1 1 9 12 1 1 10 12 1 1 10 12 1 1 10 12 1 1 10 100 12 1 1 10 7 12 1 1 1 9 12 1 1 9 12 1 1 9 12 1 9 12 1 1 9 12 1 9 12 1 1 9 12 1 1 9 12 1 100 1 8 1 10 12 1 10 12 1 9 12 1 1 10 7 12 1 1 1 10 12 1 1 10 12 1 1 10 12 1 7 1 100 1 8 1 10 10 12 1 10 12 1 10 12 1 1 9 100 12 1 1 1 10 7 12 1 1 10 12 1 1 10 12 1 10 12 1 1 10 100 12 1 1 1 10 100 12 1 1 10 12 1 1 10 12 1 10 100 12 1 1 1 8 1 10 10 12 1 100 1 8 1 10 12 1 10 12 1 1 10 12 1 1 10 12 1 10 12 1 10 12 1 1 10 12 1 1 9 12 1 1 10 12 1 1 10 12 1 1 10 12 1 1 11 7 12 1 1 1 10 12 1 1 10 12 1 10 12 1 10 12 1 8 1 9 12 1 1 10 7 12 1 1 1 10 7 12 1 1 10 12 1 1 10 12 1 1 10 12 1 1 10 12 1 1 10 12 1 9 100 12 1 1 10 12 1 10 12 1 10 12 1 100 1 8 1 10 10 12 1 1 10 12 1 10 10 12 1 1 10 12 1 1 10 100 12 1 1 1 11 100 12 1 1 1 10 12 1 1 9 100 12 1 1 1 10 100 12 1 1 1 10 12 1 1 1 1 1 1 1 1 1 1 1 1 1 1 1 1 1 1 1 1 1 1 1 1 1 1 1 1 1 1 1 1 1 1 1 1 1 1 1 1 1 1 1 1 1 1 1 1 1 1 1 1 1 1 1 1 100 1 100 1 100 1 100 1 1 1 1 1 1 1 1 1 1 1 1 1 1 1 1 1 1 1 1 1 1 1 1 1 1 1 1 1 1 1 1 100 1 1
ciInstanceKlass java/lang/reflect/Field 1 1 454 9 7 12 1 1 1 10 12 1 1 10 100 12 1 1 1 10 100 12 1 1 9 12 1 1 9 12 1 1 10 12 1 1 10 12 1 1 10 12 1 1 10 100 12 1 1 10 7 12 1 1 1 9 12 1 1 9 12 1 9 12 1 9 12 1 1 9 12 1 1 9 12 1 9 12 1 1 100 1 8 1 10 12 1 10 12 1 9 12 1 1 9 12 1 10 7 12 1 1 10 12 1 1 10 12 1 1 10 12 1 10 12 1 1 9 100 12 1 1 1 10 100 12 1 1 1 7 1 10 12 1 1 10 12 1 1 10 12 1 10 12 1 10 100 1 10 100 12 1 1 100 1 10 8 1 10 12 1 1 10 12 1 1 8 1 10 12 10 12 1 8 1 8 1 10 11 100 1 9 12 1 10 12 1 1 10 12 1 1 11 7 12 1 1 1 10 12 1 11 12 1 1 11 12 1 1 11 12 1 1 11 12 1 1 11 12 1 1 11 12 1 1 11 12 1 1 11 12 1 1 11 12 1 1 11 12 1 1 11 12 1 1 11 12 1 1 11 12 1 1 11 12 1 1 11 12 1 1 11 12 1 1 11 12 1 1 10 12 1 10 100 12 1 1 10 12 1 10 12 1 10 12 1 9 12 1 1 10 7 12 1 1 1 10 12 1 1 10 12 1 10 100 12 1 1 10 12 1 1 11 100 1 10 12 1 100 1 10 100 12 1 1 1 10 100 12 1 1 1 9 12 1 10 100 12 1 1 1 11 100 12 1 1 1 10 12 1 1 10 12 1 1 9 100 12 1 1 10 100 12 1 1 1 10 12 1 1 100 1 1 1 1 1 1 1 1 1 1 1 1 1 1 1 1 1 1 1 1 1 1 1 1 1 1 1 1 1 1 1 1 1 1 1 1 1 1 1 100 1 1 1 1 1 1 1 1 1 1 1 1 1 1 1 1 1 1 1 1 1 1 1 1 1 1 1 1 1 1 1 1 100 1 1 1 1 1 1 1 1 1 100 1 1
ciInstanceKlass java/lang/reflect/Parameter 0 0 243 10 100 12 1 1 1 9 100 12 1 1 1 9 12 1 1 9 12 1 1 9 12 1 10 12 1 1 10 12 1 1 10 100 12 1 1 1 100 1 10 10 12 1 1 11 100 12 1 1 1 10 12 1 10 100 12 1 1 1 10 12 1 1 10 12 1 10 12 1 8 1 8 1 10 100 12 1 1 1 10 12 1 10 12 9 100 12 1 1 1 10 100 12 1 1 1 10 12 1 8 1 10 12 1 9 12 1 1 10 12 1 1 9 12 1 1 10 12 1 1 10 12 1 1 10 12 1 1 10 12 1 10 10 12 1 10 100 12 1 1 1 10 12 1 1 11 100 12 1 1 10 100 12 1 1 100 1 10 100 12 1 1 1 10 12 1 1 10 12 1 1 10 12 1 1 10 12 1 1 9 12 1 100 1 10 11 12 1 1 11 12 1 1 100 1 1 1 1 1 1 1 1 1 1 1 1 1 1 1 1 1 1 1 1 1 1 1 1 1 1 1 1 1 1 1 1 1 1 1 1 1 1 1 1 1 100 1 1 1 1 1 1
ciInstanceKlass java/lang/reflect/RecordComponent 0 0 196 10 100 12 1 1 1 9 100 12 1 1 1 9 12 1 1 9 12 1 10 12 1 1 10 12 1 1 10 100 12 1 1 1 10 12 1 1 9 12 1 1 10 12 1 1 10 12 1 1 10 12 1 10 100 12 1 1 10 100 12 1 1 9 12 1 1 10 100 12 1 1 1 11 100 12 1 1 1 10 9 100 12 1 1 1 10 100 12 1 1 1 9 12 1 1 10 100 12 1 1 1 10 12 1 1 11 100 12 1 1 10 100 12 1 1 100 1 9 12 1 9 12 1 1 9 12 1 10 100 12 1 1 1 10 12 1 1 10 12 1 1 100 1 10 10 12 1 10 12 1 1 8 1 10 12 1 10 12 1 9 12 1 100 1 1 1 1 1 1 1 1 1 1 1 1 1 1 1 1 1 1 1 1 1 1 100 1 1 1 1 1 1 100 1 1
ciInstanceKlass java/lang/StringBuffer 1 1 487 10 7 12 1 1 1 10 12 1 10 12 1 10 12 1 1 9 7 12 1 1 1 10 12 1 1 10 12 1 10 12 1 1 9 12 1 1 10 12 1 10 12 1 1 10 12 1 1 10 12 1 10 12 1 1 10 12 1 10 12 1 1 10 12 1 1 10 7 12 1 1 1 10 12 1 1 10 12 1 10 12 1 10 12 1 10 12 1 10 12 1 10 12 1 10 12 1 10 12 1 10 12 1 10 12 1 10 12 1 10 12 1 10 12 1 10 12 1 1 10 12 1 10 12 1 1 10 12 1 1 10 10 12 1 1 10 12 1 10 12 1 10 12 1 10 12 1 10 12 1 10 12 1 10 12 10 12 1 10 12 1 10 12 1 10 12 1 1 10 12 1 10 12 1 10 10 12 1 1 10 12 1 10 12 1 10 12 1 8 1 10 12 1 10 10 100 12 1 1 1 10 10 12 1 1 9 12 1 1 10 100 12 1 1 10 100 1 8 10 100 12 1 1 1 8 10 12 1 8 1 10 12 1 10 12 1 10 100 12 1 1 1 10 100 12 1 1 1 7 1 10 12 100 1 8 1 10 10 12 1 1 10 12 1 1 10 12 1 10 12 1 10 12 1 1 10 12 1 10 12 1 10 12 1 10 12 1 10 12 1 10 12 10 12 1 10 12 1 10 12 1 10 12 1 10 12 1 10 12 1 10 12 1 10 12 1 10 12 1 10 12 1 10 12 10 12 10 12 1 10 12 1 10 12 1 10 12 10 12 1 10 12 1 10 12 1 10 12 1 10 12 1 10 12 1 10 12 1 10 12 1 10 12 1 10 12 1 10 12 1 7 1 10 12 1 9 7 12 1 1 1 9 7 1 9 12 1 1 100 1 100 1 100 1 100 1 1 1 1 5 0 1 1 1 1 1 1 1 1 1 1 1 1 1 1 1 1 1 1 1 1 1 1 1 1 1 1 1 1 1 1 1 1 1 1 1 1 1 1 1 1 1 1 1 1 1 1 1 1 1 1 1 1 1 1 1 1 1 1 1 1 100 1 1 1 1 1 100 1 1 1 1 1 1 1 1 1 1 1 1 1 1 1 1 1 1
staticfield java/lang/StringBuffer serialPersistentFields [Ljava/io/ObjectStreamField; 3 [Ljava/io/ObjectStreamField;
instanceKlass java/lang/StringBuilder
instanceKlass java/lang/StringBuffer
ciInstanceKlass java/lang/AbstractStringBuilder 1 1 619 7 1 10 7 12 1 1 1 9 7 12 1 1 1 9 12 1 9 12 1 1 9 12 1 1 10 7 12 1 1 1 10 12 1 1 100 1 3 3 10 12 1 10 12 1 1 11 7 1 100 1 100 1 10 8 1 10 12 1 10 12 1 10 12 1 1 10 12 1 10 12 1 9 12 1 10 12 1 9 12 1 1 10 12 1 1 10 7 12 1 1 1 10 10 12 1 10 12 1 10 12 1 1 10 12 1 1 10 7 12 1 1 1 10 7 12 1 1 1 100 1 8 1 10 10 12 1 1 100 1 10 12 10 12 1 1 10 10 12 1 1 10 12 1 1 10 12 1 1 10 12 1 1 10 10 7 12 1 1 1 10 12 1 100 1 10 10 7 12 1 1 1 9 12 1 1 9 12 1 10 12 1 1 10 10 12 1 1 10 12 10 12 1 10 12 1 1 10 12 1 1 10 12 1 1 10 12 1 10 12 1 1 10 12 1 1 10 12 1 10 12 1 1 8 1 10 12 1 1 10 12 1 10 12 1 10 12 1 10 7 12 1 1 10 12 1 10 12 1 10 12 1 10 12 1 10 12 1 100 1 9 12 1 1 9 12 1 10 12 1 1 7 1 9 12 1 9 12 10 12 1 10 12 1 10 12 1 1 10 12 1 10 12 1 1 10 12 1 10 12 1 1 10 12 1 1 10 10 7 12 1 1 1 10 12 1 10 12 1 10 12 1 1 10 12 1 10 12 1 10 12 1 10 12 1 10 12 1 10 12 1 10 12 1 10 12 1 10 12 1 1 10 12 1 10 12 1 10 12 10 12 1 1 18 12 1 1 100 1 10 100 12 1 1 1 18 10 12 1 1 10 12 1 1 10 12 1 10 12 1 1 11 12 1 1 10 12 1 10 12 1 10 12 10 12 1 10 10 10 12 1 10 5 0 10 10 12 1 1 100 1 8 1 10 10 12 1 1 10 100 12 1 1 1 10 12 1 10 12 1 1 100 1 10 12 100 1 10 100 1 10 100 1 1 1 1 1 1 1 1 1 1 1 100 1 1 1 1 1 1 1 1 1 1 1 1 1 1 1 1 1 1 1 1 1 1 1 1 1 1 1 1 1 1 1 1 1 1 1 1 1 1 1 1 1 1 1 1 1 1 1 1 1 1 1 1 1 1 1 1 1 1 1 1 1 1 1 1 1 1 1 1 1 1 1 1 1 1 1 1 1 1 1 1 1 1 1 1 1 1 1 1 1 1 1 1 1 1 1 1 1 1 1 100 1 1 1 1 1 1 1 1 1 1 1 1 100 1 1 1 1 1 1 100 1 1 1 1 1 1 100 1 1 16 1 15 10 12 16 15 10 12 15 10 100 12 1 1 1 1 1 1 1 100 1 100 1 1
staticfield java/lang/AbstractStringBuilder EMPTYVALUE [B 0
ciInstanceKlass java/lang/StringBuilder 1 1 425 10 7 12 1 1 1 10 12 1 10 12 1 10 12 1 1 10 7 12 1 1 1 10 7 12 1 1 1 10 12 1 10 12 1 10 12 1 10 12 1 10 12 1 10 12 1 10 12 1 10 12 1 10 12 1 10 12 1 10 12 1 10 12 1 10 12 1 10 12 1 1 10 12 1 10 12 1 1 10 12 1 1 10 12 1 10 12 1 10 12 1 10 12 1 10 12 1 10 12 1 10 12 1 10 12 10 12 1 10 12 1 10 12 1 10 12 1 1 10 12 1 10 12 1 10 12 10 12 1 1 10 12 1 10 12 1 10 12 1 1 8 1 10 12 1 10 100 12 1 1 1 9 12 1 1 10 12 1 10 12 1 10 12 1 1 9 12 1 1 10 100 12 1 1 1 10 100 1 10 12 1 1 10 100 12 1 1 10 12 1 10 12 1 1 100 1 100 1 8 1 10 10 12 1 1 10 12 1 10 12 1 10 12 1 1 10 12 1 10 12 1 10 12 1 10 12 1 10 12 1 10 12 10 12 1 10 12 1 10 12 1 10 12 1 10 12 1 10 12 1 10 12 1 10 12 1 10 12 1 1 10 12 1 1 10 12 1 10 12 1 10 12 1 10 12 10 12 10 12 1 10 12 1 10 12 1 10 12 10 12 1 10 12 1 10 12 1 10 12 1 10 12 1 10 12 1 10 12 1 10 12 1 10 12 1 1 10 12 1 10 12 1 1 10 12 1 10 12 1 1 10 12 1 10 12 1 1 10 12 1 10 12 1 10 12 1 10 10 10 12 1 100 1 100 1 100 1 100 1 1 1 1 5 0 1 1 1 1 1 1 1 1 1 1 1 1 1 1 1 1 1 1 1 1 1 1 1 1 1 1 1 1 1 1 1 1 1 1 1 1 1 1 1 1 1 1 1 1 100 1 1 1 100 1 1 1 1 1 1 1 1 1 1 1
ciInstanceKlass java/security/CodeSource 1 1 396 10 7 12 1 1 1 9 7 12 1 1 1 9 12 1 1 9 12 1 1 9 12 1 1 10 7 12 1 1 1 9 12 1 1 10 100 12 1 1 10 100 10 100 12 1 1 1 10 12 1 1 10 12 1 1 100 1 10 10 100 12 1 1 1 10 100 12 1 1 1 10 12 1 1 100 1 10 12 1 1 10 12 1 1 10 12 1 1 10 12 1 10 10 100 1 10 12 1 1 10 100 12 1 1 1 10 12 1 1 10 12 1 10 12 1 8 1 10 12 1 10 12 1 10 12 1 1 10 12 1 8 1 10 12 1 1 10 100 1 10 10 12 1 1 8 1 10 12 1 10 12 1 10 12 1 8 1 8 1 9 12 1 1 100 1 8 1 10 12 1 10 12 1 1 8 1 10 12 1 8 1 8 1 8 1 10 100 12 1 1 10 12 1 1 10 12 1 10 12 1 1 10 12 1 1 10 12 1 1 100 1 100 1 10 12 1 10 12 10 12 1 1 10 100 12 1 1 10 12 1 100 1 10 12 10 100 12 1 1 1 10 8 1 10 12 1 10 12 1 1 100 1 10 12 1 1 100 1 100 1 8 1 8 1 10 10 12 1 1 10 100 12 1 1 1 100 1 10 12 10 12 1 1 11 100 12 1 1 10 10 12 1 11 10 12 1 8 1 100 1 10 12 1 10 12 1 1 10 12 1 11 12 1 1 100 1 1 1 1 5 0 1 1 1 1 1 1 1 1 1 1 1 1 1 1 1 1 1 1 1 1 1 1 1 1 1 1 1 1 1 1 1 1 1 1 1 1 1 1 1 1 1 1 1 1 1 1 1 1 1 1 1 1 1 1 1 1 1 1 1 1 1 1 1 1 1 1 100 1 1 1 1 1 1 1
ciInstanceKlass java/security/ProtectionDomain 1 1 141 10 7 12 1 1 1 9 7 12 1 1 1 9 12 1 1 9 12 1 1 10 7 12 1 1 7 1 9 12 1 9 12 1 1 7 1 9 12 1 1 9 12 1 10 100 12 1 1 10 100 12 1 1 1 10 12 1 1 10 12 1 8 1 100 1 8 1 10 12 1 10 11 12 1 1 10 100 12 1 1 1 10 12 1 1 8 1 11 8 1 10 12 1 8 1 8 1 8 1 10 12 1 8 1 8 1 1 1 1 1 1 1 1 100 1 1 100 1 1 1 1 1 1 1 1 1 1 1 1 1 1 1 1 1 1 1 100 1 1 1
instanceKlass jdk/internal/loader/BuiltinClassLoader
instanceKlass java/net/URLClassLoader
ciInstanceKlass java/security/SecureClassLoader 1 1 102 10 7 12 1 1 1 7 1 10 12 1 9 7 12 1 1 1 10 12 1 10 12 1 10 12 1 1 10 12 1 1 10 12 1 7 1 10 7 1 10 12 1 7 1 10 12 1 11 7 12 1 1 1 7 1 11 12 1 10 12 1 1 1 1 1 1 1 1 1 1 1 1 1 1 1 1 1 1 1 1 1 1 1 1 1 1 1 1 1 1 1 1 1 1 1 1 100 1 1 1 1
ciInstanceKlass java/net/URL 1 1 721 10 7 12 1 1 1 10 12 1 10 7 12 1 1 9 12 1 1 9 12 1 10 12 1 1 9 12 1 1 10 7 12 1 1 1 8 1 10 12 1 1 7 1 10 10 12 1 1 8 1 10 12 1 1 9 12 1 7 1 8 1 10 12 1 10 12 1 8 1 9 12 1 10 12 1 1 9 12 1 10 12 1 10 12 1 9 12 1 9 12 1 8 1 9 12 1 10 12 1 1 8 1 9 12 1 1 10 12 1 1 10 7 12 1 1 1 8 1 10 12 1 7 1 10 12 1 10 12 1 10 12 1 10 12 1 1 10 12 1 1 8 1 10 12 1 1 10 12 1 8 1 9 12 1 8 1 10 12 1 10 7 12 1 1 1 100 1 10 12 1 10 12 1 1 10 7 12 1 1 1 100 1 8 1 10 10 12 1 8 1 10 12 1 1 10 12 1 10 12 1 10 12 1 10 12 1 10 12 1 10 12 1 8 1 10 12 1 8 1 10 10 100 1 10 10 12 1 8 1 10 7 12 1 1 1 10 12 1 9 12 1 1 10 12 1 10 100 12 1 1 1 100 1 10 12 1 10 12 1 10 12 1 10 12 1 10 12 1 10 12 10 10 12 1 10 12 1 10 12 1 1 8 1 9 100 12 1 1 1 10 100 12 1 1 1 10 12 1 10 12 1 10 7 12 1 1 1 10 12 1 1 10 12 1 9 12 1 1 9 12 1 1 100 1 8 1 10 9 12 1 1 10 7 12 1 1 8 1 10 7 12 1 1 8 1 10 12 1 1 10 12 1 8 1 8 1 10 7 12 1 1 1 100 1 10 7 12 1 1 1 10 12 1 10 12 1 9 7 12 1 1 1 10 7 12 1 1 10 12 1 1 10 12 1 8 1 7 1 10 7 12 1 1 1 10 12 1 1 11 7 12 1 1 11 12 1 10 12 1 10 12 1 8 9 7 12 1 1 1 10 12 1 1 10 12 1 10 12 1 1 10 7 12 1 1 11 7 1 10 12 1 10 12 1 9 12 1 10 12 1 1 10 100 12 1 1 10 100 12 1 1 1 8 10 100 12 1 1 100 1 10 8 8 10 12 1 8 8 8 100 1 10 12 1 9 12 1 1 10 12 1 10 12 1 1 10 12 1 10 12 10 12 1 1 10 12 1 1 10 10 10 12 1 10 12 1 10 12 1 10 12 1 10 12 1 10 10 12 1 100 1 8 1 10 10 10 12 1 1 10 12 1 10 12 1 1 8 1 7 1 10 10 7 1 10 12 1 9 7 12 1 1 1 9 12 1 1 7 1 10 10 7 12 1 1 1 100 1 1 1 1 1 5 0 1 1 1 1 1 1 1 1 1 1 1 1 1 1 1 1 1 1 1 1 1 1 1 1 1 1 1 1 1 1 1 1 1 1 1 1 1 1 1 1 1 1 1 1 1 1 100 1 1 1 1 1 1 1 1 1 1 1 1 1 1 1 1 1 1 1 1 1 1 1 1 1 1 1 1 1 1 1 1 1 1 1 1 100 1 1 1 1 1 1 1 1 1 1 1 1 1 1 1 1 1 1 1 1 1 1 1 100 1 1 1 1 1 1 1 1 1 1 1 1 1 1 1 1 1 1
staticfield java/net/URL defaultFactory Ljava/net/URLStreamHandlerFactory; java/net/URL$DefaultFactory
staticfield java/net/URL handlers Ljava/util/Hashtable; java/util/Hashtable
staticfield java/net/URL streamHandlerLock Ljava/lang/Object; java/lang/Object
staticfield java/net/URL serialPersistentFields [Ljava/io/ObjectStreamField; 7 [Ljava/io/ObjectStreamField;
ciInstanceKlass java/net/URLClassLoader 0 0 467 10 100 12 1 1 1 100 1 10 12 1 9 100 12 1 1 1 100 1 10 12 1 9 12 1 1 10 10 12 1 10 12 1 10 100 12 1 1 1 10 12 1 1 10 100 12 1 1 1 10 100 12 1 1 1 100 1 10 12 1 1 10 12 1 1 10 12 1 1 100 1 100 1 10 12 1 1 10 12 1 1 11 100 12 1 1 1 11 100 12 1 1 1 11 12 1 1 100 1 11 12 1 11 100 12 1 1 10 12 1 11 12 1 11 12 1 1 11 10 12 1 1 10 12 1 1 10 12 1 1 10 100 12 1 1 1 8 1 10 12 1 1 10 12 1 10 12 1 1 100 1 10 12 1 100 1 10 100 12 1 1 1 10 10 12 1 10 12 1 1 10 100 12 1 1 10 12 1 100 1 100 1 10 8 1 10 12 1 1 8 1 10 12 1 1 10 10 12 1 8 1 8 1 10 100 12 1 1 1 10 12 1 1 10 12 1 1 10 12 1 1 10 12 1 1 10 12 1 1 10 12 1 10 12 1 100 1 100 1 8 1 10 12 1 10 12 1 1 10 12 1 1 100 1 10 12 1 10 100 12 1 1 1 10 12 1 1 10 12 1 10 12 1 1 10 12 1 10 100 12 1 1 1 8 1 11 100 12 1 1 1 9 100 12 1 1 1 10 100 12 1 1 1 9 12 1 9 12 1 9 12 1 9 12 1 9 12 1 9 12 1 10 100 12 1 1 1 8 1 10 12 1 1 10 12 1 10 12 1 1 100 1 10 12 1 100 1 10 10 12 1 10 10 100 12 1 1 1 1 1 1 1 1 1 1 1 1 1 1 1 1 1 1 1 1 1 1 1 1 1 1 1 1 1 1 1 1 1 1 1 100 1 100 1 100 1 100 1 1 1 1 1 1 1 1 1 1 1 1 1 1 1 1 1 1 1 1 1 1 1 1 1 1 1 1 1 1 1 1 1 1 1 1 1 1 1 1 1 100 1 1 1 1 1 1 1 1 1 1 1 1 1 1 1 1 1 1 1 1 1 1 1 1 1 1 1
ciInstanceKlass java/util/jar/Manifest 1 1 320 10 7 12 1 1 1 7 1 10 9 7 12 1 1 1 7 1 10 9 12 1 1 9 12 1 1 10 12 1 10 12 1 1 10 12 1 1 10 12 1 1 10 12 1 1 11 7 1 11 12 1 1 10 12 1 1 10 100 12 1 1 1 100 1 100 1 10 8 1 10 12 1 1 10 12 1 1 10 12 1 10 12 1 11 100 1 10 12 1 10 12 1 1 11 12 1 1 10 12 1 11 12 1 1 11 100 12 1 1 1 11 100 12 1 1 11 12 1 1 100 1 10 12 1 8 1 11 12 1 7 1 10 12 1 1 11 12 1 10 12 1 10 12 1 10 9 7 12 1 1 1 10 12 1 1 10 100 12 1 10 12 1 10 12 1 9 100 12 1 1 1 8 1 10 12 1 8 1 8 1 7 1 10 12 1 10 12 1 10 12 1 1 100 1 8 1 10 12 1 1 8 1 10 10 12 1 1 8 1 10 12 1 1 10 100 12 1 1 1 10 12 1 10 11 12 1 1 10 12 1 1 10 7 12 1 1 1 10 12 1 1 10 12 1 10 12 1 1 11 10 12 1 11 10 12 1 100 1 1 1 1 1 1 1 1 1 1 1 1 1 1 1 1 1 1 1 1 1 1 1 1 1 1 1 1 1 1 1 1 1 1 1 100 1 1 1 1 1 1 1 1 1 1 1 1 1 1 100 1 1 1 1 1 1 1 1 1 1 1
ciInstanceKlass java/io/ByteArrayInputStream 1 1 135 10 7 12 1 1 1 9 7 12 1 1 1 9 12 1 1 9 12 1 9 12 1 10 100 12 1 1 1 10 7 12 1 1 1 10 7 12 1 1 1 10 7 12 1 1 1 10 12 1 1 10 100 12 1 1 1 100 1 100 1 100 1 3 10 100 1 10 100 12 1 1 1 9 12 1 1 100 1 10 10 7 12 1 1 1 1 1 1 1 1 1 1 1 1 1 1 1 1 1 1 1 1 1 1 1 1 1 1 1 1 1 1 1 1 1 1 1 100 1 100 1 1 1 1 1 1 1 1 1 1 1 1 1 1
staticfield java/io/ByteArrayInputStream $assertionsDisabled Z 1
instanceKlass java/nio/ShortBuffer
instanceKlass java/nio/IntBuffer
instanceKlass java/nio/CharBuffer
instanceKlass java/nio/LongBuffer
instanceKlass java/nio/ByteBuffer
ciInstanceKlass java/nio/Buffer 1 1 259 100 1 10 7 12 1 1 1 9 7 12 1 1 1 9 12 1 9 12 1 1 9 12 1 9 12 1 1 10 12 1 1 10 12 1 1 10 12 100 1 100 1 10 8 1 10 12 1 1 10 12 1 8 1 8 1 10 12 1 1 10 12 1 8 1 9 12 1 1 100 1 8 1 10 12 1 8 1 8 1 9 12 10 12 1 8 1 8 1 8 1 10 12 1 8 1 8 1 8 1 100 1 10 100 1 10 100 1 10 9 12 1 1 10 7 12 1 1 1 100 1 10 12 1 1 10 12 1 10 100 12 1 1 10 7 12 1 1 1 10 7 12 1 1 1 9 12 1 1 10 7 12 1 1 1 9 12 1 1 7 1 10 10 12 1 1 7 1 10 10 7 12 1 1 1 1 1 3 1 1 1 1 1 1 1 1 1 1 1 1 1 1 100 1 1 1 1 1 1 1 100 1 1 1 1 1 1 1 1 1 1 1 1 1 1 1 1 1 1 1 1 1 1 1 1 1 1 1 1 1 1 1 1 1 1 1 1 1 1 1 1 1 1 100 1 100 1 100 1 100 1 100 1 100 1 100 1 1
staticfield java/nio/Buffer UNSAFE Ljdk/internal/misc/Unsafe; jdk/internal/misc/Unsafe
staticfield java/nio/Buffer SCOPED_MEMORY_ACCESS Ljdk/internal/misc/ScopedMemoryAccess; jdk/internal/misc/ScopedMemoryAccess
staticfield java/nio/Buffer IOOBE_FORMATTER Ljava/util/function/BiFunction; jdk/internal/util/Preconditions$4
staticfield java/nio/Buffer $assertionsDisabled Z 1
ciInstanceKlass jdk/internal/util/Preconditions 1 1 194 10 100 12 1 1 1 11 100 12 1 1 1 11 100 12 1 1 1 100 1 100 1 10 7 12 1 1 1 10 12 1 8 1 100 1 10 100 12 1 1 1 10 12 1 1 8 1 8 1 10 100 12 1 1 7 1 10 12 1 8 1 10 100 12 1 1 1 8 1 10 12 1 1 10 12 1 1 11 12 1 8 1 8 1 11 12 1 1 8 1 8 1 8 1 10 12 1 1 10 12 1 1 10 12 1 10 12 1 10 12 1 10 12 7 1 10 10 12 1 1 9 12 1 1 7 1 10 9 12 1 7 1 10 9 12 1 1 1 1 1 1 1 1 1 1 1 1 1 1 1 1 1 1 1 1 1 1 1 1 1 1 1 1 1 1 1 1 1 1 1 1 1 1 1 1 1 1 1 1 1 1 1 1 1 1 1 1 1 1 1 1 1 1
staticfield jdk/internal/util/Preconditions SIOOBE_FORMATTER Ljava/util/function/BiFunction; jdk/internal/util/Preconditions$4
staticfield jdk/internal/util/Preconditions AIOOBE_FORMATTER Ljava/util/function/BiFunction; jdk/internal/util/Preconditions$4
staticfield jdk/internal/util/Preconditions IOOBE_FORMATTER Ljava/util/function/BiFunction; jdk/internal/util/Preconditions$4
ciInstanceKlass java/util/function/BiFunction 1 1 65 10 100 12 1 1 1 18 12 1 1 11 100 12 1 1 11 100 12 1 100 1 1 1 1 1 1 1 1 1 1 1 1 1 1 1 1 1 1 1 1 1 1 1 1 1 1 1 16 15 11 12 15 10 100 12 1 1 1 1 100 1 100 1 1
ciMethod jdk/internal/util/Preconditions checkIndex (IILjava/util/function/BiFunction;)I 902 0 6177 0 -1
ciInstanceKlass java/lang/AssertionStatusDirectives 0 0 24 10 100 12 1 1 1 100 1 1 1 1 1 1 1 1 1 1 1 1 1 1 1 1
instanceKlass java/text/DecimalFormat$NumericPosition
instanceKlass jdk/internal/classfile/impl/StackCounter$Target
instanceKlass jdk/internal/classfile/impl/StackMapDecoder$StackMapFrameImpl
instanceKlass jdk/internal/classfile/impl/StackMapDecoder$ObjectVerificationTypeInfoImpl
instanceKlass java/lang/reflect/Proxy$ProxyBuilder$ProxyClassContext
instanceKlass sun/font/HBShaper$ScopedVars
instanceKlass jdk/internal/foreign/abi/UpcallLinker$InvocationData
instanceKlass jdk/internal/classfile/impl/StackMapGenerator$RawExceptionCatch
instanceKlass jdk/internal/foreign/abi/NativeEntryPoint$CacheKey
instanceKlass jdk/internal/foreign/abi/DowncallLinker$InvocationData
instanceKlass jdk/internal/foreign/abi/LinkerOptions$CaptureCallState
instanceKlass jdk/internal/foreign/abi/x64/windows/CallArranger$Bindings
instanceKlass jdk/internal/foreign/abi/Binding$SegmentOffset
instanceKlass jdk/internal/foreign/abi/Binding$SegmentBase
instanceKlass jdk/internal/foreign/abi/Binding$BufferLoad
instanceKlass jdk/internal/foreign/abi/Binding$VMStore
instanceKlass jdk/internal/foreign/abi/Binding$ShiftRight
instanceKlass jdk/internal/foreign/abi/Binding$ShiftLeft
instanceKlass jdk/internal/foreign/abi/Binding$Dup
instanceKlass jdk/internal/foreign/abi/Binding$Allocate
instanceKlass jdk/internal/foreign/abi/Binding$Copy
instanceKlass jdk/internal/foreign/abi/Binding$BufferStore
instanceKlass jdk/internal/foreign/abi/Binding$BoxAddress
instanceKlass jdk/internal/foreign/abi/Binding$VMLoad
instanceKlass jdk/internal/foreign/abi/LinkerOptions$Critical
instanceKlass jdk/internal/foreign/abi/AbstractLinker$LinkRequest
instanceKlass jdk/internal/foreign/abi/LinkerOptions$FirstVariadicArg
instanceKlass java/util/Formatter$FixedString
instanceKlass jdk/internal/classfile/impl/AbstractInstruction$SwitchCaseImpl
instanceKlass jdk/internal/misc/ThreadTracker$ThreadRef
instanceKlass jdk/net/UnixDomainPrincipal
instanceKlass jdk/internal/foreign/Utils$BaseAndScale
instanceKlass jdk/internal/foreign/LayoutPath$GroupElementByName
instanceKlass java/lang/invoke/StringConcatFactory$InlineHiddenClassStrategy$MethodHandlePair
instanceKlass java/security/SecureClassLoader$CodeSourceKey
instanceKlass java/util/zip/ZipFile$EntryPos
instanceKlass jdk/internal/module/ModuleReferenceImpl$CachedHash
instanceKlass java/util/stream/Collectors$CollectorImpl
instanceKlass java/lang/invoke/MethodHandles$Lookup$ClassDefiner
instanceKlass jdk/internal/classfile/impl/ClassHierarchyImpl$ClassHierarchyInfoImpl
instanceKlass java/lang/classfile/ClassHierarchyResolver$1Factory
instanceKlass jdk/internal/classfile/impl/RawBytecodeHelper$CodeRange
instanceKlass jdk/internal/classfile/impl/StackMapGenerator$Type
instanceKlass jdk/internal/classfile/impl/Util$1WithCodeMethodHandler
instanceKlass jdk/internal/classfile/impl/DirectCodeBuilder$DeferredLabel
instanceKlass java/lang/invoke/InvokerBytecodeGenerator$ClassData
instanceKlass jdk/internal/classfile/impl/AnnotationImpl
instanceKlass jdk/internal/reflect/ReflectionFactory$Config
instanceKlass jdk/internal/foreign/abi/UpcallLinker$CallRegs
instanceKlass jdk/internal/foreign/abi/VMStorage
ciInstanceKlass java/lang/Record 1 1 22 10 7 12 1 1 1 100 1 1 1 1 1 1 1 1 1 1 1 1 1 1
ciInstanceKlass java/util/concurrent/ConcurrentHashMap 1 1 1218 100 1 7 1 10 7 12 1 1 1 10 12 1 1 9 12 1 1 3 10 7 12 1 1 1 3 100 1 10 7 12 1 1 1 100 1 10 100 12 1 1 1 100 1 11 12 1 1 11 12 1 11 12 1 1 9 12 1 1 9 12 1 9 12 1 10 7 12 1 1 1 7 1 10 12 1 1 10 12 1 1 10 7 12 1 1 1 4 10 12 1 11 7 12 1 1 10 12 1 10 12 1 1 100 1 10 5 0 10 12 1 9 12 1 10 12 1 1 5 0 10 12 1 10 12 1 9 12 1 1 10 12 1 1 9 12 1 9 12 1 1 10 12 1 1 9 12 1 10 12 1 1 9 12 1 1 10 12 1 1 100 1 10 100 1 10 12 1 10 12 1 1 10 12 1 1 10 12 1 1 10 12 1 10 12 1 1 10 12 1 1 100 1 10 12 1 1 7 1 100 1 8 1 10 12 1 10 12 1 1 10 12 1 1 10 10 12 1 11 12 1 1 11 7 12 1 1 1 11 7 12 1 1 1 11 12 1 7 1 11 12 1 11 12 1 10 12 1 1 10 12 1 1 9 12 1 1 10 100 12 1 1 1 9 10 12 1 1 9 12 1 10 12 1 1 5 0 9 12 1 1 7 1 10 12 1 9 12 1 1 7 1 10 12 1 9 12 1 7 1 10 100 1 10 10 12 1 1 8 1 10 12 1 10 12 1 1 11 100 1 10 12 1 10 100 12 1 1 1 8 1 10 100 12 1 1 1 8 1 10 12 1 8 1 10 12 1 10 12 1 1 10 100 12 1 1 10 12 1 10 12 1 10 12 1 9 12 1 9 10 12 1 9 12 1 1 11 100 12 1 1 1 11 7 12 1 1 1 100 1 10 12 11 100 12 1 1 10 11 7 12 1 10 12 1 100 1 10 12 1 100 1 10 10 9 7 12 1 1 1 3 10 100 12 1 1 9 12 1 10 12 1 1 9 12 1 1 9 12 1 10 12 1 1 10 100 12 1 1 9 12 1 9 7 12 1 1 10 12 1 1 10 12 1 3 9 12 1 9 12 1 10 12 1 1 7 1 9 3 100 1 10 12 1 9 12 1 10 12 1 9 12 1 10 12 1 9 12 1 10 100 12 1 1 1 100 10 12 1 100 1 5 0 10 100 12 1 1 100 1 10 12 1 1 10 12 1 10 12 1 100 1 10 12 1 10 100 1 100 1 10 10 12 1 10 100 1 10 12 1 10 100 1 10 12 1 10 100 1 10 12 1 1 100 1 10 12 1 10 10 12 1 100 1 10 12 1 10 10 12 1 100 1 10 12 1 10 100 1 10 12 1 10 100 1 10 12 1 10 100 1 10 12 1 10 100 1 10 12 1 10 100 1 10 12 1 10 100 1 10 12 1 10 100 1 10 12 1 10 100 1 10 10 100 1 10 10 100 1 10 10 100 1 10 12 1 10 100 1 10 12 1 10 100 1 10 12 1 10 100 1 10 12 1 10 100 1 10 12 1 10 100 1 10 10 100 1 10 10 100 1 10 10 100 1 10 12 1 10 100 1 10 12 1 10 100 1 10 12 1 10 100 1 10 12 1 10 100 1 10 12 1 10 10 12 1 10 12 1 7 1 7 1 10 12 1 9 12 1 1 9 12 1 1 10 12 1 1 8 10 12 1 1 8 8 8 8 7 10 12 1 1 10 12 1 100 1 8 1 10 7 1 100 1 100 1 1 1 5 0 1 1 3 1 3 1 1 1 1 3 1 3 1 3 1 1 1 1 1 3 1 3 1 3 1 1 1 1 1 1 1 1 1 1 1 1 1 1 1 1 1 1 1 1 1 1 1 1 1 1 1 100 1 1 1 1 1 1 1 1 1 1 1 1 1 1 1 1 1 1 1 1 1 1 1 1 1 1 1 1 1 1 1 1 1 1 1 1 1 1 1 1 1 1 1 1 1 1 1 1 1 1 1 1 1 1 1 1 1 1 1 1 1 1 1 1 1 1 1 1 1 1 1 1 1 1 1 1 1 1 1 1 1 1 1 1 100 1 1 1 1 1 1 1 1 1 1 1 100 1 1 1 1 1 1 1 1 1 1 1 1 1 1 1 1 1 1 1 1 1 1 1 1 1 1 1 1 1 1 1 1 1 1 1 1 1 1 1 1 1 1 1 1 1 1 1 1 1 1 1 1 1 1 1 1 1 1 1 1 1 1 1 1 1 1 1 1 1 1 1 1 1 1 1 1 1 1 1 1 1 1 1 1 1 1 1 1 1 1 1 1 1 1 1 1 1 1 1 1 1 1 1 1 1 1 1 1 1 1 1 1 1 1 1 1 1 1 1 1 1 1 1 1 1 1 1 1 1 1 1 1 1 1 1 1 1 1 1 1 1 1 1 1 1 1 1 1 1 1 1 1 1 1 1 1 1 1 1 1 1 1 1 1 1 1 1 1 1 1 1 1 1 1 1 1 1 1 1 1 1 1 1 1 1 1 1 1 1 1 1 1 1 1 1 1 1 1 1 1 1 1 1 1 1 1 1 1 1 1 1 1 1 1 1 1 1 1 1 1 1 1 1 100 1 100 1 100 1 100 1 100 1 100 1 100 1 100 1 100 1 1 1 1 1 1 1 1 1 1 1 1 1 1 1 1 1 1 1 1 1 1 1 1 1 1 1 1 1 1 1 1 1 1 1 1 1 1 1 1 1 1 1 1 1 1 1 1 1 1 1 1 1 1 1 1 1 1
staticfield java/util/concurrent/ConcurrentHashMap serialPersistentFields [Ljava/io/ObjectStreamField; 3 [Ljava/io/ObjectStreamField;
staticfield java/util/concurrent/ConcurrentHashMap U Ljdk/internal/misc/Unsafe; jdk/internal/misc/Unsafe
staticfield java/util/concurrent/ConcurrentHashMap SIZECTL J 20
staticfield java/util/concurrent/ConcurrentHashMap TRANSFERINDEX J 32
staticfield java/util/concurrent/ConcurrentHashMap BASECOUNT J 24
staticfield java/util/concurrent/ConcurrentHashMap CELLSBUSY J 36
staticfield java/util/concurrent/ConcurrentHashMap CELLVALUE J 144
staticfield java/util/concurrent/ConcurrentHashMap ABASE I 16
staticfield java/util/concurrent/ConcurrentHashMap ASHIFT I 2
instanceKlass java/text/AttributedString$AttributeMap
instanceKlass sun/font/AttributeMap
instanceKlass org/apache/commons/collections4/map/AbstractHashedMap
instanceKlass java/util/Collections$SingletonMap
instanceKlass java/util/concurrent/ConcurrentSkipListMap
instanceKlass java/util/TreeMap
instanceKlass sun/awt/SoftCache
instanceKlass java/util/IdentityHashMap
instanceKlass java/util/EnumMap
instanceKlass java/util/WeakHashMap
instanceKlass java/util/Collections$EmptyMap
instanceKlass sun/util/PreHashedMap
instanceKlass java/util/HashMap
instanceKlass java/util/ImmutableCollections$AbstractImmutableMap
instanceKlass java/util/concurrent/ConcurrentHashMap
ciInstanceKlass java/util/AbstractMap 1 1 198 10 7 12 1 1 1 10 7 12 1 1 1 11 7 12 1 1 1 10 11 12 1 1 11 7 12 1 1 1 11 12 1 1 7 1 11 12 1 10 12 1 1 11 12 1 100 1 10 11 12 1 11 7 1 10 12 1 1 11 12 1 9 12 1 1 100 1 10 12 1 9 12 1 1 7 1 10 11 11 12 1 1 11 12 1 100 1 100 1 11 12 1 8 1 100 1 10 10 12 1 1 8 1 10 12 1 10 12 1 1 10 12 1 1 1 1 1 1 1 1 1 1 1 1 1 1 1 1 1 1 1 1 1 1 1 1 1 1 1 1 1 1 1 1 1 1 1 1 1 1 1 1 100 1 1 1 1 1 1 1 100 1 1 1 1 1 1 1 1 1 7 1 1 1 1 1 1 1 1 1 100 1 100 1 100 1 100 1 100 1 1 1 1 1 1 1 1
ciInstanceKlass java/util/concurrent/ConcurrentMap 1 1 201 11 100 12 1 1 1 10 100 12 1 1 11 12 1 1 11 100 12 1 1 1 11 100 12 1 1 1 11 12 1 1 100 1 11 12 1 11 12 1 100 1 11 100 12 1 1 1 18 12 1 11 12 1 1 11 100 12 1 1 11 12 1 1 11 100 12 1 11 12 1 1 11 12 1 1 100 1 100 1 1 1 1 1 1 1 1 1 1 1 1 1 1 1 1 1 1 1 1 1 1 1 1 1 1 1 1 1 1 1 1 1 1 1 1 1 1 1 1 1 1 1 1 1 1 1 1 1 1 1 1 1 1 1 1 1 1 1 1 16 15 11 12 15 10 100 12 1 1 1 1 1 100 1 100 1 1 1 100 1 8 1 1 12 10 1 8 1 1 1 8 1 8 1 1 8 1 1 1 8 1 1 1 8 1 1 8 1 8 1 1 1 8 1 1 8 1 1 1 8 1
ciInstanceKlass java/util/Collection 1 1 115 11 100 12 1 1 1 100 1 11 7 12 1 1 1 10 100 12 1 1 1 11 12 1 1 11 100 12 1 1 1 11 12 1 1 11 100 12 1 1 1 11 12 1 1 10 100 12 1 1 1 11 12 1 10 7 12 1 1 1 100 1 100 1 1 1 1 1 1 1 1 1 1 1 1 1 1 1 1 1 1 1 1 1 1 1 1 1 1 1 1 1 1 1 1 1 1 1 1 1 1 1 1 1 1 1 1 1 1 1 1 1 1 1 1
instanceKlass jdk/internal/loader/ClassLoaders$BootClassLoader
instanceKlass jdk/internal/loader/ClassLoaders$PlatformClassLoader
instanceKlass jdk/internal/loader/ClassLoaders$AppClassLoader
ciInstanceKlass jdk/internal/loader/BuiltinClassLoader 1 1 652 9 7 12 1 1 1 10 7 12 1 1 1 10 7 12 1 1 1 9 12 1 1 9 12 1 1 7 1 10 12 1 9 12 1 10 12 1 9 12 1 10 7 12 1 1 1 10 7 12 1 1 1 10 7 12 1 1 1 11 7 12 1 1 1 100 1 100 1 10 10 12 1 1 8 1 10 12 1 10 12 7 1 10 12 1 10 12 1 1 11 7 12 1 1 1 11 7 12 1 1 1 11 12 1 1 7 1 8 1 8 1 10 9 12 1 1 10 7 12 1 1 11 12 1 1 10 12 1 1 10 12 1 1 10 12 1 1 11 7 12 1 1 1 10 7 12 1 1 7 1 10 100 12 1 1 1 10 7 12 1 1 1 10 12 1 10 12 1 100 1 8 1 10 12 1 1 10 8 1 10 12 1 1 10 12 1 1 10 12 1 1 11 7 12 1 1 11 12 1 7 1 10 11 12 1 1 11 10 12 1 1 7 1 10 12 1 10 7 12 1 10 12 1 11 12 1 1 11 7 1 11 12 1 7 1 10 12 1 1 100 1 100 1 11 12 1 1 10 12 1 10 12 10 12 1 10 7 12 1 1 1 7 1 10 10 12 1 1 10 12 1 1 10 12 1 1 10 12 1 9 12 1 1 100 1 10 10 12 1 1 10 12 1 1 10 12 1 10 12 10 12 1 1 10 12 1 1 10 12 1 1 10 12 1 10 12 1 1 10 12 1 1 10 12 1 10 12 1 1 10 12 1 7 1 10 12 10 7 12 1 1 1 10 12 1 11 12 1 7 1 10 12 1 7 1 100 1 10 12 1 10 12 1 11 12 1 1 10 12 1 1 10 12 1 1 10 12 1 1 10 12 1 1 10 12 1 10 12 1 10 12 1 10 12 1 8 1 10 12 1 1 10 7 12 1 1 10 12 1 100 1 8 1 8 1 10 10 12 1 8 1 8 1 10 7 12 1 1 1 11 7 12 1 1 1 9 7 12 1 1 1 10 7 12 1 1 1 9 12 1 9 12 1 9 12 1 9 12 1 9 12 1 9 12 1 10 7 12 1 1 1 8 1 10 12 1 7 1 10 11 12 1 1 10 12 10 12 1 10 12 1 100 1 10 12 1 10 12 1 11 11 12 1 10 7 12 1 1 10 7 12 1 1 8 1 10 7 12 1 1 10 12 1 1 1 1 1 1 1 1 1 1 1 1 1 1 1 1 1 1 1 1 1 1 1 1 1 1 1 1 1 1 1 1 1 1 1 1 1 1 1 1 1 1 1 1 1 1 1 1 1 1 1 1 1 1 1 100 1 1 1 1 1 1 1 1 1 1 1 1 1 100 1 100 1 1 1 1 1 1 1 1 1 1 1 1 1 1 1 1 1 1 1 1 1 1 1 1 1 1 1 1 1 1 1 1 1 1 1 1 1 1 1 1 1 1 1 1 1 1 1 100 1 1 1 100 1 1 1 1 1
staticfield jdk/internal/loader/BuiltinClassLoader packageToModule Ljava/util/Map; java/util/concurrent/ConcurrentHashMap
staticfield jdk/internal/loader/BuiltinClassLoader $assertionsDisabled Z 1
ciInstanceKlass jdk/internal/loader/ClassLoaders$AppClassLoader 1 1 57 8 1 10 7 12 1 1 1 10 100 12 1 1 1 10 12 1 1 10 7 12 1 1 1 100 1 10 12 1 1 1 1 1 1 1 1 1 1 1 1 1 1 1 1 1 1 1 1 1 1 1 1 100 1 1 1
ciInstanceKlass jdk/internal/loader/ClassLoaders$PlatformClassLoader 1 1 42 8 1 10 7 12 1 1 1 10 7 12 1 1 1 100 1 10 12 1 100 1 1 1 1 1 1 1 1 1 1 1 1 1 1 100 1 1 1 100 1 1
ciInstanceKlass java/lang/ArithmeticException 1 1 26 10 100 12 1 1 1 10 12 1 100 1 1 1 1 5 0 1 1 1 1 1 1 1 1 1
instanceKlass javax/swing/text/BadLocationException
instanceKlass javax/xml/stream/XMLStreamException
instanceKlass org/xml/sax/SAXException
instanceKlass javax/xml/parsers/ParserConfigurationException
instanceKlass java/lang/CloneNotSupportedException
instanceKlass net/sf/jasperreports/engine/JRException
instanceKlass java/awt/FontFormatException
instanceKlass java/security/PrivilegedActionException
instanceKlass javax/security/auth/callback/UnsupportedCallbackException
instanceKlass sun/security/pkcs11/wrapper/PKCS11Exception
instanceKlass java/security/GeneralSecurityException
instanceKlass java/net/URISyntaxException
instanceKlass javax/naming/NamingException
instanceKlass java/lang/InterruptedException
instanceKlass java/sql/SQLException
instanceKlass java/text/ParseException
instanceKlass javax/swing/UnsupportedLookAndFeelException
instanceKlass java/io/IOException
instanceKlass sun/nio/fs/WindowsException
instanceKlass java/lang/ReflectiveOperationException
instanceKlass java/lang/RuntimeException
ciInstanceKlass java/lang/Exception 1 1 40 10 7 12 1 1 1 10 12 1 10 12 1 10 12 1 10 12 1 100 1 1 1 1 5 0 1 1 1 1 1 1 1 1 1 1 1 1 1 1
instanceKlass com/lowagie/text/pdf/PdfXConformanceException
instanceKlass com/lowagie/text/ExceptionConverter
instanceKlass com/lowagie/text/DocumentException
instanceKlass java/lang/reflect/UndeclaredThrowableException
instanceKlass java/util/concurrent/StructureViolationException
instanceKlass java/util/ConcurrentModificationException
instanceKlass net/sf/jasperreports/engine/query/JRAbstractQueryExecuter$VisitExceptionWrapper
instanceKlass org/apache/commons/logging/LogConfigurationException
instanceKlass net/sf/jasperreports/engine/JRRuntimeException
instanceKlass java/time/DateTimeException
instanceKlass java/util/NoSuchElementException
instanceKlass java/security/ProviderException
instanceKlass java/lang/UnsupportedOperationException
instanceKlass java/util/MissingResourceException
instanceKlass com/mysql/cj/exceptions/CJException
instanceKlass java/lang/SecurityException
instanceKlass java/lang/WrongThreadException
instanceKlass java/lang/IllegalStateException
instanceKlass java/lang/IllegalArgumentException
instanceKlass java/lang/IndexOutOfBoundsException
instanceKlass java/lang/ArithmeticException
instanceKlass java/lang/NullPointerException
instanceKlass java/lang/IllegalCallerException
instanceKlass java/lang/IllegalMonitorStateException
instanceKlass java/lang/ArrayStoreException
instanceKlass java/lang/ClassCastException
ciInstanceKlass java/lang/RuntimeException 1 1 40 10 7 12 1 1 1 10 12 1 10 12 1 10 12 1 10 12 1 100 1 1 1 1 5 0 1 1 1 1 1 1 1 1 1 1 1 1 1 1
ciInstanceKlass java/lang/ArrayIndexOutOfBoundsException 1 1 45 10 100 12 1 1 1 10 12 1 100 1 10 8 1 10 12 1 1 10 12 1 10 12 1 1 100 1 1 1 1 5 0 1 1 1 1 1 1 1 1 1 1 1 1
ciInstanceKlass java/lang/ArrayStoreException 1 1 26 10 100 12 1 1 1 10 12 1 100 1 1 1 1 5 0 1 1 1 1 1 1 1 1 1
ciInstanceKlass java/lang/ClassCastException 1 1 26 10 100 12 1 1 1 10 12 1 100 1 1 1 1 5 0 1 1 1 1 1 1 1 1 1
ciInstanceKlass java/lang/ClassNotFoundException 1 1 96 7 1 10 7 12 1 1 1 10 12 1 10 12 1 1 10 100 12 1 1 1 8 1 10 100 12 1 1 1 10 7 12 1 1 10 100 12 1 1 1 10 100 12 1 1 1 10 12 1 1 7 1 10 12 1 9 12 1 1 1 1 1 5 0 1 1 1 1 1 1 1 1 1 1 1 1 1 1 1 1 1 1 100 1 1 1 1 1 1 1 1 1 1 1 1
staticfield java/lang/ClassNotFoundException serialPersistentFields [Ljava/io/ObjectStreamField; 1 [Ljava/io/ObjectStreamField;
instanceKlass java/lang/reflect/InvocationTargetException
instanceKlass java/lang/IllegalAccessException
instanceKlass java/lang/InstantiationException
instanceKlass java/lang/NoSuchFieldException
instanceKlass java/lang/NoSuchMethodException
instanceKlass java/lang/ClassNotFoundException
ciInstanceKlass java/lang/ReflectiveOperationException 1 1 34 10 7 12 1 1 1 10 12 1 10 12 1 10 12 1 100 1 1 1 1 5 0 1 1 1 1 1 1 1 1 1 1 1
ciInstanceKlass java/lang/IllegalCallerException 0 0 35 10 100 12 1 1 1 10 12 1 10 12 1 10 12 1 100 1 1 1 1 5 0 1 1 1 1 1 1 1 1 1 1 1 1
ciInstanceKlass java/lang/IllegalMonitorStateException 1 1 26 10 100 12 1 1 1 10 12 1 100 1 1 1 1 5 0 1 1 1 1 1 1 1 1 1
ciInstanceKlass java/lang/BootstrapMethodError 0 0 45 10 100 12 1 1 1 10 12 1 10 12 1 10 100 12 1 1 1 10 100 12 1 1 1 1 1 1 5 0 1 1 1 1 1 1 1 1 1 1 1 100 1 1 1
instanceKlass java/lang/ThreadDeath
instanceKlass java/lang/AssertionError
instanceKlass jdk/internal/misc/ScopedMemoryAccess$ScopedAccessError
instanceKlass java/lang/VirtualMachineError
instanceKlass java/lang/LinkageError
ciInstanceKlass java/lang/Error 1 1 58 10 7 12 1 1 1 9 12 1 1 10 100 12 1 1 1 10 100 12 1 1 1 10 12 1 10 12 1 10 12 1 10 12 1 100 1 1 1 1 5 0 1 1 1 1 1 1 1 1 100 1 1 1 1 1 1 1
instanceKlass java/lang/ExceptionInInitializerError
instanceKlass java/lang/IncompatibleClassChangeError
instanceKlass java/lang/BootstrapMethodError
instanceKlass java/lang/NoClassDefFoundError
ciInstanceKlass java/lang/LinkageError 1 1 31 10 7 12 1 1 1 10 12 1 10 12 1 100 1 1 1 1 5 0 1 1 1 1 1 1 1 1 1 1 1
ciInstanceKlass java/lang/NullPointerException 1 1 52 10 7 12 1 1 1 10 12 1 9 7 12 1 1 1 10 12 1 1 9 12 1 1 10 12 1 1 10 12 1 1 1 1 5 0 1 1 1 1 1 1 1 1 100 1 100 1 100 1 1 1
ciInstanceKlass java/lang/InternalError 1 1 34 10 100 12 1 1 1 10 12 1 10 12 1 10 12 1 100 1 1 1 1 5 0 1 1 1 1 1 1 1 1 1 1 1
instanceKlass java/lang/StackOverflowError
instanceKlass java/lang/OutOfMemoryError
instanceKlass java/lang/InternalError
ciInstanceKlass java/lang/VirtualMachineError 1 1 34 10 100 12 1 1 1 10 12 1 10 12 1 10 12 1 100 1 1 1 1 5 0 1 1 1 1 1 1 1 1 1 1 1
ciInstanceKlass java/lang/NoClassDefFoundError 1 1 26 10 7 12 1 1 1 10 12 1 100 1 1 1 1 5 0 1 1 1 1 1 1 1 1 1
ciInstanceKlass java/lang/OutOfMemoryError 1 1 26 10 100 12 1 1 1 10 12 1 100 1 1 1 1 5 0 1 1 1 1 1 1 1 1 1
ciInstanceKlass java/lang/StackOverflowError 1 1 26 10 100 12 1 1 1 10 12 1 100 1 1 1 1 5 0 1 1 1 1 1 1 1 1 1
ciInstanceKlass java/lang/StackTraceElement 1 1 235 10 7 12 1 1 1 10 7 12 1 1 9 12 1 1 9 12 1 1 9 12 1 9 12 1 8 1 10 100 12 1 1 1 100 1 9 12 1 8 1 9 12 1 9 12 1 9 12 1 1 10 12 1 1 10 12 1 8 1 10 100 12 1 1 1 100 1 10 12 1 10 12 1 1 10 12 1 10 12 1 1 10 12 1 10 12 1 10 10 12 1 8 1 10 12 1 10 12 1 1 10 12 1 1 10 12 1 10 12 1 10 12 1 9 12 1 1 10 7 12 1 1 1 10 12 1 1 7 1 10 12 1 1 10 7 12 1 1 10 7 12 1 1 1 10 7 12 1 1 10 7 12 1 1 10 10 12 1 1 10 12 1 1 10 12 1 1 10 12 1 100 1 1 1 1 1 1 1 3 1 3 1 1 5 0 1 1 1 1 1 1 1 1 1 1 1 1 1 1 1 1 1 1 1 1 1 1 1 1 1 1 1 1 1 100 1 100 1 1 1 1 1 1 1 100 1 1 1 1 1 1 1 1 1
instanceKlass java/util/concurrent/locks/AbstractQueuedSynchronizer
ciInstanceKlass java/util/concurrent/locks/AbstractOwnableSynchronizer 1 1 32 10 7 12 1 1 1 9 7 12 1 1 1 100 1 1 1 1 5 0 1 1 1 1 1 1 1 1 1 1 1 1
ciInstanceKlass jdk/internal/vm/Continuation 1 1 551 9 7 12 1 1 1 9 12 1 9 12 1 9 12 1 100 1 100 1 10 12 1 1 8 1 10 12 1 1 10 12 1 10 12 1 1 10 12 1 9 7 12 1 1 1 11 100 12 1 1 1 10 100 1 9 12 1 1 9 12 1 1 10 8 1 10 12 1 9 12 1 1 10 11 12 1 1 100 1 10 100 12 1 1 1 10 12 1 1 10 12 1 10 12 1 1 11 12 1 1 9 12 1 1 10 12 1 1 18 12 1 1 10 100 12 1 1 1 100 1 10 12 1 11 100 12 1 1 1 10 12 1 9 12 1 10 12 1 1 100 1 8 1 10 12 1 10 12 1 1 9 12 1 1 11 12 1 1 9 12 1 1 8 1 10 11 12 1 1 11 12 1 1 10 12 1 1 10 12 1 1 9 12 1 10 12 1 10 10 12 1 8 1 10 12 1 8 1 8 1 10 7 12 1 1 1 10 100 12 1 1 1 10 12 1 9 12 1 11 12 1 100 1 10 12 1 10 12 1 1 9 12 1 1 100 1 10 12 1 1 9 12 1 1 10 12 1 10 12 1 11 100 12 1 1 10 7 1 10 12 1 8 1 10 12 1 1 9 12 1 1 10 7 12 1 1 8 1 8 1 8 1 8 1 10 12 1 1 10 12 1 10 12 1 10 12 1 10 12 1 1 10 12 1 1 8 1 9 12 1 10 12 1 1 9 12 1 1 10 12 1 1 9 12 1 8 1 10 100 12 1 1 1 10 12 1 8 1 100 1 8 1 10 9 12 1 1 8 1 10 100 12 1 1 10 100 12 1 1 8 1 8 1 10 12 10 12 1 1 10 100 1 10 100 12 1 1 1 18 11 100 12 1 1 1 18 12 1 11 12 1 1 100 1 10 7 12 1 1 10 12 1 1 8 10 12 1 1 10 7 12 1 1 1 10 7 12 1 1 10 12 1 8 1 10 12 1 100 1 100 1 10 12 1 1 1 1 1 1 1 1 1 1 1 1 1 1 1 1 1 1 1 1 1 1 1 1 1 1 1 1 1 1 1 1 1 1 1 1 1 1 1 1 1 1 1 1 1 1 1 1 1 1 1 1 1 1 1 1 1 1 1 1 1 1 1 1 1 1 1 1 1 1 1 1 1 1 1 1 100 1 1 16 1 15 10 12 16 15 11 100 12 1 1 1 16 1 16 1 15 10 12 16 15 10 100 12 1 1 1 1 1 1 1 1 100 1 100 1 1
staticfield jdk/internal/vm/Continuation U Ljdk/internal/misc/Unsafe; jdk/internal/misc/Unsafe
staticfield jdk/internal/vm/Continuation MOUNTED_OFFSET J 13
staticfield jdk/internal/vm/Continuation PRESERVE_SCOPED_VALUE_CACHE Z 1
staticfield jdk/internal/vm/Continuation JLA Ljdk/internal/access/JavaLangAccess; java/lang/System$1
staticfield jdk/internal/vm/Continuation $assertionsDisabled Z 1
ciInstanceKlass jdk/internal/misc/UnsafeConstants 1 1 34 10 100 12 1 1 1 9 7 12 1 1 1 9 12 1 9 12 1 1 9 12 1 9 12 1 1 1 1 1 1 1 1 1
staticfield jdk/internal/misc/UnsafeConstants ADDRESS_SIZE0 I 8
staticfield jdk/internal/misc/UnsafeConstants PAGE_SIZE I 4096
staticfield jdk/internal/misc/UnsafeConstants BIG_ENDIAN Z 0
staticfield jdk/internal/misc/UnsafeConstants UNALIGNED_ACCESS Z 1
staticfield jdk/internal/misc/UnsafeConstants DATA_CACHE_LINE_FLUSH_SIZE I 0
instanceKlass java/lang/invoke/NativeMethodHandle
instanceKlass java/lang/invoke/DelegatingMethodHandle
instanceKlass java/lang/invoke/BoundMethodHandle
instanceKlass java/lang/invoke/DirectMethodHandle
ciInstanceKlass java/lang/invoke/MethodHandle 1 1 734 100 1 9 7 12 1 1 1 10 7 12 1 1 1 10 7 12 1 1 1 7 1 7 1 10 12 1 1 9 12 1 1 10 12 1 10 12 1 1 10 12 1 1 10 100 12 1 1 1 10 12 1 1 10 12 1 1 11 100 12 1 1 1 10 12 1 1 10 12 1 10 12 1 9 12 1 1 9 12 1 1 10 100 12 1 1 1 10 12 1 10 12 1 1 10 12 1 10 12 1 100 1 100 1 10 8 1 10 12 1 1 10 12 1 8 1 10 12 1 1 10 12 1 10 7 12 1 1 1 10 12 1 1 10 12 1 1 10 12 1 1 10 7 12 1 1 1 10 12 1 1 10 12 1 1 10 12 1 10 12 1 1 10 100 12 1 1 10 7 12 1 1 10 12 1 10 12 1 10 12 1 1 10 12 1 1 10 12 1 1 10 12 1 1 10 7 12 1 1 1 10 7 12 1 1 1 10 12 1 1 10 12 1 1 10 12 1 1 8 1 10 7 12 1 1 1 8 1 10 12 1 10 12 1 1 10 12 1 1 10 12 1 8 1 10 12 1 1 8 1 10 12 1 8 1 10 100 12 1 1 1 9 12 1 1 100 1 10 9 100 12 1 1 1 9 100 1 8 1 10 12 1 1 10 12 1 10 12 1 1 10 12 1 10 12 1 1 10 12 1 10 12 1 1 10 12 1 10 12 1 1 10 12 1 1 8 1 10 12 1 1 8 1 10 12 1 10 12 1 1 10 12 1 10 12 1 10 12 1 1 9 100 12 1 1 1 10 12 1 1 11 12 1 10 12 1 10 12 1 1 10 100 12 1 1 100 1 11 12 1 10 100 1 11 12 1 100 1 10 12 1 11 12 1 9 100 12 1 1 1 11 12 1 1 11 100 12 1 1 1 10 12 1 1 9 12 1 11 12 1 9 12 1 9 12 1 9 12 1 11 12 1 1 9 12 1 9 12 1 9 12 1 9 12 1 9 12 1 9 12 1 9 12 1 8 1 10 12 1 10 12 1 8 1 10 12 1 10 12 1 10 12 1 1 10 10 10 7 12 1 1 10 12 1 1 100 1 100 1 8 1 8 1 10 10 12 1 1 10 12 1 10 12 1 100 1 10 100 12 1 1 1 10 9 7 12 1 1 1 10 12 1 1 10 12 1 1 8 1 8 1 10 100 12 1 1 9 12 1 9 12 1 1 9 12 1 1 10 12 1 7 1 10 12 1 10 12 1 1 9 12 1 1 9 12 1 1 10 7 12 1 1 1 11 7 12 1 1 9 12 1 10 12 1 1 9 12 1 10 12 1 8 10 12 1 1 8 1 1 1 1 1 1 1 1 100 1 1 1 1 1 1 1 1 1 1 1 1 1 1 1 1 1 1 1 1 1 1 1 1 1 1 1 1 1 1 1 1 100 1 1 1 1 1 1 1 1 1 1 1 1 1 1 1 1 1 1 1 1 1 1 1 1 1 1 1 1 1 1 1 1 1 1 1 1 1 1 1 1 1 1 1 1 1 1 1 1 1 1 1 1 1 1 1 1 1 1 1 1 1 1 1 1 1 1 1 1 1 1 1 1 1 1 1 1 1 1 1 1 1 1 1 1 1 1 100 1 1 100 1 100 1 100 1 1 100 1 1 100 1 1 1 1
staticfield java/lang/invoke/MethodHandle FORM_OFFSET J 20
staticfield java/lang/invoke/MethodHandle UPDATE_OFFSET J 13
staticfield java/lang/invoke/MethodHandle $assertionsDisabled Z 1
ciInstanceKlass java/lang/invoke/MethodType 1 1 766 7 1 10 7 12 1 1 1 9 12 1 1 9 12 1 1 9 12 1 1 10 7 12 1 1 1 9 7 12 1 1 8 1 10 100 12 1 1 1 9 7 1 9 7 1 10 12 1 1 100 1 10 8 1 10 12 1 1 10 12 1 10 12 1 1 100 1 8 1 10 12 1 100 1 10 10 12 1 10 12 1 1 10 12 1 1 11 7 12 1 1 1 9 12 1 11 12 1 1 7 10 12 1 1 10 12 1 1 7 1 7 1 10 7 12 1 1 1 10 12 1 10 12 1 9 12 1 1 9 12 1 1 10 100 12 1 1 1 100 1 10 10 100 12 1 1 9 12 1 1 10 7 1 10 12 1 1 10 7 12 1 1 1 10 7 12 1 1 1 10 12 1 9 12 1 1 10 12 1 1 10 12 1 1 10 12 1 1 10 12 1 1 10 12 1 1 10 12 1 10 12 1 10 12 1 1 10 12 1 8 1 8 1 10 12 1 1 10 12 1 10 12 1 10 12 1 1 10 12 1 1 10 12 1 10 12 1 10 12 1 8 1 10 12 1 1 10 100 12 1 1 1 10 12 1 10 12 1 1 10 12 1 10 12 1 10 12 1 1 10 12 1 10 12 1 9 12 1 10 12 1 10 10 12 1 1 10 12 1 9 12 1 1 10 12 1 1 11 12 1 1 10 12 1 1 10 12 1 10 12 1 100 1 8 1 8 1 8 1 10 12 1 10 12 1 10 12 1 1 10 10 12 1 11 12 1 1 11 12 1 10 100 12 1 1 1 9 12 1 10 12 1 10 12 1 1 10 12 1 1 10 12 1 10 12 1 10 100 12 1 1 1 10 12 1 1 10 12 1 10 12 1 10 12 1 10 9 12 1 1 7 1 10 12 1 10 100 12 1 1 1 10 12 1 1 10 100 12 1 1 1 10 12 1 1 8 1 10 7 12 1 1 1 11 12 1 1 9 12 1 1 10 12 1 1 10 12 1 10 12 1 1 10 12 1 1 10 100 12 1 1 10 12 1 10 12 100 1 11 100 12 1 1 10 12 1 11 12 1 10 100 12 1 1 10 12 1 1 10 12 1 1 9 12 1 1 9 100 12 1 1 1 10 100 12 1 1 1 9 12 1 10 100 12 1 1 10 12 1 100 10 10 12 1 1 11 100 12 1 1 11 12 1 10 12 1 1 10 12 1 10 12 1 1 10 12 1 10 12 1 1 10 12 1 7 1 10 10 12 1 1 7 1 7 1 9 12 1 1 100 1 100 1 100 1 1 1 5 0 1 1 1 1 1 1 1 3 1 3 1 3 1 1 1 1 1 1 1 1 1 1 1 1 1 1 1 1 1 1 1 1 1 1 1 1 1 1 1 1 1 1 1 1 1 1 1 1 1 1 1 1 1 1 1 1 1 1 1 1 1 1 1 1 1 1 1 1 1 1 1 1 1 1 1 1 1 1 1 1 1 1 1 1 1 1 1 1 1 1 1 1 1 1 1 1 1 1 1 1 1 1 1 1 1 1 1 1 1 1 1 1 1 1 1 1 1 1 1 1 1 1 1 1 1 1 1 1 1 1 1 1 1 1 1 1 1 1 1 1 1 100 1 100 1 1 1 1 1 1 1 1 1 1 1 1 1 100 1 1 1 1 100 1 1 1 100 1 1 1 1 1 1 1 1 1 1 1 1 1 1 1 1 1 1 1 1 1 1 1 100 1 1 100 1 1
staticfield java/lang/invoke/MethodType internTable Ljdk/internal/util/ReferencedKeySet; jdk/internal/util/ReferencedKeySet
staticfield java/lang/invoke/MethodType NO_PTYPES [Ljava/lang/Class; 0 [Ljava/lang/Class;
staticfield java/lang/invoke/MethodType objectOnlyTypes [Ljava/lang/invoke/MethodType; 20 [Ljava/lang/invoke/MethodType;
staticfield java/lang/invoke/MethodType METHOD_HANDLE_ARRAY [Ljava/lang/Class; 1 [Ljava/lang/Class;
staticfield java/lang/invoke/MethodType serialPersistentFields [Ljava/io/ObjectStreamField; 0 [Ljava/io/ObjectStreamField;
staticfield java/lang/invoke/MethodType $assertionsDisabled Z 1
ciInstanceKlass java/lang/invoke/TypeDescriptor$OfMethod 1 0 43 100 1 100 1 100 1 1 1 1 1 1 1 1 1 1 1 1 1 1 1 1 1 1 1 1 1 1 1 1 1 1 1 1 1 1 1 1 1 1 100 1 1
instanceKlass jdk/internal/reflect/DirectMethodHandleAccessor
ciInstanceKlass jdk/internal/reflect/MethodAccessorImpl 1 1 38 10 7 12 1 1 1 10 100 12 1 1 1 100 1 1 1 1 1 1 1 100 1 100 1 1 1 1 1 1 1 1 1 1 1 1 1 1
ciInstanceKlass jdk/internal/reflect/MethodAccessor 1 0 17 100 1 100 1 1 1 1 100 1 100 1 1 1 1 1 1
ciInstanceKlass java/util/Objects 1 1 184 10 7 12 1 1 1 100 1 8 1 10 12 1 10 12 1 1 10 7 12 1 1 1 10 12 1 1 10 12 1 10 100 12 1 1 1 10 12 1 1 10 7 12 1 1 1 7 1 10 10 12 1 1 10 7 12 1 1 10 12 1 1 8 1 10 7 12 1 1 1 10 7 12 1 1 1 10 11 100 12 1 1 1 100 1 10 10 12 1 8 1 10 12 1 8 1 7 1 11 12 1 1 8 1 10 7 12 1 1 1 10 12 1 1 10 12 1 10 12 1 10 12 1 10 12 1 1 1 1 1 1 1 1 1 1 1 1 1 1 1 1 1 1 1 1 1 1 1 1 1 1 1 1 1 1 1 1 1 1 1 1 1 1 1 1 1 1 1 1 1 1 1 1 1 1 1 1 1 1 1 1 1 1
ciInstanceKlass jdk/internal/reflect/CallerSensitive 0 0 17 100 1 100 1 100 1 1 1 1 1 1 1 1 1 1 1
ciInstanceKlass jdk/internal/reflect/DirectConstructorHandleAccessor$NativeAccessor 1 1 44 10 7 12 1 1 1 9 7 12 1 1 1 10 12 1 1 1 1 1 1 1 1 1 1 1 1 1 1 1 1 1 100 1 100 1 1 1 1 1 100 1 1 1
ciInstanceKlass jdk/internal/reflect/ConstructorAccessor 1 0 16 100 1 100 1 1 1 1 100 1 100 1 100 1 1 1
instanceKlass jdk/internal/reflect/DirectConstructorHandleAccessor
instanceKlass jdk/internal/reflect/DirectConstructorHandleAccessor$NativeAccessor
ciInstanceKlass jdk/internal/reflect/ConstructorAccessorImpl 1 1 27 10 7 12 1 1 1 100 1 100 1 1 1 1 1 1 1 1 1 100 1 100 1 100 1 1 1
ciInstanceKlass jdk/internal/reflect/ConstantPool 1 1 142 10 100 12 1 1 1 9 7 12 1 1 1 10 12 1 1 10 12 1 1 10 12 1 10 12 1 1 10 12 1 1 10 12 1 10 12 1 1 10 12 1 10 12 1 1 10 12 1 10 12 1 10 12 1 10 12 1 1 10 12 1 1 10 12 1 1 10 12 1 1 10 12 1 10 12 1 1 10 100 12 1 1 1 8 11 7 12 1 1 1 10 7 12 1 1 1 1 1 1 1 1 1 1 1 1 1 1 1 1 1 1 1 1 1 1 1 1 1 1 1 1 1 1 1 1 1 1 1 1 1 1 1 1 1 1 1 1 1 1 1 1
instanceKlass java/lang/invoke/VolatileCallSite
instanceKlass java/lang/invoke/MutableCallSite
instanceKlass java/lang/invoke/ConstantCallSite
ciInstanceKlass java/lang/invoke/CallSite 1 1 297 10 7 12 1 1 1 10 7 12 1 1 1 9 12 1 1 10 7 12 1 1 1 10 12 1 100 1 10 12 1 1 10 12 1 1 9 100 12 1 1 1 10 100 12 1 1 10 12 1 1 100 1 100 1 10 10 100 12 1 1 1 10 12 1 1 8 1 10 12 1 10 12 1 1 10 12 1 10 12 1 1 10 12 1 1 10 10 100 12 1 1 10 12 1 1 9 12 1 9 100 12 1 1 1 8 1 10 7 12 1 1 1 10 12 1 1 100 1 10 12 1 1 9 12 1 8 1 100 1 10 12 1 10 12 1 100 1 8 1 10 10 12 1 10 12 1 1 100 1 10 12 1 1 10 12 1 10 12 1 10 12 1 1 10 12 1 1 9 12 1 1 8 10 12 1 1 9 12 1 1 100 1 10 10 12 1 10 100 12 1 1 1 10 12 1 1 10 12 1 1 10 12 1 10 7 12 1 1 1 100 1 8 1 10 10 12 10 12 1 1 100 1 100 1 100 1 8 1 10 12 1 10 7 12 1 1 1 1 1 1 1 1 1 1 1 1 1 1 1 1 1 1 1 1 1 1 1 1 1 1 1 1 1 1 1 1 1 1 1 1 1 1 1 1 1 1 1 1 1 1 1 1 1 1 1 1 1 1 1 1 100 1 100 1 1 1
staticfield java/lang/invoke/CallSite $assertionsDisabled Z 1
ciInstanceKlass java/lang/invoke/ConstantCallSite 1 1 65 10 7 12 1 1 1 9 7 12 1 1 1 9 12 1 1 10 7 12 1 1 1 10 12 1 100 1 10 12 9 12 1 1 100 1 10 10 12 1 1 10 12 1 1 1 1 1 1 1 1 1 1 1 1 1 100 1 1 1 1 1 1 1 1
staticfield java/lang/invoke/ConstantCallSite UNSAFE Ljdk/internal/misc/Unsafe; jdk/internal/misc/Unsafe
instanceKlass java/lang/invoke/DirectMethodHandle$Special
instanceKlass java/lang/invoke/DirectMethodHandle$StaticAccessor
instanceKlass java/lang/invoke/DirectMethodHandle$Interface
instanceKlass java/lang/invoke/DirectMethodHandle$Constructor
instanceKlass java/lang/invoke/DirectMethodHandle$Accessor
ciInstanceKlass java/lang/invoke/DirectMethodHandle 1 1 931 7 1 7 1 100 1 7 1 7 1 10 7 12 1 1 1 10 7 12 1 1 1 100 1 10 12 1 10 12 1 1 10 7 12 1 1 10 12 1 1 10 12 1 10 12 1 7 1 10 12 1 1 10 12 1 1 10 12 1 10 12 1 1 10 7 12 1 1 1 10 12 1 9 12 1 1 100 1 10 9 12 1 1 9 12 1 10 12 1 10 12 1 10 12 1 1 10 12 1 10 12 1 10 12 1 10 7 12 1 1 1 10 12 1 10 12 1 1 8 1 10 12 1 1 7 1 10 12 1 7 1 10 10 12 1 10 12 1 10 12 1 10 7 12 1 1 1 10 12 1 1 7 1 10 12 1 10 12 1 7 1 10 12 1 10 12 1 1 10 12 1 1 10 12 8 10 100 12 1 1 1 10 12 1 10 12 1 10 12 1 1 10 12 1 9 7 12 1 1 1 7 1 10 12 1 10 7 12 1 1 1 10 12 1 10 12 1 1 9 12 1 1 100 1 10 8 1 10 12 1 1 10 12 1 1 8 1 10 12 1 10 12 1 10 10 12 1 10 12 1 10 12 1 10 12 1 10 12 1 1 10 12 1 10 12 1 1 10 12 1 10 12 1 1 10 10 7 12 1 1 1 10 12 1 10 12 1 1 10 12 1 10 12 1 1 8 1 9 7 12 1 1 1 8 1 9 12 1 9 12 1 8 1 9 12 1 9 12 1 8 1 9 12 1 9 12 1 8 1 10 12 1 10 12 1 1 10 7 12 1 1 1 10 12 1 10 12 1 1 9 12 1 1 7 1 10 12 1 1 100 1 10 7 12 1 1 1 10 12 1 1 10 12 1 1 7 1 10 12 1 1 10 12 1 10 12 1 1 7 1 10 12 1 1 10 12 1 10 12 1 10 12 1 1 10 12 1 9 12 1 1 10 7 1 9 12 1 9 12 1 10 7 12 1 1 1 10 12 1 7 1 7 1 7 1 9 12 1 1 10 7 12 1 1 1 10 12 10 12 1 7 1 10 12 1 10 12 1 1 8 1 9 12 1 9 12 1 10 12 1 1 9 12 1 1 10 7 12 1 1 1 9 12 1 1 9 12 1 1 10 12 1 10 12 1 10 12 1 10 12 1 1 10 12 1 9 12 1 10 12 1 10 12 1 10 12 1 10 12 1 1 10 12 1 1 9 12 1 1 10 12 1 1 9 7 12 1 1 1 9 12 1 9 12 1 9 12 1 9 12 1 9 12 1 9 12 1 9 12 1 9 12 1 9 12 1 9 12 1 9 12 1 9 12 1 9 12 1 9 12 1 9 12 1 9 12 1 9 12 1 9 12 1 9 12 1 9 12 1 9 12 1 9 12 1 9 12 1 9 12 1 9 12 1 9 12 1 9 12 1 9 12 1 9 12 1 9 12 1 9 12 1 9 12 1 9 12 1 9 12 1 9 12 1 9 12 1 8 1 9 12 1 1 9 12 1 1 10 12 1 10 12 1 1 9 7 1 10 12 1 9 12 1 1 10 12 10 12 1 10 12 1 10 12 1 10 12 1 10 8 1 8 1 8 1 8 1 10 12 1 1 9 12 1 1 10 12 1 10 100 12 1 1 1 8 9 12 1 1 10 12 1 1 8 1 8 8 9 12 1 8 1 8 8 8 8 8 1 8 10 12 1 7 1 10 12 1 8 1 8 1 10 12 1 10 12 1 10 12 1 10 12 1 1 7 1 1 1 1 3 1 3 1 3 1 3 1 3 1 3 1 3 1 3 1 3 1 3 1 1 1 1 1 1 1 1 1 1 3 1 3 1 1 1 1 3 1 1 1 1 1 1 1 1 1 1 1 1 1 1 1 1 1 1 1 1 1 1 1 1 1 1 1 1 1 1 1 1 1 1 1 1 1 1 1 1 1 1 1 1 1 1 1 1 1 1 1 1 1 1 1 1 1 1 1 1 1 100 1 1 1 1 1 1 1 1 1 100 1 1 1 1 1 1 1 1 1 1 1 1 1 1 1 1 1 1 1 1 1 1 1 1 1 1 1 1 1 1 1 1 1 1 1 1 1 1 1 1 1 1 1 1 1 1 1 1 1 1 1 1
staticfield java/lang/invoke/DirectMethodHandle IMPL_NAMES Ljava/lang/invoke/MemberName$Factory; java/lang/invoke/MemberName$Factory
staticfield java/lang/invoke/DirectMethodHandle FT_UNCHECKED_REF I 8
staticfield java/lang/invoke/DirectMethodHandle ACCESSOR_FORMS [Ljava/lang/invoke/LambdaForm; 132 [Ljava/lang/invoke/LambdaForm;
staticfield java/lang/invoke/DirectMethodHandle ALL_WRAPPERS [Lsun/invoke/util/Wrapper; 10 [Lsun/invoke/util/Wrapper;
staticfield java/lang/invoke/DirectMethodHandle NFS [Ljava/lang/invoke/LambdaForm$NamedFunction; 12 [Ljava/lang/invoke/LambdaForm$NamedFunction;
staticfield java/lang/invoke/DirectMethodHandle OBJ_OBJ_TYPE Ljava/lang/invoke/MethodType; java/lang/invoke/MethodType
staticfield java/lang/invoke/DirectMethodHandle LONG_OBJ_TYPE Ljava/lang/invoke/MethodType; java/lang/invoke/MethodType
staticfield java/lang/invoke/DirectMethodHandle $assertionsDisabled Z 1
ciInstanceKlass java/lang/invoke/MutableCallSite 0 0 61 10 100 12 1 1 1 10 12 1 9 100 12 1 1 1 10 12 1 10 12 1 1 9 100 12 1 1 1 10 100 12 1 1 1 10 100 12 1 1 1 1 1 1 1 1 1 1 1 1 1 1 1 1 1 1 1 1 100 1 1
ciInstanceKlass java/lang/invoke/VolatileCallSite 0 0 37 10 100 12 1 1 1 10 12 1 10 100 12 1 1 1 10 12 1 10 12 1 1 1 1 1 1 1 1 1 1 1 1 1 1 1 1
instanceKlass java/lang/invoke/LazyInitializingVarHandle
instanceKlass java/lang/invoke/VarHandleReferences$FieldStaticReadOnly
instanceKlass java/lang/invoke/VarHandleLongs$FieldInstanceReadOnly
instanceKlass java/lang/invoke/VarHandleByteArrayAsDoubles$ByteArrayViewVarHandle
instanceKlass java/lang/invoke/VarHandleByteArrayAsLongs$ByteArrayViewVarHandle
instanceKlass java/lang/invoke/VarHandleByteArrayAsFloats$ByteArrayViewVarHandle
instanceKlass java/lang/invoke/VarHandleByteArrayAsInts$ByteArrayViewVarHandle
instanceKlass java/lang/invoke/VarHandleByteArrayAsChars$ByteArrayViewVarHandle
instanceKlass java/lang/invoke/VarHandleByteArrayAsShorts$ByteArrayViewVarHandle
instanceKlass java/lang/invoke/VarHandleBooleans$FieldInstanceReadOnly
instanceKlass java/lang/invoke/IndirectVarHandle
instanceKlass java/lang/invoke/VarHandleSegmentViewBase
instanceKlass java/lang/invoke/VarHandleReferences$FieldInstanceReadOnly
instanceKlass java/lang/invoke/VarHandleInts$FieldInstanceReadOnly
ciInstanceKlass java/lang/invoke/VarHandle 1 1 474 10 7 12 1 1 1 10 7 12 1 1 9 12 1 1 9 12 1 1 10 12 1 1 8 1 10 12 1 1 10 7 12 1 1 1 10 12 1 1 10 100 12 1 1 1 9 7 12 1 1 1 10 12 1 1 10 7 12 1 1 1 10 12 1 1 9 12 1 10 12 1 9 12 1 1 10 7 12 1 1 10 12 1 9 7 12 1 1 1 9 12 1 1 10 12 1 1 100 1 100 1 10 8 1 10 12 1 1 10 12 1 8 1 10 12 1 10 12 1 9 12 1 1 9 12 1 10 12 1 10 12 1 1 10 12 1 10 10 7 12 1 1 1 10 12 1 1 10 12 1 1 10 7 12 1 1 1 10 100 12 1 1 1 10 100 12 1 1 1 9 12 1 1 9 10 12 1 10 12 1 1 10 12 1 1 10 12 1 10 7 12 1 1 1 9 12 1 1 10 12 1 1 9 12 1 10 12 1 10 12 1 10 100 12 1 1 100 1 10 9 7 12 1 1 1 9 12 1 1 10 7 12 1 1 1 10 12 1 10 12 1 10 12 1 10 12 1 10 12 1 10 12 1 1 8 10 12 1 1 7 1 10 12 1 1 100 1 1 1 1 1 1 1 1 1 1 1 1 1 1 1 1 1 1 1 1 1 1 1 1 1 1 1 1 1 1 1 1 1 1 1 1 1 1 1 1 1 1 1 1 1 1 1 1 1 1 1 1 1 1 1 1 1 1 1 1 1 1 1 1 1 100 1 1 1 1 1 1 1 1 100 1 1 1 1 1 1 1 1 1 1 1 1 100 1 100 1 1 100 1 100 1 100 1 100 1 100 1 100 1 100 1 100 1 100 1 100 1 100 1 100 1 100 1 100 1 100 1 100 1 100 1 100 1 100 1 100 1 100 1 100 1 100 1 100 1 100 1 100 1 100 1 100 1 100 1 100 1 100 1 100 1 100 1 100 1 100 1 100 1 1 1 1 1 1 100 1 1 1 100 1 1 100 1 100 1 100 1 100 1 100 1 100 1 1 1 1 100 1 100 1 100 1 100 1 100 1 100 1 100 1 100 1
staticfield java/lang/invoke/VarHandle VFORM_OFFSET J 16
staticfield java/lang/invoke/VarHandle $assertionsDisabled Z 1
ciInstanceKlass java/lang/invoke/MemberName 1 1 728 7 1 7 1 100 1 9 12 1 1 10 7 12 1 1 1 9 12 1 1 10 12 1 1 10 12 1 1 10 12 1 1 10 12 1 10 12 1 1 10 7 12 1 1 1 10 12 1 9 7 12 1 1 10 12 1 100 1 100 1 10 12 1 8 1 10 12 1 1 10 12 1 10 12 1 1 10 12 1 9 12 1 1 8 1 10 100 12 1 1 1 7 1 10 10 12 1 1 7 1 7 1 10 12 1 9 12 1 1 100 1 8 1 10 12 1 10 12 1 10 12 1 10 12 1 10 12 1 1 10 12 1 10 12 1 10 12 1 1 8 1 8 1 10 12 1 8 1 9 12 1 1 3 10 12 1 10 12 1 10 12 1 10 10 7 12 1 1 1 10 12 1 10 12 1 10 12 1 10 12 1 7 1 8 10 12 1 1 10 12 1 1 8 1 9 100 1 8 9 100 1 10 12 1 1 10 12 1 10 12 1 8 1 10 12 1 1 10 12 1 10 12 1 10 12 1 10 12 1 1 100 1 10 12 1 1 10 12 1 8 1 10 12 1 10 12 1 8 1 10 12 1 1 10 12 1 1 7 1 10 12 1 1 10 12 8 1 8 1 100 1 10 12 1 10 100 12 1 1 1 100 1 10 12 10 12 1 10 12 1 10 12 1 10 12 1 10 10 12 1 10 12 1 10 12 1 3 10 12 1 3 10 12 1 3 3 3 3 3 3 10 12 1 3 9 12 1 10 12 1 1 3 10 12 1 10 10 7 12 1 1 1 10 12 1 1 10 7 12 1 1 10 10 12 1 10 12 1 1 10 12 1 10 10 12 1 1 10 12 1 10 12 1 10 12 1 100 1 10 10 10 12 100 1 10 10 10 12 1 1 10 12 1 1 10 10 12 1 8 10 7 1 10 12 1 10 7 1 10 12 1 10 12 1 10 12 1 10 10 12 1 10 12 1 1 10 12 1 1 10 12 1 10 12 1 10 12 1 100 1 10 12 1 1 100 1 8 1 10 7 1 10 12 1 10 12 10 12 1 1 10 12 1 10 12 1 8 1 8 1 8 1 8 1 10 12 1 10 12 1 10 7 12 1 1 1 8 1 8 1 10 12 1 8 1 10 10 10 12 1 10 12 1 8 1 8 1 10 10 12 1 8 1 10 100 12 1 1 1 8 1 100 1 10 12 1 10 12 1 1 10 12 1 8 1 8 1 8 1 8 1 100 1 10 8 1 8 1 8 1 8 1 10 12 1 100 1 100 1 100 1 10 100 1 10 100 1 10 100 12 1 1 1 9 7 12 1 1 1 100 1 100 1 1 1 1 1 1 1 3 1 3 1 3 1 3 1 3 1 3 1 1 1 1 1 1 1 1 3 1 3 1 1 1 1 1 1 1 1 1 1 1 1 1 1 1 1 1 1 1 1 1 1 1 1 1 1 1 1 1 1 1 1 1 1 1 1 1 1 1 1 1 1 1 1 1 1 1 1 1 1 1 1 1 1 1 1 1 1 1 1 1 1 1 1 1 1 1 1 1 1 1 1 1 1 1 1 1 1 1 1 1 1 1 1 1 1 1 1 1 1 1 1 1 1 1 1 1 1 1 100 1 1 1 1 1 1 1 1 1 1 1 1 1 1 1 1
staticfield java/lang/invoke/MemberName $assertionsDisabled Z 1
ciInstanceKlass java/lang/invoke/ResolvedMethodName 1 1 25 10 100 12 1 1 1 9 100 12 1 1 1 1 1 1 1 1 1 1 1 1 1 1 1
ciInstanceKlass java/lang/invoke/MethodHandleNatives 1 1 706 100 1 10 7 12 1 1 1 9 7 12 1 1 1 10 12 1 1 100 1 10 10 12 1 1 10 12 1 10 12 1 8 1 8 1 8 1 8 1 8 1 8 1 8 1 8 1 8 1 8 1 10 12 1 1 7 1 10 7 12 1 1 1 10 100 12 1 1 1 7 1 10 10 12 1 1 8 1 10 12 1 8 1 10 12 1 1 8 1 10 12 1 1 9 7 12 1 1 1 8 1 10 100 12 1 1 1 100 1 10 12 100 1 100 1 8 1 7 1 10 10 12 1 7 1 9 7 12 1 1 10 12 1 1 10 12 1 10 7 12 1 1 1 10 12 1 1 9 12 1 8 1 10 12 1 1 10 12 1 8 1 10 12 1 1 7 1 10 12 1 10 7 12 1 1 1 10 12 1 10 12 1 1 10 12 1 1 8 1 10 12 1 1 8 1 10 12 1 8 1 8 1 8 1 100 1 10 12 1 8 1 10 100 12 1 1 1 10 12 1 1 10 100 12 1 1 10 10 12 1 1 10 12 1 10 7 12 1 1 1 100 1 8 1 10 100 12 1 1 1 7 1 8 1 10 12 1 8 1 8 1 8 1 8 1 8 1 10 12 1 1 10 12 1 1 10 12 1 10 12 1 1 10 12 1 1 7 1 10 12 1 100 1 100 1 10 12 1 10 12 1 8 1 8 1 10 10 12 1 1 10 12 1 1 8 1 10 100 12 1 1 8 1 8 1 10 12 1 1 10 7 12 1 1 1 100 1 10 12 1 1 7 1 9 12 1 1 10 7 12 1 1 1 10 10 12 1 9 12 1 10 12 1 9 12 1 9 12 1 10 12 1 1 10 12 1 10 12 1 1 7 1 7 1 10 12 1 1 10 12 1 10 12 1 1 10 7 12 1 1 1 10 12 1 8 1 10 12 1 10 12 1 10 12 1 1 10 12 1 10 7 12 1 1 1 10 12 1 1 100 1 8 1 10 9 7 12 1 1 1 10 12 1 1 10 12 1 1 100 1 10 12 1 1 10 12 1 1 100 1 100 1 10 10 100 1 100 1 10 100 1 10 10 12 1 1 10 100 1 10 12 1 10 12 1 1 10 12 1 1 10 12 1 1 10 12 1 10 12 1 1 10 8 1 10 12 1 10 12 1 10 12 1 10 12 1 10 12 1 1 10 12 1 10 12 1 10 12 1 10 10 7 12 1 1 10 12 1 8 1 8 1 10 12 1 1 10 7 12 1 1 1 9 12 1 1 1 1 1 1 1 1 1 1 1 1 1 100 1 1 1 1 1 1 1 1 1 1 1 1 1 1 1 1 1 1 1 1 1 1 1 1 1 1 1 1 1 1 1 1 1 1 1 1 1 1 1 1 1 1 1 1 1 1 1 1 1 1 1 1 1 1 1 1 1 1 1 1 1 1 1 100 1 1 1 1 1 1 1 1 1 1 1 1 1 1 1 1 1 1 1 1 1 1 1 1 1 1 1 1 1 1 1 1 1 1 1 100 1 1 1 1 1 1 1 1 1 1 1 1 1 1 1 1 1 1 1 1 1 1 1 1 1 1 1 1 1 1 1 1 1 1 100 1 1
staticfield java/lang/invoke/MethodHandleNatives USE_SOFT_CACHE Z 1
staticfield java/lang/invoke/MethodHandleNatives $assertionsDisabled Z 1
ciInstanceKlass java/lang/invoke/LambdaForm 1 1 1051 7 1 100 1 10 7 12 1 1 1 9 12 1 1 9 12 1 9 12 1 9 12 1 1 9 12 1 1 9 12 1 1 9 12 1 1 9 12 1 1 9 12 1 10 7 12 1 1 9 12 1 10 12 1 1 100 1 10 10 12 1 1 10 12 1 10 12 1 10 12 1 1 10 12 1 9 12 1 9 12 1 10 12 1 1 10 7 12 1 1 1 10 12 1 1 9 100 12 1 1 1 10 12 1 1 9 7 12 1 1 10 12 1 10 12 1 1 10 12 1 1 10 12 1 1 7 1 10 7 12 1 1 1 10 12 1 1 10 12 1 10 12 1 1 9 12 1 1 9 12 1 9 12 1 1 10 12 1 9 12 1 10 100 12 1 1 1 10 12 1 1 100 1 10 12 1 9 12 1 1 10 100 12 1 1 1 10 12 1 10 12 1 7 1 10 12 1 10 12 1 10 12 1 1 10 12 1 1 10 12 1 10 12 1 10 12 1 10 12 1 1 8 1 10 12 1 10 12 1 10 10 12 1 8 1 8 1 9 12 1 9 12 1 1 9 12 1 10 7 12 1 1 1 10 12 1 1 10 12 1 10 12 1 1 10 12 1 10 12 1 10 100 12 1 1 1 9 12 1 10 12 1 8 1 8 1 8 1 8 1 8 1 8 1 8 1 8 1 10 12 1 9 12 1 7 1 10 12 1 1 9 12 1 10 12 1 10 12 1 1 10 12 10 12 1 10 12 1 1 10 12 1 1 10 10 12 1 1 10 12 1 1 7 1 8 1 10 12 1 1 10 12 1 10 12 1 1 10 8 1 10 12 1 1 8 1 8 1 8 1 10 12 1 10 12 1 10 12 1 1 100 1 10 12 1 1 10 12 1 1 10 7 12 1 1 1 10 12 1 1 9 12 1 1 8 1 10 100 12 1 1 1 10 7 12 1 1 10 12 10 12 1 1 10 12 1 1 9 12 1 8 10 12 1 1 100 1 10 12 1 1 10 12 1 9 7 12 1 1 9 100 12 1 1 1 8 1 10 100 12 1 1 10 12 1 1 100 1 100 1 10 10 12 1 1 10 12 1 1 8 1 8 1 100 1 8 1 10 12 10 12 1 10 12 1 10 12 1 1 8 1 8 1 10 12 1 10 12 1 1 8 1 8 1 8 1 100 1 8 1 100 1 8 1 100 1 8 1 10 12 1 8 1 9 10 7 12 1 1 1 10 12 1 9 12 1 1 10 12 1 10 10 12 1 10 12 1 10 12 1 10 12 1 1 10 12 1 10 12 1 1 10 12 1 1 10 12 1 1 10 12 1 1 8 1 100 10 12 1 10 12 1 9 12 1 1 10 7 12 1 1 8 1 8 1 100 1 8 1 8 1 8 1 8 1 8 1 8 1 8 1 8 1 10 12 1 1 10 12 1 1 10 12 1 10 12 1 10 12 1 10 12 1 8 1 8 1 8 1 10 12 1 8 1 10 12 1 8 1 8 1 8 1 8 1 8 1 10 12 1 10 12 1 10 12 1 1 10 7 12 1 1 1 10 12 1 10 12 1 10 12 1 10 12 1 10 12 1 9 12 1 1 8 1 10 12 1 1 9 12 1 9 12 1 1 10 12 1 1 9 12 1 9 12 1 1 9 12 1 9 12 1 1 7 1 10 7 12 1 1 1 9 12 1 10 12 1 10 12 1 8 1 10 12 1 9 12 1 1 7 1 10 7 12 1 1 1 8 1 100 1 10 12 1 9 12 1 10 12 1 10 12 1 10 7 12 1 1 1 10 12 1 9 7 12 1 1 10 12 1 1 10 12 1 10 12 1 10 12 1 9 12 10 12 1 10 10 12 1 9 12 1 9 9 12 1 7 9 12 1 1 10 12 1 1 9 12 1 10 12 1 10 7 1 9 1 1 1 1 3 1 3 1 1 3 1 3 1 1 1 1 1 1 1 1 1 1 1 1 1 1 1 1 1 1 1 1 1 1 1 1 1 1 1 1 1 1 1 1 1 1 1 1 1 1 1 1 1 1 1 1 1 1 1 1 1 100 1 1 1 1 1 1 1 1 1 1 1 1 1 1 1 1 1 1 1 1 1 1 1 1 1 1 1 1 1 1 1 1 1 1 1 1 1 1 1 1 1 1 1 1 1 1 1 1 1 1 1 1 1 1 1 1 1 1 1 1 1 1 1 1 100 1 1 1 1 1 1 1 1 1 1 1 1 1 1 1 1 1 1 1 1 1 1 1 1 1 1 1 1 1 1 1 1 1 1 1 1 100 1 1 1 1 1 1 1 1 1 1 1 1 1 1 1 1 1 1 1 1 1 1 100 1 1 1 100 1 1 100 1 1 1 1 1 1 1 1 1 1 1
staticfield java/lang/invoke/LambdaForm DEFAULT_CUSTOMIZED Ljava/lang/invoke/MethodHandle; 
staticfield java/lang/invoke/LambdaForm DEFAULT_KIND Ljava/lang/invoke/LambdaForm$Kind; java/lang/invoke/LambdaForm$Kind
staticfield java/lang/invoke/LambdaForm COMPILE_THRESHOLD I 0
staticfield java/lang/invoke/LambdaForm INTERNED_ARGUMENTS [[Ljava/lang/invoke/LambdaForm$Name; 5 [[Ljava/lang/invoke/LambdaForm$Name;
staticfield java/lang/invoke/LambdaForm IMPL_NAMES Ljava/lang/invoke/MemberName$Factory; java/lang/invoke/MemberName$Factory
staticfield java/lang/invoke/LambdaForm LF_identity [Ljava/lang/invoke/LambdaForm; 6 [Ljava/lang/invoke/LambdaForm;
staticfield java/lang/invoke/LambdaForm LF_zero [Ljava/lang/invoke/LambdaForm; 6 [Ljava/lang/invoke/LambdaForm;
staticfield java/lang/invoke/LambdaForm NF_identity [Ljava/lang/invoke/LambdaForm$NamedFunction; 6 [Ljava/lang/invoke/LambdaForm$NamedFunction;
staticfield java/lang/invoke/LambdaForm NF_zero [Ljava/lang/invoke/LambdaForm$NamedFunction; 6 [Ljava/lang/invoke/LambdaForm$NamedFunction;
staticfield java/lang/invoke/LambdaForm createFormsLock Ljava/lang/Object; java/lang/Object
staticfield java/lang/invoke/LambdaForm DEBUG_NAME_COUNTERS Ljava/util/HashMap; 
staticfield java/lang/invoke/LambdaForm DEBUG_NAMES Ljava/util/HashMap; 
staticfield java/lang/invoke/LambdaForm TRACE_INTERPRETER Z 0
staticfield java/lang/invoke/LambdaForm $assertionsDisabled Z 1
ciInstanceKlass jdk/internal/foreign/abi/NativeEntryPoint 1 1 223 10 7 12 1 1 1 9 7 12 1 1 1 9 12 1 1 100 1 8 1 10 12 1 10 12 1 1 7 1 10 7 12 1 1 1 10 12 1 9 12 1 1 18 12 1 1 10 7 12 1 1 1 9 7 12 1 1 1 8 1 10 12 1 1 8 1 8 1 8 1 8 1 10 7 12 1 1 1 100 1 10 10 12 1 1 8 1 10 12 1 8 1 10 12 1 10 12 1 1 10 12 1 1 100 1 8 1 10 12 1 10 12 1 1 100 1 8 1 10 10 12 1 9 12 1 1 18 12 1 1 10 7 12 1 1 1 10 12 1 1 10 12 1 10 7 12 1 1 1 10 1 1 1 1 1 1 1 1 1 1 1 1 1 1 1 1 1 1 1 1 1 1 1 1 1 1 1 1 1 1 1 1 1 1 1 1 1 1 1 1 1 1 1 1 16 1 15 10 12 16 1 16 15 10 12 15 10 7 12 1 1 1 1 1 100 1 1 100 1 100 1 1
staticfield jdk/internal/foreign/abi/NativeEntryPoint CLEANER Ljava/lang/ref/Cleaner; java/lang/ref/Cleaner
staticfield jdk/internal/foreign/abi/NativeEntryPoint NEP_CACHE Ljdk/internal/foreign/abi/SoftReferenceCache; jdk/internal/foreign/abi/SoftReferenceCache
ciInstanceKlass jdk/internal/foreign/abi/ABIDescriptor 1 1 55 10 7 12 1 1 1 9 7 12 1 1 1 9 12 1 1 9 12 1 9 12 1 9 12 1 1 9 12 1 9 12 1 1 9 12 1 9 12 1 9 12 1 9 12 1 1 1 1 1 1 1 1 1 1
ciInstanceKlass jdk/internal/foreign/abi/VMStorage 1 1 91 10 7 12 1 1 1 9 7 12 1 1 1 9 12 1 1 9 12 1 1 9 12 1 1 7 1 10 8 1 10 12 1 1 10 12 1 10 12 1 1 10 12 1 18 12 1 18 12 1 1 18 12 1 1 1 1 1 1 1 1 1 1 1 1 1 1 1 1 1 1 1 8 1 15 15 15 15 15 10 7 12 1 1 1 1 100 1 100 1 1
ciInstanceKlass jdk/internal/foreign/abi/UpcallLinker$CallRegs 1 1 66 10 7 12 1 1 1 9 7 12 1 1 1 9 12 1 18 12 1 1 18 12 1 1 18 12 1 1 1 1 1 1 1 1 1 1 1 1 1 1 1 1 1 1 7 1 1 1 8 1 15 15 15 10 100 12 1 1 1 1 1 100 1 100 1 1
instanceKlass java/lang/StackFrameInfo
ciInstanceKlass java/lang/ClassFrameInfo 0 0 126 10 100 12 1 1 1 9 100 12 1 1 1 100 1 3 9 12 1 1 9 12 1 1 100 1 9 12 1 1 3 11 100 12 1 1 1 11 12 1 10 12 1 1 10 12 1 1 10 12 1 100 1 10 10 12 1 1 8 1 8 1 10 12 100 1 10 10 12 1 1 8 1 10 12 1 8 1 10 12 8 1 10 12 1 10 100 12 1 1 1 100 1 1 1 1 1 1 1 1 1 1 1 1 1 1 1 1 1 1 1 1 1 1 1 1 1 1 1 100 1 1 1 1 1 1
ciInstanceKlass java/lang/StackWalker$StackFrame 0 0 41 100 1 10 12 1 1 100 1 100 1 1 1 1 1 1 1 1 1 1 1 1 1 1 1 1 1 1 1 1 1 1 1 1 1 1 1 100 1 1 1
ciInstanceKlass java/lang/StackWalker 1 1 236 9 7 12 1 1 1 10 7 12 1 1 1 7 1 10 7 12 1 1 1 10 12 1 1 11 7 12 1 1 1 10 12 1 1 10 12 1 1 100 1 8 1 10 12 1 10 12 1 10 12 1 10 7 12 1 1 9 12 1 1 9 12 1 1 9 12 1 1 9 12 1 1 10 12 1 1 9 12 1 1 9 12 1 1 9 12 1 1 9 12 1 1 10 12 1 1 10 100 12 1 1 1 10 100 12 1 1 1 18 12 1 1 100 1 8 1 10 8 1 10 12 1 1 10 100 12 1 1 1 10 12 1 1 10 12 1 11 12 1 1 9 100 12 1 1 11 100 12 1 1 1 10 12 1 1 1 1 1 1 1 1 1 1 1 1 1 1 1 1 1 1 1 1 1 1 1 1 1 1 1 1 1 1 1 1 1 1 1 1 1 1 1 1 1 1 1 1 1 1 1 1 1 1 1 1 1 1 1 100 1 1 16 15 10 12 16 1 15 10 100 12 1 1 1 1 1 1 1 1 1 100 1 100 1 1
staticfield java/lang/StackWalker DEFAULT_EMPTY_OPTION Ljava/util/EnumSet; java/util/RegularEnumSet
staticfield java/lang/StackWalker DEFAULT_WALKER Ljava/lang/StackWalker; java/lang/StackWalker
instanceKlass java/lang/LiveStackFrameInfo
ciInstanceKlass java/lang/StackFrameInfo 0 0 150 10 100 12 1 1 1 9 100 12 1 1 1 9 12 1 1 11 100 12 1 1 1 10 12 1 1 10 100 12 1 1 1 9 12 1 1 10 12 1 1 9 12 1 1 100 1 10 12 10 12 1 9 12 1 100 1 100 1 10 12 1 1 11 12 1 1 10 12 1 10 12 1 10 12 1 1 9 12 1 1 10 12 1 1 10 100 12 1 1 10 12 1 1 9 12 1 10 100 12 1 1 1 9 12 1 1 10 100 1 10 12 1 9 12 1 1 10 12 1 1 10 12 1 1 1 1 1 1 1 1 1 1 1 1 1 1 1 1 100 1 100 1 1 1 1 1 1 1 1
ciInstanceKlass java/lang/LiveStackFrameInfo 0 0 97 10 100 12 1 1 1 9 100 12 1 1 1 9 12 1 9 12 1 9 12 1 9 12 1 1 100 1 10 12 1 1 10 12 1 8 1 10 12 1 1 8 1 8 1 8 1 10 100 1 10 12 1 100 1 10 12 1 100 1 100 1 1 1 3 1 3 1 1 1 1 1 1 1 1 1 1 1 1 1 1 1 1 1 1 1 1 1 1 1 1 1 1 1 100 1 1
ciInstanceKlass java/lang/LiveStackFrame 0 0 112 100 1 10 100 12 1 1 1 11 100 12 1 1 1 11 12 1 9 100 12 1 1 1 10 100 12 1 1 1 10 100 12 1 1 1 11 12 1 10 12 1 100 1 100 1 1 1 1 1 1 1 1 1 1 1 1 1 1 1 1 1 1 1 1 1 1 1 1 1 100 1 1 1 1 1 1 1 100 1 8 1 1 12 10 1 1 1 8 1 1 1 8 1 1 1 8 1 1 1 8 1 1 8 1 1 1 8 1 1 8 1
ciInstanceKlass java/lang/StackStreamFactory$AbstractStackWalker 1 0 364 100 1 100 1 3 10 100 12 1 1 1 10 100 12 1 1 10 100 12 1 1 1 9 12 1 1 9 12 1 1 9 12 1 1 9 12 1 9 12 1 10 100 12 1 1 1 10 12 1 1 10 100 12 1 1 9 12 1 1 9 12 1 1 10 12 1 1 9 12 1 1 10 100 12 1 1 1 10 12 1 1 9 12 1 1 9 100 12 1 1 1 100 1 10 8 1 10 12 1 1 10 12 1 8 1 10 12 1 1 10 100 12 1 1 1 100 1 8 1 10 12 1 8 1 10 12 10 100 12 1 1 9 12 1 1 8 1 5 0 8 1 8 1 9 12 1 1 10 12 1 1 18 12 1 1 10 100 12 1 1 1 10 12 1 1 10 12 1 10 12 1 9 100 12 1 1 1 10 12 1 1 9 12 1 10 12 1 10 12 1 10 12 1 10 12 1 10 12 1 10 12 1 1 8 1 10 12 1 10 12 1 10 12 1 10 12 1 1 8 1 10 12 1 1 10 12 1 1 10 12 1 1 10 12 1 10 12 1 10 12 1 9 12 1 8 1 10 12 1 8 1 10 12 1 10 12 1 1 10 12 1 10 12 1 10 12 1 1 10 12 1 10 12 1 10 12 1 10 12 1 10 12 1 10 12 1 1 10 12 1 10 12 1 10 12 1 10 12 1 8 1 1 1 1 1 1 1 1 1 1 1 1 1 100 1 1 1 1 1 1 100 1 1 1 1 100 1 1 1 1 1 1 1 1 1 1 1 1 1 1 1 1 1 1 16 15 15 10 100 12 1 1 1 1 1 1 1 1 100 1 100 1 1
ciInstanceKlass jdk/internal/module/Modules 1 1 481 10 100 12 1 1 1 9 7 12 1 1 1 11 7 12 1 1 1 11 12 1 1 11 12 1 1 11 12 1 1 11 12 1 11 12 1 11 12 1 11 12 1 11 12 1 11 12 1 1 10 100 12 1 1 1 10 12 1 1 10 100 12 1 1 10 100 12 1 1 1 10 100 12 1 1 10 12 1 1 11 12 1 9 12 1 1 11 7 12 1 1 1 10 12 1 1 10 10 12 1 10 100 1 9 12 1 1 10 100 12 1 1 10 12 1 1 10 100 12 1 1 1 100 1 11 100 12 1 1 1 10 100 12 1 1 1 11 100 12 1 1 10 12 1 1 10 100 12 1 1 10 100 12 1 1 1 10 12 1 1 10 12 1 1 11 12 1 1 18 12 1 1 11 100 12 1 1 10 100 12 1 1 1 11 100 12 1 1 1 100 1 11 12 1 1 11 100 12 1 1 1 11 12 1 1 10 12 1 1 10 100 12 1 1 18 12 1 1 11 12 1 1 18 12 1 1 11 12 1 1 10 12 1 18 18 10 12 1 1 9 12 1 1 11 100 12 1 1 1 100 1 10 11 12 1 11 12 1 1 10 100 1 10 12 1 1 10 100 12 1 1 10 12 1 1 11 12 10 12 1 1 100 1 10 18 12 1 10 12 1 1 100 1 8 1 10 12 1 10 100 12 1 1 18 12 1 11 11 12 10 12 1 10 10 100 1 18 12 1 10 10 10 7 12 1 1 10 7 12 1 1 1 10 12 1 1 1 1 1 1 1 1 1 1 1 1 1 1 1 1 1 1 1 1 1 1 1 1 1 1 1 1 1 1 1 1 1 1 1 1 1 1 1 1 1 1 1 1 1 1 1 1 1 1 1 1 1 1 1 1 1 1 1 1 1 1 1 1 100 1 1 1 1 1 1 1 1 1 1 1 1 1 1 1 1 1 1 1 1 1 1 1 16 15 10 12 1 16 1 16 1 15 10 12 1 16 1 16 1 15 10 12 16 1 15 10 16 1 15 10 12 16 1 16 15 10 12 16 15 10 12 16 15 10 12 15 10 100 12 1 1 1 1 1 1 100 1 100 1 1
staticfield jdk/internal/module/Modules JLA Ljdk/internal/access/JavaLangAccess; java/lang/System$1
staticfield jdk/internal/module/Modules JLMA Ljdk/internal/access/JavaLangModuleAccess; java/lang/module/ModuleDescriptor$1
staticfield jdk/internal/module/Modules $assertionsDisabled Z 1
instanceKlass net/sf/jasperreports/engine/type/LineDirectionEnum
instanceKlass sun/java2d/cmm/lcms/LCMSImageLayout$BandOrder
instanceKlass com/sun/imageio/plugins/jpeg/JPEGImageReader$CallBackLock$State
instanceKlass net/sf/jasperreports/engine/type/PenEnum
instanceKlass net/sf/jasperreports/engine/util/ExifOrientationEnum
instanceKlass net/sf/jasperreports/engine/type/ImageTypeEnum
instanceKlass net/sf/jasperreports/pdf/type/PdfFieldTypeEnum
instanceKlass net/sf/jasperreports/pdf/common/TextDirection
instanceKlass net/sf/jasperreports/pdf/common/PdfTextAlignment
instanceKlass net/sf/jasperreports/pdf/common/LineCapStyle
instanceKlass java/lang/annotation/RetentionPolicy
instanceKlass java/lang/classfile/attribute/StackMapFrameInfo$SimpleVerificationTypeInfo
instanceKlass java/lang/reflect/ProxyGenerator$PrimitiveTypeInfo
instanceKlass java/lang/classfile/ClassFile$StackMapsOption
instanceKlass net/sf/jasperreports/pdf/type/PdfPrintScalingEnum
instanceKlass net/sf/jasperreports/pdf/type/PdfVersionEnum
instanceKlass net/sf/jasperreports/pdf/type/PdfaConformanceEnum
instanceKlass net/sf/jasperreports/engine/type/OverflowType
instanceKlass jdk/internal/foreign/abi/CapturableState
instanceKlass jdk/internal/foreign/abi/Binding$Cast
instanceKlass jdk/internal/foreign/abi/x64/windows/TypeClass
instanceKlass jdk/internal/foreign/abi/StubLocations
instanceKlass jdk/internal/foreign/SystemLookup$WindowsFallbackSymbols
instanceKlass jdk/internal/foreign/CABI
instanceKlass net/sf/jasperreports/engine/type/PropertyEvaluationTimeEnum
instanceKlass net/sf/jasperreports/engine/type/BandTypeEnum
instanceKlass com/sun/org/apache/xerces/internal/impl/XMLScanner$NameType
instanceKlass jdk/xml/internal/JdkProperty$ImplPropMap
instanceKlass com/sun/org/apache/xerces/internal/util/Status
instanceKlass javax/xml/catalog/GroupEntry$PreferType
instanceKlass javax/xml/catalog/CatalogResolver$NotFoundAction
instanceKlass javax/xml/catalog/BaseEntry$CatalogEntryType
instanceKlass javax/xml/catalog/CatalogFeatures$State
instanceKlass com/sun/org/apache/xerces/internal/utils/XMLSecurityPropertyManager$Property
instanceKlass com/sun/org/apache/xerces/internal/utils/XMLSecurityPropertyManager$State
instanceKlass javax/xml/catalog/CatalogFeatures$Feature
instanceKlass jdk/xml/internal/JdkProperty$State
instanceKlass jdk/xml/internal/XMLSecurityManager$Processor
instanceKlass jdk/xml/internal/XMLSecurityManager$Limit
instanceKlass java/util/Comparators$NaturalOrderComparator
instanceKlass org/apache/commons/collections4/map/AbstractReferenceMap$ReferenceStrength
instanceKlass net/sf/jasperreports/compilers/DirectExpressionEvaluation$EvaluationType
instanceKlass net/sf/jasperreports/engine/type/OnErrorTypeEnum
instanceKlass net/sf/jasperreports/engine/type/VerticalImageAlignEnum
instanceKlass net/sf/jasperreports/engine/type/HorizontalImageAlignEnum
instanceKlass net/sf/jasperreports/engine/type/ScaleImageEnum
instanceKlass net/sf/jasperreports/engine/type/HorizontalPosition
instanceKlass net/sf/jasperreports/components/table/WhenNoDataTypeTableEnum
instanceKlass net/sf/jasperreports/engine/type/FillEnum
instanceKlass net/sf/jasperreports/engine/type/HyperlinkTypeEnum
instanceKlass net/sf/jasperreports/engine/type/HyperlinkTargetEnum
instanceKlass net/sf/jasperreports/engine/type/EvaluationTimeEnum
instanceKlass net/sf/jasperreports/engine/type/TextAdjustEnum
instanceKlass net/sf/jasperreports/engine/type/BorderSplitType
instanceKlass net/sf/jasperreports/engine/type/CalculationEnum
instanceKlass net/sf/jasperreports/engine/type/IncrementTypeEnum
instanceKlass net/sf/jasperreports/engine/type/ResetTypeEnum
instanceKlass net/sf/jasperreports/engine/type/ExpressionTypeEnum
instanceKlass net/sf/jasperreports/engine/type/ParameterEvaluationTimeEnum
instanceKlass net/sf/jasperreports/engine/type/LineSpacingEnum
instanceKlass net/sf/jasperreports/engine/type/LineStyleEnum
instanceKlass net/sf/jasperreports/engine/type/RotationEnum
instanceKlass net/sf/jasperreports/engine/type/VerticalTextAlignEnum
instanceKlass net/sf/jasperreports/engine/type/HorizontalTextAlignEnum
instanceKlass net/sf/jasperreports/engine/type/ModeEnum
instanceKlass net/sf/jasperreports/engine/type/StretchTypeEnum
instanceKlass net/sf/jasperreports/engine/type/PositionTypeEnum
instanceKlass net/sf/jasperreports/engine/type/SplitTypeEnum
instanceKlass net/sf/jasperreports/engine/type/WhenResourceMissingTypeEnum
instanceKlass net/sf/jasperreports/engine/type/SectionTypeEnum
instanceKlass net/sf/jasperreports/engine/type/WhenNoDataTypeEnum
instanceKlass net/sf/jasperreports/engine/type/OrientationEnum
instanceKlass net/sf/jasperreports/engine/type/RunDirectionEnum
instanceKlass net/sf/jasperreports/engine/type/PrintOrderEnum
instanceKlass java/time/Month
instanceKlass java/time/format/TextStyle
instanceKlass java/time/format/DateTimeFormatterBuilder$SettingsParser
instanceKlass java/time/format/ResolverStyle
instanceKlass java/time/format/SignStyle
instanceKlass java/time/temporal/JulianFields$Field
instanceKlass java/time/temporal/IsoFields$Unit
instanceKlass java/time/temporal/IsoFields$Field
instanceKlass javax/swing/text/html/StyleSheet$BoxPainter$HorizontalMargin
instanceKlass sun/security/ssl/Alert$Level
instanceKlass sun/security/ssl/Alert
instanceKlass com/mysql/cj/QueryReturnType
instanceKlass com/mysql/cj/Query$CancelStatus
instanceKlass com/mysql/cj/MysqlType
instanceKlass java/lang/invoke/MethodHandles$Lookup$ClassOption
instanceKlass java/lang/invoke/MethodHandleImpl$ArrayAccess
instanceKlass com/mysql/cj/protocol/a/authentication/CachingSha2PasswordPlugin$AuthStage
instanceKlass javax/net/ssl/SSLEngineResult$HandshakeStatus
instanceKlass sun/security/ssl/X509Authentication
instanceKlass sun/security/ssl/Finished$VerifyDataScheme
instanceKlass sun/security/rsa/RSAUtil$KeyType
instanceKlass sun/security/ssl/SSLTrafficKeyDerivation$KeySchedule
instanceKlass sun/security/ssl/SSLTrafficKeyDerivation
instanceKlass sun/security/ssl/SSLSecretDerivation$SecretSchedule
instanceKlass sun/security/ssl/ContentType
instanceKlass sun/security/ssl/SSLKeyExchange$T12KeyAgreement
instanceKlass sun/security/ssl/PskKeyExchangeModesExtension$PskKeyExchangeMode
instanceKlass sun/security/ssl/ECPointFormatsExtension$ECPointFormat
instanceKlass sun/security/ssl/CertStatusExtension$CertStatusRequestType
instanceKlass sun/security/ssl/SSLExtension
instanceKlass sun/security/ssl/SignatureScheme$SigAlgParamSpec
instanceKlass sun/security/ssl/SignatureScheme
instanceKlass sun/security/ssl/ClientAuthType
instanceKlass sun/security/ssl/SSLHandshake
instanceKlass java/security/DrbgParameters$Capability
instanceKlass sun/security/ssl/NamedGroup
instanceKlass sun/security/ssl/NamedGroup$NamedGroupSpec
instanceKlass sun/security/ssl/CipherSuite$KeyExchange
instanceKlass sun/security/ssl/CipherSuite$MacAlg
instanceKlass sun/security/ssl/CipherSuite$HashAlg
instanceKlass java/lang/StackWalker$Option
instanceKlass sun/security/ssl/CipherType
instanceKlass sun/security/ssl/SSLCipher
instanceKlass sun/security/ssl/CipherSuite
instanceKlass java/security/CryptoPrimitive
instanceKlass java/time/temporal/ChronoUnit
instanceKlass java/time/temporal/ChronoField
instanceKlass sun/security/util/DisabledAlgorithmConstraints$Constraint$Operator
instanceKlass sun/security/ssl/ProtocolVersion
instanceKlass sun/security/util/KnownOIDs
instanceKlass com/mysql/cj/protocol/a/NativeConstants$StringSelfDataType
instanceKlass com/mysql/cj/protocol/a/NativeConstants$StringLengthDataType
instanceKlass com/mysql/cj/protocol/a/NativeConstants$IntegerDataType
instanceKlass java/net/Proxy$Type
instanceKlass java/net/StandardProtocolFamily
instanceKlass java/security/Security$SecPropLoader$LoadingMode
instanceKlass com/mysql/cj/protocol/Resultset$Concurrency
instanceKlass com/mysql/cj/protocol/Resultset$Type
instanceKlass com/mysql/cj/conf/PropertyDefinitions$Compression
instanceKlass com/mysql/cj/conf/PropertyDefinitions$AuthMech
instanceKlass com/mysql/cj/conf/PropertyDefinitions$XdevapiSslMode
instanceKlass com/mysql/cj/conf/PropertyDefinitions$ZeroDatetimeBehavior
instanceKlass com/mysql/cj/conf/PropertyDefinitions$SslMode
instanceKlass com/mysql/cj/conf/PropertyDefinitions$DatabaseTerm
instanceKlass java/util/Locale$Category
instanceKlass com/mysql/cj/util/SearchMode
instanceKlass com/mysql/cj/conf/PropertyKey
instanceKlass com/mysql/cj/conf/ConnectionUrl$HostsCardinality
instanceKlass com/mysql/cj/conf/ConnectionUrl$Type
instanceKlass java/awt/event/FocusEvent$Cause
instanceKlass javax/swing/plaf/nimbus/ImageScalingHelper$PaintType
instanceKlass java/awt/MultipleGradientPaint$ColorSpaceType
instanceKlass java/awt/MultipleGradientPaint$CycleMethod
instanceKlass sun/java2d/marlin/DMarlinRenderingEngine$NormMode
instanceKlass java/math/RoundingMode
instanceKlass java/util/regex/Pattern$Qtype
instanceKlass sun/util/locale/provider/LocaleProviderAdapter$Type
instanceKlass java/awt/Dialog$ModalityType
instanceKlass java/awt/GraphicsDevice$WindowTranslucency
instanceKlass java/awt/Component$BaselineResizeBehavior
instanceKlass javax/swing/LayoutStyle$ComponentPlacement
instanceKlass javax/swing/GroupLayout$Alignment
instanceKlass javax/swing/text/PlainView$FPMethodArgs
instanceKlass javax/swing/ClientPropertyKey
instanceKlass javax/swing/DropMode
instanceKlass java/awt/Dialog$ModalExclusionType
instanceKlass jdk/internal/util/Architecture
instanceKlass java/awt/EventFilter$FilterAction
instanceKlass javax/swing/plaf/nimbus/AbstractRegionPainter$PaintContext$CacheMode
instanceKlass com/sun/beans/util/Cache$Kind
instanceKlass jdk/internal/foreign/layout/AbstractGroupLayout$Kind
instanceKlass sun/awt/AppContext$State
instanceKlass com/sun/java/swing/plaf/windows/TMSchema$Control
instanceKlass com/sun/java/swing/plaf/windows/TMSchema$Part
instanceKlass java/awt/desktop/UserSessionEvent$Reason
instanceKlass sun/java2d/StateTrackable$State
instanceKlass sun/awt/OSInfo$OSType
instanceKlass jdk/internal/util/OperatingSystem
instanceKlass java/awt/Window$Type
instanceKlass sun/font/EAttribute
instanceKlass jdk/internal/logger/BootstrapLogger$LoggingBackend
instanceKlass java/lang/System$Logger$Level
instanceKlass sun/util/logging/PlatformLogger$Level
instanceKlass java/util/concurrent/TimeUnit
instanceKlass jdk/internal/vm/Continuation$Pinned
instanceKlass java/nio/file/AccessMode
instanceKlass java/nio/file/LinkOption
instanceKlass java/util/stream/MatchOps$MatchKind
instanceKlass java/util/stream/Collector$Characteristics
instanceKlass java/util/stream/StreamShape
instanceKlass java/lang/classfile/Opcode$Kind
instanceKlass java/lang/classfile/Opcode
instanceKlass java/lang/invoke/VarHandle$AccessType
instanceKlass java/lang/invoke/VarHandle$AccessMode
instanceKlass java/lang/invoke/MethodHandleImpl$Intrinsic
instanceKlass java/lang/classfile/AttributeMapper$AttributeStability
instanceKlass jdk/internal/classfile/impl/AbstractPoolEntry$Utf8EntryImpl$State
instanceKlass java/lang/classfile/TypeKind
instanceKlass java/lang/invoke/LambdaForm$BasicType
instanceKlass java/lang/invoke/LambdaForm$Kind
instanceKlass java/lang/constant/DirectMethodHandleDesc$Kind
instanceKlass sun/invoke/util/Wrapper
instanceKlass java/util/stream/StreamOpFlag$Type
instanceKlass java/util/stream/StreamOpFlag
instanceKlass java/lang/reflect/AccessFlag$Location
instanceKlass java/lang/reflect/AccessFlag
instanceKlass java/lang/module/ModuleDescriptor$Modifier
instanceKlass java/io/File$PathStatus
instanceKlass sun/nio/fs/WindowsPathType
instanceKlass java/nio/file/StandardOpenOption
instanceKlass jdk/internal/module/ModuleBootstrap$IllegalNativeAccess
instanceKlass java/lang/reflect/ClassFileFormatVersion
instanceKlass java/lang/Thread$State
instanceKlass java/lang/module/ModuleDescriptor$Requires$Modifier
ciInstanceKlass java/lang/Enum 1 1 204 9 7 12 1 1 1 9 12 1 1 10 7 12 1 1 1 9 12 1 10 7 12 1 1 1 100 1 10 10 12 1 1 10 12 1 100 1 10 10 7 12 1 1 10 12 1 1 18 12 1 1 10 100 12 1 1 1 10 12 1 1 11 7 12 1 1 1 100 1 8 1 10 12 1 100 1 100 1 10 8 1 10 12 1 1 10 12 1 1 8 1 10 12 1 10 100 1 8 1 10 10 12 1 1 10 100 12 1 1 1 100 1 100 1 100 1 1 1 1 1 1 1 1 1 1 1 1 1 1 1 1 1 1 1 1 1 1 1 1 1 1 1 1 1 1 1 1 1 1 1 1 1 1 1 1 1 1 1 1 1 1 1 3 1 1 1 1 100 1 100 1 1 100 1 1 1 1 1 1 1 1 1 1 1 16 15 10 12 16 15 10 100 12 1 1 1 1 1 100 1 100 1 1
ciInstanceKlass jdk/internal/loader/ClassLoaders 1 1 185 10 100 12 1 1 1 10 7 12 1 1 1 10 12 1 1 10 100 12 1 1 1 9 7 12 1 1 1 9 12 1 1 9 12 1 1 7 1 11 100 12 1 1 1 100 1 11 12 1 1 11 12 1 1 10 100 12 1 1 1 10 100 12 1 1 1 100 1 100 1 10 7 12 1 1 1 9 12 1 1 8 1 10 7 12 1 1 1 10 12 1 1 7 1 10 12 1 10 12 1 1 7 1 10 12 1 1 10 12 1 1 10 12 1 7 1 10 12 10 12 1 8 1 10 7 12 1 1 8 1 8 1 10 12 1 7 1 10 10 12 1 10 12 1 1 1 1 1 1 1 1 1 1 1 1 1 1 1 1 1 1 1 1 100 1 1 1 1 1 1 1 1 1 1 1 1 1 1 1 1 1 1 1 1
staticfield jdk/internal/loader/ClassLoaders JLA Ljdk/internal/access/JavaLangAccess; java/lang/System$1
staticfield jdk/internal/loader/ClassLoaders BOOT_LOADER Ljdk/internal/loader/ClassLoaders$BootClassLoader; jdk/internal/loader/ClassLoaders$BootClassLoader
staticfield jdk/internal/loader/ClassLoaders PLATFORM_LOADER Ljdk/internal/loader/ClassLoaders$PlatformClassLoader; jdk/internal/loader/ClassLoaders$PlatformClassLoader
staticfield jdk/internal/loader/ClassLoaders APP_LOADER Ljdk/internal/loader/ClassLoaders$AppClassLoader; jdk/internal/loader/ClassLoaders$AppClassLoader
instanceKlass com/lowagie/text/Phrase
instanceKlass com/lowagie/text/Section
instanceKlass sun/swing/BakedArrayList
ciInstanceKlass java/util/ArrayList 1 1 514 10 7 12 1 1 1 7 1 9 7 12 1 1 1 9 12 1 100 1 100 1 10 8 1 10 12 1 1 10 12 1 10 12 1 1 10 12 1 9 12 1 11 7 12 1 1 1 9 12 1 1 11 12 1 1 7 10 7 12 1 1 1 9 12 1 10 12 1 10 12 1 1 10 7 12 1 1 1 10 7 12 1 1 1 10 12 1 1 10 12 1 1 10 12 1 1 10 12 1 10 12 1 1 100 1 100 1 10 12 1 10 10 7 12 1 1 1 10 7 12 1 1 10 12 1 100 1 10 10 12 10 12 1 1 10 12 1 1 10 12 1 10 12 10 12 1 1 100 1 10 12 1 1 10 12 1 1 10 12 1 100 1 10 11 12 1 1 11 100 12 1 1 1 11 12 1 10 12 1 10 12 1 10 12 1 1 100 1 10 12 1 1 10 10 12 1 1 10 12 1 8 1 8 1 8 1 8 1 10 12 1 1 10 12 1 1 11 12 1 100 1 10 100 12 1 1 10 12 1 10 12 1 1 10 7 12 1 1 10 12 1 10 7 12 1 1 1 11 7 12 1 1 1 10 12 1 100 1 8 1 10 7 1 10 12 1 7 1 10 12 1 10 12 1 1 7 1 10 12 1 10 12 1 1 11 7 12 1 1 7 1 10 12 1 10 12 1 1 11 100 12 1 1 10 12 1 1 10 12 1 1 10 12 1 1 10 12 1 1 11 100 12 1 1 10 12 1 1 10 12 1 1 100 1 100 1 100 1 1 1 1 5 0 1 3 1 1 1 1 1 1 1 1 1 1 1 1 1 1 1 1 1 1 1 1 1 1 1 1 1 1 1 1 1 1 1 1 1 1 1 1 1 1 1 1 1 1 1 1 1 1 1 1 1 1 1 1 1 1 1 1 1 1 1 1 1 1 1 1 1 1 1 1 1 1 1 1 1 1 1 1 1 1 1 1 1 1 1 1 1 1 1 1 1 1 1 1 1 1 1 1 1 1 1 1 1 1 1 1 7 1 1 1 1 7 1 1 1 1 1 1 1 1 1 1 1 1 1 1 1 1 1 1 1 1 1 1 1 1 1 1 1 1 1 100 1 1 1 1 1 1 1 1 1 1 1 1 1 1 1 1 1 1 1 100 1 100 1 1 1 1 1 1
staticfield java/util/ArrayList EMPTY_ELEMENTDATA [Ljava/lang/Object; 0 [Ljava/lang/Object;
staticfield java/util/ArrayList DEFAULTCAPACITY_EMPTY_ELEMENTDATA [Ljava/lang/Object; 0 [Ljava/lang/Object;
ciInstanceKlass java/util/List 1 1 251 10 100 12 1 1 1 11 100 12 1 1 1 11 100 12 1 1 1 11 12 1 1 11 100 12 1 1 11 12 1 1 11 12 1 1 10 100 12 1 1 1 7 1 7 1 10 12 1 1 100 1 10 100 12 1 1 1 11 12 1 1 11 12 1 11 12 1 100 1 10 12 1 11 12 1 1 11 12 1 1 11 12 1 10 100 12 1 1 1 9 7 12 1 1 1 7 1 10 12 10 12 1 7 1 10 12 1 1 10 12 1 10 12 1 1 11 12 1 1 100 1 1 1 1 1 1 1 1 1 1 1 1 1 1 1 1 1 1 1 1 1 1 1 1 1 1 1 1 1 1 1 1 1 1 1 1 1 1 1 1 1 1 1 1 100 1 100 1 1 1 1 1 1 1 1 1 1 1 1 1 1 1 1 1 1 1 1 1 1 1 1 1 1 1 1 1 1 1 1 1 1 1 1 1 1 1 1 1 1 1 1 1 1 1 1 1 1 1 1 1 1 1 1 1 1 1 1 1 1 1 1 1 1 1 1 1 1 1 1 1 1 1 1 100 1 1 100 1 1 1
ciInstanceKlass java/util/SequencedCollection 1 1 104 100 1 10 12 1 1 11 100 12 1 1 1 11 100 12 1 1 1 11 12 1 1 11 12 1 100 1 100 1 1 1 1 1 1 1 1 1 1 1 1 1 1 1 1 1 1 1 1 1 1 1 1 1 1 1 1 1 100 1 8 1 12 10 1 1 8 1 1 1 8 1 1 8 1 1 1 8 1 1 8 1 1 1 8 1 1 8 1 8 1 1 8 1 1 1 8 1 1 8 1 1 8 1
ciInstanceKlass java/lang/Iterable 1 1 62 10 7 12 1 1 1 11 7 12 1 1 1 11 7 12 1 1 1 11 12 1 1 11 7 12 1 1 1 10 100 12 1 1 1 100 1 1 1 1 1 1 1 1 1 1 1 1 1 1 1 1 1 1 1 1 1 1 1 1 1 1
ciMethod java/util/List size ()I 0 0 1 0 -1
ciMethod java/util/List get (I)Ljava/lang/Object; 0 0 1 0 -1
ciInstanceKlass java/util/RandomAccess 1 0 7 100 1 100 1 1 1
instanceKlass java/util/AbstractMap$2
instanceKlass org/apache/commons/collections4/map/AbstractHashedMap$Values
instanceKlass java/util/TreeMap$Values
instanceKlass java/util/LinkedHashMap$LinkedValues
instanceKlass java/util/IdentityHashMap$Values
instanceKlass java/util/concurrent/ConcurrentLinkedDeque
instanceKlass java/util/AbstractQueue
instanceKlass java/util/HashMap$Values
instanceKlass java/util/ArrayDeque
instanceKlass java/util/AbstractSet
instanceKlass java/util/ImmutableCollections$AbstractImmutableCollection
instanceKlass java/util/AbstractList
ciInstanceKlass java/util/AbstractCollection 1 1 160 10 7 12 1 1 1 10 7 12 1 1 1 10 12 1 1 11 7 12 1 1 1 11 12 1 1 10 12 1 1 10 100 12 1 1 1 10 12 1 1 10 12 1 1 10 7 12 1 1 10 7 12 1 1 1 7 1 10 100 12 1 1 1 10 100 12 1 1 1 100 1 10 11 12 1 11 7 1 10 12 1 10 12 1 10 100 12 1 1 1 11 8 1 100 1 10 10 12 1 1 8 1 10 12 1 10 12 1 1 1 1 1 1 1 1 1 1 1 1 1 1 1 1 1 1 1 1 1 1 1 1 1 1 1 1 1 1 1 1 1 1 1 1 1 1 1 1 1 1 1 1 1 1 1 1 1 1 1 1
instanceKlass net/sf/jasperreports/engine/base/VirtualizableElementList
instanceKlass java/util/Collections$CopiesList
instanceKlass java/util/Collections$SingletonList
instanceKlass sun/security/jca/ProviderList$2
instanceKlass java/util/ArrayList$SubList
instanceKlass java/util/AbstractSequentialList
instanceKlass java/util/Vector
instanceKlass sun/awt/util/IdentityArrayList
instanceKlass java/util/Arrays$ArrayList
instanceKlass java/util/Collections$EmptyList
instanceKlass java/util/ArrayList
ciInstanceKlass java/util/AbstractList 1 1 218 10 7 12 1 1 1 9 7 12 1 1 1 10 12 1 1 10 12 1 1 100 1 10 10 12 1 1 11 7 12 1 1 1 11 12 1 1 11 12 1 10 7 12 1 1 1 10 12 1 11 12 1 11 12 1 11 12 1 10 12 1 1 10 12 1 1 11 100 12 1 1 1 11 7 1 11 7 1 10 12 1 7 1 10 12 1 10 12 1 1 100 1 100 1 10 12 1 100 1 10 100 1 100 1 10 8 1 10 12 1 1 10 12 1 10 12 1 1 10 12 1 8 1 100 1 8 1 8 1 8 1 10 7 1 11 10 10 12 1 11 12 1 10 12 1 1 8 1 8 1 1 1 1 1 1 1 1 1 1 1 1 1 1 1 1 1 1 1 1 1 1 1 1 1 1 1 1 1 1 1 1 1 1 1 1 1 1 1 1 1 1 1 1 1 1 1 1 1 1 1 1 1 1 1 1 1 1 100 1 100 1 1 1 1 1 1 1
ciMethod java/util/ArrayList size ()I 290 0 145 0 0
ciMethod java/util/ArrayList get (I)Ljava/lang/Object; 512 0 32675 0 192
ciMethod java/util/ArrayList elementData (I)Ljava/lang/Object; 546 0 33374 0 128
ciInstanceKlass java/lang/annotation/Annotation 1 0 17 100 1 100 1 1 1 1 1 1 1 1 1 1 1 1 1
ciMethod java/util/Objects checkIndex (II)I 512 0 39711 0 -1
ciMethod java/lang/Math min (II)I 514 0 171393 0 -1
instanceKlass javax/swing/GroupLayout$BaselineGroup
ciInstanceKlass javax/swing/GroupLayout$ParallelGroup 1 1 235 7 1 9 7 12 1 1 1 10 7 12 1 1 1 9 12 1 1 9 12 1 1 10 12 1 1 10 12 1 1 10 12 1 10 12 1 1 10 12 1 10 12 1 1 10 12 1 10 12 1 1 10 12 1 7 1 10 12 1 10 10 7 12 1 1 1 10 12 1 1 10 12 1 1 10 12 1 10 12 1 9 12 1 1 11 7 12 1 1 1 11 7 12 1 1 11 12 1 1 7 1 10 12 1 1 10 12 1 1 10 12 1 10 12 1 10 12 1 10 7 12 1 1 1 10 12 1 1 10 12 1 7 1 10 12 1 1 11 12 1 1 10 12 1 1 10 12 1 1 7 1 10 12 1 100 1 8 1 10 12 1 9 12 1 8 1 10 12 1 10 12 1 10 12 1 10 12 1 10 12 1 1 1 1 1 1 1 1 1 1 1 1 1 1 1 1 1 1 1 1 1 1 1 1 1 1 1 1 1 1 1 1 1 1 1 1 1 1 1 1 1 1 1 1 1 1 1 1 1 1 1 1 1 1
ciInstanceKlass javax/swing/GroupLayout$SequentialGroup 1 1 380 7 1 100 1 9 7 12 1 1 1 10 7 12 1 1 1 10 12 1 1 9 12 1 1 10 12 1 1 9 12 1 1 11 7 12 1 1 1 11 12 1 1 7 1 10 12 1 10 12 1 1 10 12 1 10 12 1 1 100 1 8 1 10 12 1 8 1 10 12 1 1 100 1 10 12 1 10 12 1 1 10 12 1 9 7 12 1 1 1 9 12 1 8 1 9 12 1 1 7 1 10 12 1 10 12 1 1 8 1 7 1 10 12 1 10 12 1 1 10 12 1 11 12 1 1 11 7 12 1 1 1 11 12 1 1 10 10 12 1 1 10 12 1 1 10 12 1 10 7 12 1 1 1 10 12 1 10 12 1 10 12 1 9 12 1 100 1 10 12 1 10 12 1 1 7 1 9 12 1 1 9 12 1 7 1 10 12 1 10 12 11 12 1 1 10 7 12 1 1 1 10 12 1 1 10 12 1 10 12 1 11 12 1 10 12 1 1 11 12 1 10 11 12 1 7 1 10 12 1 10 12 1 1 10 12 1 1 11 12 1 1 10 12 1 10 12 1 1 10 9 100 12 1 1 1 9 12 1 10 12 1 1 9 12 1 8 1 10 12 1 10 12 1 10 12 1 10 12 1 10 12 1 10 7 12 1 1 1 1 1 1 1 1 1 1 1 1 1 1 1 1 1 1 1 1 1 1 1 1 1 1 1 1 1 1 1 1 1 1 1 1 1 1 1 1 1 1 1 1 1 1 1 1 100 1 1 1 1 1 1 1 1 1 1 1 1 1 1 1 1 1 1 1 1 1 1 1 1 1 1 1 1 1 1 1 1 1 1 100 1 1 1 1 1 1 1 100 1 1
staticfield javax/swing/GroupLayout$SequentialGroup $assertionsDisabled Z 1
instanceKlass javax/swing/GroupLayout$ContainerAutoPreferredGapSpring
ciInstanceKlass javax/swing/GroupLayout$AutoPreferredGapSpring 1 1 233 7 1 100 1 9 7 12 1 1 1 10 7 12 1 1 1 9 12 1 1 9 12 1 9 100 12 1 1 1 9 12 1 9 12 1 1 9 12 1 1 7 1 10 12 1 9 12 1 1 10 12 1 1 9 12 1 10 12 1 9 12 1 9 12 1 3 10 12 1 1 10 12 1 1 11 7 12 1 11 12 1 1 7 1 9 9 12 1 10 12 1 1 10 7 12 1 1 10 12 1 10 7 12 1 1 10 10 12 1 1 7 1 9 12 1 1 10 7 12 1 1 1 10 12 1 1 10 12 1 1 10 12 1 10 12 11 12 1 1 10 12 1 1 8 1 11 12 1 1 10 100 1 10 12 1 18 12 1 1 1 1 1 1 1 1 1 1 1 1 1 1 1 1 1 1 1 1 1 1 1 1 1 1 1 1 1 1 1 1 1 1 1 1 1 1 1 1 1 1 100 1 1 1 1 100 1 1 1 1 1 1 1 1 8 1 15 10 100 12 1 1 1 1 1 1 1 1 100 1 100 1 1
ciInstanceKlass javax/swing/GroupLayout$GapSpring 1 1 50 7 1 10 7 12 1 1 1 10 12 1 1 9 7 12 1 1 1 9 12 1 9 12 1 10 12 1 1 1 1 1 1 1 1 1 1 1 1 1 1 1 1 1 1 1 1 1 1 1
ciInstanceKlass javax/swing/GroupLayout$ComponentSpring 1 1 191 100 1 7 1 9 7 12 1 1 1 10 7 12 1 1 1 9 12 1 1 9 12 1 1 100 1 8 1 10 12 1 10 12 1 1 9 12 1 9 12 1 9 12 1 10 12 1 1 10 12 1 1 10 12 1 1 10 12 1 1 10 12 1 10 12 1 10 12 1 10 7 12 1 10 12 10 12 1 10 12 1 1 10 7 12 1 1 1 10 9 12 1 1 100 1 10 10 7 12 1 1 10 12 1 1 10 12 1 10 12 9 7 12 1 1 9 12 1 10 10 12 1 1 9 12 1 3 9 12 1 1 10 12 10 10 12 1 10 12 1 1 10 9 12 1 9 12 1 10 7 12 1 1 1 1 1 1 1 1 1 1 1 1 1 1 1 1 1 1 1 1 1 1 1 1 1 1 1 1 1 1 1 1 1 1 1 1 100 1 1
staticfield javax/swing/GroupLayout$ComponentSpring $assertionsDisabled Z 1
ciInstanceKlass java/lang/AssertionError 0 0 79 10 100 12 1 1 1 10 12 1 10 100 12 1 1 1 10 100 1 100 1 10 12 1 1 10 12 1 10 12 1 10 12 1 10 12 1 10 12 1 10 12 1 10 12 1 1 1 1 5 0 1 1 1 1 1 1 1 1 1 1 100 1 1 1 1 1 1 1 1 1 1 1 1 1 1 1 1 1
ciMethod javax/swing/GroupLayout$Group getSpring (I)Ljavax/swing/GroupLayout$Spring; 1024 0 28159 0 320
ciMethod javax/swing/GroupLayout$Group calculateSize (II)I 1024 1572 5718 0 -1
ciMethod javax/swing/GroupLayout$Group getSpringSize (Ljavax/swing/GroupLayout$Spring;II)I 964 0 8004 0 416
ciMethod javax/swing/GroupLayout$Group operator (II)I 0 0 1 0 -1
ciMethod javax/swing/GroupLayout$Spring calculateMinimumSize (I)I 0 0 1 0 -1
ciMethod javax/swing/GroupLayout$Spring calculatePreferredSize (I)I 0 0 1 0 -1
ciMethod javax/swing/GroupLayout$Spring calculateMaximumSize (I)I 0 0 1 0 -1
ciMethod javax/swing/GroupLayout$Spring getMinimumSize (I)I 826 0 11072 0 136
ciMethod javax/swing/GroupLayout$Spring getPreferredSize (I)I 1024 0 13060 0 136
ciMethod javax/swing/GroupLayout$Spring getMaximumSize (I)I 884 0 9785 0 136
ciMethod javax/swing/GroupLayout$Spring constrain (I)I 754 0 37003 0 0
instanceKlass javax/swing/GroupLayout$ComponentSpring
instanceKlass javax/swing/GroupLayout$GapSpring
instanceKlass javax/swing/GroupLayout$AutoPreferredGapSpring
instanceKlass javax/swing/GroupLayout$Group
ciInstanceKlass javax/swing/GroupLayout$Spring 1 1 108 100 1 10 7 12 1 1 1 3 9 7 12 1 1 1 9 12 1 9 12 1 9 12 1 1 9 12 1 1 10 12 1 1 10 12 1 10 12 1 10 12 1 9 12 1 10 12 1 3 10 7 12 1 1 9 100 12 1 1 1 10 12 1 10 12 1 10 12 1 1 1 1 1 1 1 1 1 1 1 1 1 1 1 1 1 1 1 1 1 1 1 1 1 1 1 1 1 1 1 1 1 100 1 1 100 1 1
instanceKlass javax/swing/GroupLayout$SequentialGroup
instanceKlass javax/swing/GroupLayout$ParallelGroup
ciInstanceKlass javax/swing/GroupLayout$Group 1 1 204 7 1 9 7 12 1 1 1 10 7 12 1 1 1 7 1 10 9 12 1 1 10 12 1 1 10 12 1 1 7 1 10 12 1 10 12 1 1 7 1 10 12 1 11 7 12 1 1 1 11 12 1 1 11 12 1 1 10 12 1 1 7 1 10 12 1 1 9 12 1 1 10 12 1 3 11 12 1 1 10 12 1 1 10 12 1 10 12 1 1 10 12 1 1 10 12 1 10 12 1 1 10 12 1 10 12 1 10 12 1 9 12 1 100 1 10 10 12 1 10 12 1 11 12 1 10 12 1 10 10 12 1 10 12 1 1 10 12 1 10 12 1 1 10 7 12 1 1 1 1 1 1 1 1 1 1 1 1 1 1 1 1 1 1 1 1 1 1 1 1 1 1 1 1 1 1 1 1 1 1 1 1 1 1 1 1 1 1 1 1 1 100 1 100 1 1 1 1 1 1 1 1 1
staticfield javax/swing/GroupLayout$Group $assertionsDisabled Z 1
ciMethod javax/swing/GroupLayout$SequentialGroup operator (II)I 774 0 5792 0 104
ciMethodData java/util/ArrayList get (I)Ljava/lang/Object; 2 32419 orig 80 0 0 0 0 0 0 0 0 0 0 0 0 0 0 0 0 0 0 0 0 0 0 0 0 0 0 0 0 0 0 0 0 0 0 0 0 0 0 0 0 0 0 0 0 0 0 0 0 0 0 0 0 0 0 0 0 0 0 0 0 0 0 0 0 0 0 0 0 0 0 0 0 0 0 0 0 0 0 0 0 data 18 0x50002 0x7ea3 0xb0005 0x0 0x27a5903ef48 0x7ea3 0x0 0x0 0x0 0x0 0x0 0x0 0x0 0x0 0x9 0x2 0x0 0x0 oops 1 4 java/util/ArrayList methods 0
ciMethodData java/util/Objects checkIndex (II)I 2 39455 orig 80 0 0 0 0 0 0 0 0 0 0 0 0 0 0 0 0 0 0 0 0 0 0 0 0 0 0 0 0 0 0 0 0 0 0 0 0 0 0 0 0 0 0 0 0 0 0 0 0 0 0 0 0 0 0 0 0 0 0 0 0 0 0 0 0 0 0 0 0 0 0 0 0 0 0 0 0 0 0 0 0 data 12 0x30002 0x9a1f 0x0 0x0 0x0 0x0 0x0 0x0 0x9 0x2 0x0 0x0 oops 0 methods 0
ciMethodData java/util/ArrayList elementData (I)Ljava/lang/Object; 2 33101 orig 80 0 0 0 0 0 0 0 0 0 0 0 0 0 0 0 0 0 0 0 0 0 0 0 0 0 0 0 0 0 0 0 0 0 0 0 0 0 0 0 0 0 0 0 0 0 0 0 0 0 0 0 0 0 0 0 0 0 0 0 0 0 0 0 0 0 0 0 0 0 0 0 0 0 0 0 0 0 0 0 0 data 8 0x0 0x0 0x0 0x0 0x9 0x2 0x0 0x0 oops 0 methods 0
ciMethodData javax/swing/GroupLayout$Spring constrain (I)I 2 36626 orig 80 0 0 0 0 0 0 0 0 0 0 0 0 0 0 0 0 0 0 0 0 0 0 0 0 0 0 0 0 0 0 0 0 0 0 0 0 0 0 0 0 0 0 0 0 0 0 0 0 0 0 0 0 0 0 0 0 0 0 0 0 0 0 0 0 0 0 0 0 0 0 0 0 0 0 0 0 0 0 0 0 data 12 0x30002 0x8f12 0x0 0x0 0x0 0x0 0x0 0x0 0x9 0x2 0x0 0x0 oops 0 methods 0
ciMethodData javax/swing/GroupLayout$Group getSpring (I)Ljavax/swing/GroupLayout$Spring; 2 27647 orig 80 0 0 0 0 0 0 0 0 0 0 0 0 0 0 0 0 0 0 0 0 0 0 0 0 0 0 0 0 0 0 0 0 0 0 0 0 0 0 0 0 0 0 0 0 0 0 0 0 0 0 0 0 0 0 0 0 0 0 0 0 0 0 0 0 0 0 0 0 0 0 0 0 0 0 0 0 0 0 0 0 data 22 0x50005 0x0 0x27a5903ef48 0x6c00 0x0 0x0 0xa0004 0x30f0 0x27a5934cf98 0x2857 0x27a5934d048 0x12b9 0x0 0x0 0x0 0x0 0x0 0x0 0x9 0x2 0x0 0x0 oops 3 2 java/util/ArrayList 8 javax/swing/GroupLayout$ComponentSpring 10 javax/swing/GroupLayout$AutoPreferredGapSpring methods 0
ciMethodData javax/swing/GroupLayout$Spring getPreferredSize (I)I 2 12548 orig 80 0 0 0 0 0 0 0 0 0 0 0 0 0 0 0 0 0 0 0 0 0 0 0 0 0 0 0 0 0 0 0 0 0 0 0 0 0 0 0 0 0 0 0 0 0 0 0 0 0 0 0 0 0 0 0 0 0 0 0 0 0 0 0 0 0 0 0 0 0 0 0 0 0 0 0 0 0 0 0 0 data 26 0x60007 0x260f 0x80 0xaf6 0xd0005 0x598 0x27a5934cf98 0x388 0x27a5934d048 0x1d6 0x100005 0x598 0x27a5934cf98 0x388 0x27a5934d048 0x1d6 0x0 0x0 0x0 0x0 0x0 0x0 0x9 0x2 0x0 0x0 oops 4 6 javax/swing/GroupLayout$ComponentSpring 8 javax/swing/GroupLayout$AutoPreferredGapSpring 12 javax/swing/GroupLayout$ComponentSpring 14 javax/swing/GroupLayout$AutoPreferredGapSpring methods 0
ciMethodData javax/swing/GroupLayout$Group getSpringSize (Ljavax/swing/GroupLayout$Spring;II)I 2 7522 orig 80 0 0 0 0 0 0 0 0 0 0 0 0 0 0 0 0 0 0 0 0 0 0 0 0 0 0 0 0 0 0 0 0 0 0 0 0 0 0 0 0 0 0 0 0 0 0 0 0 0 0 0 0 0 0 0 0 0 0 0 0 0 0 0 0 0 0 0 0 0 0 0 0 0 0 0 0 0 0 0 0 data 46 0x10008 0x8 0x0 0xe0 0x92f 0x50 0xb94 0x80 0x89f 0xb0 0x1e0005 0x4fd 0x27a59352190 0xfd 0x27a5934cf98 0x335 0x240005 0x874 0x27a595cba90 0x1ae 0x27a595cb9e0 0x172 0x2a0005 0x485 0x27a59352190 0xfd 0x27a5934cf98 0x31d 0x310007 0x0 0x30 0x0 0x380002 0x0 0x0 0x0 0x0 0x0 0x0 0x0 0x9 0x4 0x0 0x0 0x0 0x0 oops 6 12 javax/swing/GroupLayout$GapSpring 14 javax/swing/GroupLayout$ComponentSpring 18 javax/swing/GroupLayout$ParallelGroup 20 javax/swing/GroupLayout$SequentialGroup 24 javax/swing/GroupLayout$GapSpring 26 javax/swing/GroupLayout$ComponentSpring methods 0
ciMethodData javax/swing/GroupLayout$Spring getMinimumSize (I)I 2 10659 orig 80 0 0 0 0 0 0 0 0 0 0 0 0 0 0 0 0 0 0 0 0 0 0 0 0 0 0 0 0 0 0 0 0 0 0 0 0 0 0 0 0 0 0 0 0 0 0 0 0 0 0 0 0 0 0 0 0 0 0 0 0 0 0 0 0 0 0 0 0 0 0 0 0 0 0 0 0 0 0 0 0 data 26 0x60007 0x1bf8 0x80 0xdab 0xd0005 0x50d 0x27a5934cf98 0x714 0x27a595cb9e0 0x18a 0x100005 0x606 0x27a5934cf98 0x714 0x27a59352190 0x91 0x0 0x0 0x0 0x0 0x0 0x0 0x9 0x2 0x0 0x0 oops 4 6 javax/swing/GroupLayout$ComponentSpring 8 javax/swing/GroupLayout$SequentialGroup 12 javax/swing/GroupLayout$ComponentSpring 14 javax/swing/GroupLayout$GapSpring methods 0
ciMethodData javax/swing/GroupLayout$Spring getMaximumSize (I)I 2 9343 orig 80 0 0 0 0 0 0 0 0 0 0 0 0 0 0 0 0 0 0 0 0 0 0 0 0 0 0 0 0 0 0 0 0 0 0 0 0 0 0 0 0 0 0 0 0 0 0 0 0 0 0 0 0 0 0 0 0 0 0 0 0 0 0 0 0 0 0 0 0 0 0 0 0 0 0 0 0 0 0 0 0 data 26 0x60007 0x1758 0x80 0xd27 0xd0005 0x4b3 0x27a5934cf98 0x714 0x27a595cb9e0 0x160 0x100005 0x582 0x27a5934cf98 0x714 0x27a59352190 0x91 0x0 0x0 0x0 0x0 0x0 0x0 0x9 0x2 0x0 0x0 oops 4 6 javax/swing/GroupLayout$ComponentSpring 8 javax/swing/GroupLayout$SequentialGroup 12 javax/swing/GroupLayout$ComponentSpring 14 javax/swing/GroupLayout$GapSpring methods 0
ciMethodData javax/swing/GroupLayout$SequentialGroup operator (II)I 2 5405 orig 80 0 0 0 0 0 0 0 0 0 0 0 0 0 0 0 0 0 0 0 0 0 0 0 0 0 0 0 0 0 0 0 0 0 0 0 0 0 0 0 0 0 0 0 0 0 0 0 0 0 0 0 0 0 0 0 0 0 0 0 0 0 0 0 0 0 0 0 0 0 0 0 0 0 0 0 0 0 0 0 0 data 23 0x20005 0x0 0x27a595cb9e0 0x151d 0x0 0x0 0x70005 0x0 0x27a595cb9e0 0x151d 0x0 0x0 0x0 0x0 0x0 0x0 0x0 0x0 0x9 0x3 0x0 0x0 0x0 oops 2 2 javax/swing/GroupLayout$SequentialGroup 8 javax/swing/GroupLayout$SequentialGroup methods 0
ciMethodData javax/swing/GroupLayout$Group calculateSize (II)I 2 5206 orig 80 0 0 0 0 0 0 0 0 0 0 0 0 0 0 0 0 0 0 0 0 0 0 0 0 0 0 0 0 0 0 0 0 0 0 0 0 0 0 0 0 0 0 0 0 0 0 0 0 0 0 0 0 0 0 0 0 0 0 0 0 0 0 0 0 0 0 0 0 0 0 0 0 0 0 0 0 0 0 0 0 data 104 0x40005 0x0 0x27a5903ef48 0x1457 0x0 0x0 0xb0007 0x1457 0x20 0x0 0x120007 0x12dd 0x80 0x17a 0x180005 0x0 0x27a595cb9e0 0x97 0x27a595cba90 0xe3 0x1d0005 0x0 0x27a595cb9e0 0x97 0x27a595cba90 0xe3 0x260005 0x26 0x27a595cb9e0 0x944 0x27a595cba90 0x973 0x2b0005 0x26 0x27a595cb9e0 0x944 0x27a595cba90 0x973 0x310005 0x26 0x27a595cb9e0 0x944 0x27a595cba90 0x973 0x360005 0x26 0x27a595cb9e0 0x944 0x27a595cba90 0x973 0x390005 0x26 0x27a595cb9e0 0x944 0x27a595cba90 0x973 0x3c0005 0x26 0x27a595cb9e0 0x944 0x27a595cba90 0x973 0x470007 0x12dd 0xf8 0x23f9 0x520005 0x8 0x27a595cb9e0 0x216f 0x27a595cba90 0x282 0x570005 0x8 0x27a595cb9e0 0x216f 0x27a595cba90 0x282 0x5a0005 0x8 0x27a595cb9e0 0x216f 0x27a595cba90 0x282 0x5d0005 0x8 0x27a595cb9e0 0x216f 0x27a595cba90 0x282 0x650003 0x23f9 0xffffffffffffff20 0x0 0x0 0x0 0x0 0x0 0x0 0x9 0x3 0x0 0x0 0x0 oops 25 2 java/util/ArrayList 16 javax/swing/GroupLayout$SequentialGroup 18 javax/swing/GroupLayout$ParallelGroup 22 javax/swing/GroupLayout$SequentialGroup 24 javax/swing/GroupLayout$ParallelGroup 28 javax/swing/GroupLayout$SequentialGroup 30 javax/swing/GroupLayout$ParallelGroup 34 javax/swing/GroupLayout$SequentialGroup 36 javax/swing/GroupLayout$ParallelGroup 40 javax/swing/GroupLayout$SequentialGroup 42 javax/swing/GroupLayout$ParallelGroup 46 javax/swing/GroupLayout$SequentialGroup 48 javax/swing/GroupLayout$ParallelGroup 52 javax/swing/GroupLayout$SequentialGroup 54 javax/swing/GroupLayout$ParallelGroup 58 javax/swing/GroupLayout$SequentialGroup 60 javax/swing/GroupLayout$ParallelGroup 68 javax/swing/GroupLayout$SequentialGroup 70 javax/swing/GroupLayout$ParallelGroup 74 javax/swing/GroupLayout$SequentialGroup 76 javax/swing/GroupLayout$ParallelGroup 80 javax/swing/GroupLayout$SequentialGroup 82 javax/swing/GroupLayout$ParallelGroup 86 javax/swing/GroupLayout$SequentialGroup 88 javax/swing/GroupLayout$ParallelGroup methods 0
compile javax/swing/GroupLayout$Group calculateSize (II)I -1 4 inline 44 0 -1 0 javax/swing/GroupLayout$Group calculateSize (II)I 1 4 0 java/util/ArrayList size ()I 1 24 0 javax/swing/GroupLayout$Group getSpring (I)Ljavax/swing/GroupLayout$Spring; 2 5 0 java/util/ArrayList get (I)Ljava/lang/Object; 3 5 0 java/util/Objects checkIndex (II)I 3 11 0 java/util/ArrayList elementData (I)Ljava/lang/Object; 1 38 0 javax/swing/GroupLayout$Group getSpring (I)Ljavax/swing/GroupLayout$Spring; 2 5 0 java/util/ArrayList get (I)Ljava/lang/Object; 3 5 0 java/util/Objects checkIndex (II)I 3 11 0 java/util/ArrayList elementData (I)Ljava/lang/Object; 1 43 0 javax/swing/GroupLayout$Group getSpringSize (Ljavax/swing/GroupLayout$Spring;II)I 2 42 0 javax/swing/GroupLayout$Spring getMaximumSize (I)I 3 16 0 javax/swing/GroupLayout$Spring constrain (I)I 2 36 0 javax/swing/GroupLayout$Spring getPreferredSize (I)I 3 16 0 javax/swing/GroupLayout$Spring constrain (I)I 2 30 0 javax/swing/GroupLayout$Spring getMinimumSize (I)I 3 16 0 javax/swing/GroupLayout$Spring constrain (I)I 1 49 0 javax/swing/GroupLayout$Group getSpring (I)Ljavax/swing/GroupLayout$Spring; 2 5 0 java/util/ArrayList get (I)Ljava/lang/Object; 3 5 0 java/util/Objects checkIndex (II)I 3 11 0 java/util/ArrayList elementData (I)Ljava/lang/Object; 1 54 0 javax/swing/GroupLayout$Group getSpringSize (Ljavax/swing/GroupLayout$Spring;II)I 2 42 0 javax/swing/GroupLayout$Spring getMaximumSize (I)I 3 16 0 javax/swing/GroupLayout$Spring constrain (I)I 2 36 0 javax/swing/GroupLayout$Spring getPreferredSize (I)I 3 16 0 javax/swing/GroupLayout$Spring constrain (I)I 2 30 0 javax/swing/GroupLayout$Spring getMinimumSize (I)I 3 16 0 javax/swing/GroupLayout$Spring constrain (I)I 1 60 0 javax/swing/GroupLayout$Spring constrain (I)I 1 82 0 javax/swing/GroupLayout$Group getSpring (I)Ljavax/swing/GroupLayout$Spring; 2 5 0 java/util/ArrayList get (I)Ljava/lang/Object; 3 5 0 java/util/Objects checkIndex (II)I 3 11 0 java/util/ArrayList elementData (I)Ljava/lang/Object; 1 87 0 javax/swing/GroupLayout$Group getSpringSize (Ljavax/swing/GroupLayout$Spring;II)I 2 42 0 javax/swing/GroupLayout$Spring getMaximumSize (I)I 3 16 0 javax/swing/GroupLayout$Spring constrain (I)I 2 36 0 javax/swing/GroupLayout$Spring getPreferredSize (I)I 3 16 0 javax/swing/GroupLayout$Spring constrain (I)I 2 30 0 javax/swing/GroupLayout$Spring getMinimumSize (I)I 3 16 0 javax/swing/GroupLayout$Spring constrain (I)I 1 90 0 javax/swing/GroupLayout$SequentialGroup operator (II)I 2 2 0 javax/swing/GroupLayout$Spring constrain (I)I 2 7 0 javax/swing/GroupLayout$Spring constrain (I)I 1 93 0 javax/swing/GroupLayout$Spring constrain (I)I
